pair_id,resume_id,jd_id,track_resume,track_jd,resume_text,jd_text,resume_skills,jd_skills,exp_years_resume,exp_years_req,edu_resume,edu_req,skill_score,experience_score,education_score,bert_proxy,ats_proxy,label_match,competence_level,competence_label,split,source,kaggle_category,reviewer_label_match,reviewer_competence,reviewer_notes
PK004439,K01479,J00121,other,frontend,"         FINANCE MANAGER       Summary     Skilled Operations Manager talented at improving team performance through innovative management techniques. Offers thoughtful, comprehensive and constructive feedback to staff members to promote productivity and company loyalty.        Highlights          Operations Management  Customer Relations  Purchasing & Procurement  Fleet Management  Budgeting & Forecasting  Audits  Logistics  Accounting  P&L Management  Business Development  Quality Assurance & Control  Collection Management  Proficient in MS Excel, MS Access, MS Project, Quicken, MS PowerPoint, Inoviswork, SAP, Oracle ERP, Kronos              Accomplishments            Increased output by  32 % through  reorganization of locations to maximize efficiency.      Reduced staff turnover by 45% in one year by implementing several well-received team and morale-building programs.    Qualified location for 2 million dollar remodel by increasing sales 30% through retraining of sales team   Created critical KPIs to track and improve on-time delivery, customer issues and safety statistics.     Boosted customer satisfaction ratings by  40 % in under  4  months.          Experience     03/2016   to   Current     Finance Manager    Company Name   －   City  ,   State      Partner with Product Management and Purchasing Team in determining financial impact due to product cost reductions, new product roll out, etc.   Performed financial statement audits of security broker dealers for purposes of SEC/FINRA purposes.     Completed monthly, quarterly and annual bank reconciliations for 11 small companies.    As appropriate, based on findings make proposal for operational changes (policy, procedures, processes, etc.) Fulfill responsibilities under OHSAS 18001, understand and fully support OHSAS 18001 system.         02/2013   to   03/2016     District Manager    Company Name   －   City  ,   State      Determine the hiring needs of the store, interview prospects, and bring on board store associates that will work courteously, efficiently, and effectively to meet the store's operational goals.   Developed and managed annual operating budgets for 4 locations in the division.      Recruited, hired and trained  20  new employees for District Management and  Store Management           Ensure operational policies and procedures are adhered to by all store personnel.         06/2010   to   11/2012     Operations  Manager    Company Name   －   City  ,   State      Enhance the operational procedure, systems and principles in the areas of information flow and management, business processes and enhanced management reporting   Organize and intensify efficiency support services by ameliorating functions and coordinating communication between businesses and support functions   Perform a meaningful role in long-term planning and establishment initiatives aimed at operational distinction   Supervise overall planning systems, financial management and control Organizing the budget of the company in collaboration with the director.         06/2001   to   06/2010     General Manager    Company Name   －   City  ,   State      Increased profits by 20% in first year, resulting in one of the best possible ROI's.  Cut cost of goods sold by 13% by negotiating lower freight rates and increasing standards of product quality.  Identified need for comprehensive business management solutions.  Developed training program for new employees that company implemented nation wide.          Education      2008     Bachelor of Arts  :   Political Science    Grand Valley State University   －   City  ,   State             2012     J.D.  :   Criminal Law    Duke University Law School   －   City  ,   State              Skills    Accounting, Budgeting, budgets, budget, Business Development, business management, business processes, business solutions, Customer Relations, ERP, financial, financial management and control, Forecasting, hiring, inventory, Kronos, Logistics, director, management reporting, MS Access, MS Excel, MS PowerPoint, MS Project, negotiating, Operations Management, Oracle, Organizing, personnel, policies, processes, Procurement, Product Management, progress, proposal, Purchasing, quality, Quality Assurance, Quicken, sales, SAP   ","Job Title: Frontend Developer
Requirements: Strong background in css, express, html, react.
Experience: Minimum 2 years of relevant experience required.
Education: Relevant practical experience valued; no strict degree requirement.
",oracle,css;express;html;react,0,2,bachelor,none,0.0,0.0,100.0,36.15,24.04,0,0,Weak,train,kaggle,FINANCE,,,
PK005816,K01938,J00061,other,frontend,"         CONSTRUCTION WORKER           Summary    A motivated hard working individual that is willing to learn and accomplish any task that is giving to me, I've always been dependable and reliable. Motivated to get along well with others and exceed expectations. Thrives in a fast-paced environment and works to complete projects quickly and efficiently. Experienced Construction Laborer knowledgeable about the tools, materials and methods used in road construction.
Highlights Demolition          Asphalt Excellent driving record Strong communication skills OSHA Certified Construction Workers Union Local 265      Accomplishments      Residential construction Sandbagging Traffic Control Laying the liner.  Accomplishments Lead a crew of 6 general construction laborers workers for a year.          Experience      Construction Worker    March 2012   to   October 2014     Company Name   －   City  ,   State      Planted Plants in the ground at the Cincinnati city parks, Cleaned the parks.          Construction Worker    March 2008   to   March 2012     Company Name   －   City  ,   State      Flagged Traffic and set traffic control.          Construction Worker    August 2005   to   February 2008     Company Name   －   City  ,   State      General Cleaning the college dorms out for the year.  Helping the foreman out when he needed me to assist him with the ceiling tile.          Construction worker/ Painter    June 2005   to   Current     Company Name   －   City  ,   State      Painting, Cleaning up some remolding houses and apartment's.          Skills    Painting      Education      High School Diploma   :     1 1985    West Fulton High School   －   City  ,   State  ,   United States            Drexel J. Thrash Training Center               ","Job Title: Frontend Developer
Requirements: Strong background in angular, css, express, github, react, typescript, vue.
Experience: Minimum 2 years of relevant experience required.
Education: Bachelor's degree in Computer Science or related field required.
",,angular;css;express;github;react;typescript;vue,0,2,bachelor,bachelor,0.0,0.0,100.0,41.09,25.27,0,0,Weak,train,kaggle,CONSTRUCTION,,,
PK002225,K00741,J00164,other,fullstack,"         ENUMERATOR       Summary    Recent graduate with BA in Business Administration looking to obtain a position as an Administrative Assistant in which my organizational abilities can be fully utilized. Hard working and goal-oriented professional with four years of experience seeking a to achieve career growth where I will get an opportunity to utilize my skills and abilities in handling the clerical and administrative support work, and activities.      Highlights          Time Management  SAP and SRM  Cash Request / Cash handling  Check Request  Purchase Orders   Microsoft Office: Word, Excel, PowerPoint, Outlook.  Data Entry  Filing and Maintaining Records  Account receivable and Payment posting  Timekeeping  Calendar Maintains              Accomplishments     Received a merit raise for strong attention to detail, exemplary customer service and team-player attitude.        Experience     04/2016   to   Current     Enumerator    Company Name   -   City  ,   State      Collect demographic, economic and housing data on behalf of the U.S.  Census Bureau.  Responsible for canvassing neighborhoods, then documenting and reporting the information.  Conducts surveys about the U.S.  population, economy, governments and communities.  Responsible for verifying household addresses and ensuring that all maps and address lists are correct.  All collected census information, as well as documentation of hours, miles and expenses encountered Assist residents by reading forms and answering questions about the census.         10/2015   to   03/2016     Healthcare Advocate    Company Name   -   City  ,   State      Respond to and resolve on the first call, customer service inquires and issues by identifying the topic and type of assistance the caller needs such as benefits, eligibility and claims, financial spending accounts and correspondence.  Help guide and educate customers about the fundamentals and benefits of consumer-driven health care topics to include managing their health and well-being by selecting the best benefit plan options, maximizing the value of their health plan benefits and choosing a quality care provider Intervene with care providers (doctor's offices) on behalf of the customer to assist with appointment scheduling or connections with internal specialists for assistance when needed Assist customers in navigating myuhc.com and other UnitedHealth Group websites and encourage and reassure them to become self-sufficient Owned problem through to resolution on behalf of the customer in real time or through comprehensive and timely follow-up with the member Research complex issues across multiple databases and work with support resources to resolve customer issues and/or partner with others to resolve escalated issues Provide education and status on previously submitted pre-authorizations or pre-determination requests Meet the performance goals established for the position in the areas of: efficiency, call quality, customer satisfaction, first call resolution and attendance.         02/2013   to   10/2015     Receptionist II    Company Name   -   City  ,   State      Performed varies administrative tasks requiring the exercise of discretion and judgment and provided administrative support to faculty and staff in the Critical Care Department.  Greets visitors and directs them to the appropriate staff.  Initiates purchase orders, and travel reimbursements in SAP.  Answered the telephone and assists callers; reads and routes incoming mail.  Overseen the filing and maintenance of correspondence and other records, and entered, tracked and maintained timesheets for division employees and faculty.  Strong proficiency in Excel (pivot tables/data creating and formatting) for reports.  Maintained and provided assistance with the interpretation of various reports and forms.  Developed and maintained databases, data forms, and progress reports.  Flexible, highly organized, productive, & possess exceptional time management skills.  Experience with manuscript preparation and Endnotes with attention to detail and accuracy.         11/2012   to   01/2013     Front office Assistant    Company Name   -   City  ,   State      Greeted patients.  Answering multi-line phone and route to appropriate department.  Scheduling and conforming the appointments.  Registering new patients.  Updated records for established patients.          Education     05/2016     Bachelor of Business Administration  :   Healthcare Management    American InterContinental University   -   City  ,   State      Healthcare Management       04/2011     Medical Billing and Coding                  HIPAA Privacy & Security Certification      Sanford Brown College   -   City  ,   State             06/2010     Certified Nursing Assistant 									08/2010
Aids for Home and Healthcare 								Pasadena, TX      Alief Hasting High School                  Languages    Fluent  in Spanish      Skills    administrative, administrative support, attention to detail, benefits, Cash handling, com, Critical Care, customer satisfaction, Customer Service, Data Entry, databases, documentation, Filing, financial, forms, interpretation, managing, Medical Billing, Excel, mail, Microsoft Office, Outlook, PowerPoint, Word, Nursing, pivot tables, Coding, progress, quality, reading, real time, reporting, Research, SAP, Scheduling, Fluent  in Spanish, surveys, telephone, phone, Time Management, type, websites   ","Job Title: Full Stack Developer
Requirements: Strong background in aws, docker, javascript, node, python.
Experience: Minimum 2 years of relevant experience required.
Education: Master's degree in Computer Science or related field required.
",,aws;docker;javascript;node;python,0,2,bachelor,master,0.0,0.0,0.0,40.94,10.23,0,0,Weak,test,kaggle,HEALTHCARE,,,
P002174,R00543,J00090,devops,backend,"Summary: Software engineer with 6 years of experience building scalable applications.
Technical Skills: aws, docker, gcp, git, sql.
Experience: Total of 6 years experience in software development and team collaboration.
Education: B.Tech in Computer Science.
","Job Title: Backend Developer
Requirements: Strong background in aws, django, docker, mysql, postgresql.
Experience: Minimum 2 years of relevant experience required.
Education: Master's degree in Computer Science or related field required.
",aws;docker;gcp;git;sql,aws;django;docker;mysql;postgresql,6,2,bachelor,master,40.0,100.0,0.0,61.89,51.47,0,1,Average,val,synthetic,,,,
P002587,R00646,J00106,frontend,frontend,"Summary: Motivated engineer with 1 years of experience across full project lifecycles.
Technical Skills: angular, css, github, html, react, typescript.
Experience: 1 years of professional experience including design, testing and deployment.
Education: Bachelor of Science in Information Technology.
","Job Title: Frontend Developer
Requirements: Strong background in express, git, html, javascript.
Experience: Minimum 3 years of relevant experience required.
Education: Bachelor's degree in Computer Science or related field required.
",angular;css;github;html;react;typescript,express;git;html;javascript,1,3,bachelor,bachelor,25.0,33.33,100.0,52.62,44.82,0,0,Weak,val,synthetic,,,,
P002370,R00592,J00106,data_ml,frontend,"Summary: Motivated engineer with 1 years of experience across full project lifecycles.
Technical Skills: docker, git, mysql, pandas, postgresql, pytorch, scikit-learn, sql.
Experience: Worked for 1 years as a software engineer delivering production systems.
Education: BCA in Computer Applications.
","Job Title: Frontend Developer
Requirements: Strong background in express, git, html, javascript.
Experience: Minimum 3 years of relevant experience required.
Education: Bachelor's degree in Computer Science or related field required.
",docker;git;mysql;pandas;postgresql;pytorch;scikit-learn;sql,express;git;html;javascript,1,3,bachelor,bachelor,25.0,33.33,100.0,49.56,44.06,0,0,Weak,val,synthetic,,,,
PK000748,K00249,J00109,fullstack,fullstack,"    Objective    To obtain a position in the information technology, personnel development, or computer science field to help manage, develop, and support projects and individuals.           ADJUNCT INFORMATION TECHNOLOGY INSTRUCTOR       Experience      Adjunct Information Technology Instructor   01/2014   to   Current     Company Name   City  ,   State       Taught courses concerning the Python, Visual Basic, and C# programming languages.  Sat on CIT advisory board committee to improve and recruit students to the KCTCS CIT program.          Information Technology Instructor and School Technology Coordinator   11/2011   to   Current     Company Name   City  ,   State       Responsible for meeting the educational needs of high school students.Instructed classes concerning A+ certification, Cisco certification, web design, programming, game design, and help desk.  Taught programming courses concerning C#, Python, Java, and Javascript programming language, as well as taught various web frameworks.  STC support staff for CTE Unit to meet staff's technological needs including LMS support, teacher technology training, and maintaining school website.  Developed mobile applications with student body to meet district needs.  Supervisor of internally ran Help Desk, support ticket maintenance, and department head of technology troubleshooting for staff.            Geek Squad Agent   04/2007   to   09/2010     Company Name   City  ,   State        Set up, tested and configured networks, desktops, laptops and printers.     Coordinated hardware and software repair processes with outside vendors.        Trained  new employees in effective diagnostic and repair procedures.          Analyzed software, hardware and network systems for various transmission systems.        Configured and installed routers, switches and wireless controllers.            Education      Master of Science  :   Computer Information Systems   2015       Murray State University   City  ,   State       Project Management and Data Analysis Emphasis        Master of Arts  :   Education   2013       Murray State University   City  ,   State       Educational Technology Emphasis        Bachelor of Science  :   Education   2011       Murray State University   City  ,   State        Middle School Science and Social Studies Emphasis  GPA: 3.69         Information Technology Certifications      Comptia - Strata IT Fundamentals  Microsoft Technology Associate - Network Fundamentals  Microsoft Technology Associate - Windows O.S. Fundamentals  Microsoft Technology Associate - Software Development   Microsoft Technology Associate - Web Development         Skills      Google and Microsoft suite experience through coursework and classroom implementation.  Familiar with both the educational and information technology fields.  Experience in both project management and educating teachers on the use of technology in the classroom .         Awards / Recognition / Volunteer Work       Kentucky Colonel Award   HCHS Curriculum Committee - Vice Chair    Cum Laude - Murray State University					     May 2011      ","Job Title: Full Stack Developer
Requirements: Strong background in aws, docker, javascript, react.
Experience: Minimum 5 years of relevant experience required.
Education: PhD or doctorate preferred.
",c;c#;java;javascript;python,aws;docker;javascript;react,0,5,master,phd,25.0,0.0,0.0,59.01,24.75,0,0,Weak,train,kaggle,INFORMATION-TECHNOLOGY,,,
P001824,R00456,J00126,frontend,frontend,"Summary: Results-driven developer with 4 years of hands-on industry experience.
Technical Skills: css, express, git, javascript, linux, typescript.
Experience: Total of 4 years experience in software development and team collaboration.
Education: PhD in Machine Learning.
","Job Title: Frontend Developer
Requirements: Strong background in angular, css, html, node, typescript, vue.
Experience: Minimum 2 years of relevant experience required.
Education: Bachelor's degree in Computer Science or related field required.
",css;express;git;javascript;linux;typescript,angular;css;html;node;typescript;vue,4,2,phd,bachelor,33.33,100.0,100.0,67.43,65.19,1,1,Average,train,synthetic,,,,
P002879,R00719,J00174,fullstack,fullstack,"Summary: Software engineer with 2 years of experience building scalable applications.
Technical Skills: aws, docker, express, git, linux, mongodb, node, python, react, sql, typescript.
Experience: 2 years of professional experience including design, testing and deployment.
Education: Master of Science in Data Science.
","Job Title: Full Stack Developer
Requirements: Strong background in aws, express, node, python, react, sql.
Experience: Minimum 5 years of relevant experience required.
Education: Bachelor's degree in Computer Science or related field required.
",aws;docker;express;git;linux;mongodb;node;python;react;sql;typescript,aws;express;node;python;react;sql,2,5,master,bachelor,100.0,40.0,100.0,100.0,88.0,1,3,Strong,train,synthetic,,,,
PK001562,K00520,J00055,other,backend,"         COURT APPOINTED SPECIAL ADVOCATE FOR ABUSED AND NEGLECTED CHILDREN       Summary     Highly-motivated Licensed Social Worker with 7 years of experience working with children and adolescents in various environments. seeks to advocate, connect and collaborate with individuals and their families to help them overcome barriers that affect their daily life.            Highlights          Emergency response training  Suicide risk assessments  Basic Cardiac Life Support (BCLS) Certified  .Case management        . Excellent in organization and documentation   Creating and following treatment plans  .Collaborative   .Culturally competent             Experience     September 2013   to   Current     Company Name    City  ,   State    Court appointed special advocate for abused and neglected children         Collaborated with Guardian ad Litem's, Child protective service workers, Mental health professionals, teachers and parents    Maintained monthly contact with my client and their families.  Evaluated and addressed individual client needs and concerns.  Wrote court reports and case plans  Maintained thorough case history records and wrote detailed reports.  Managed caseloads and acted as an advocate for client rights..         February 2013   to   Current     Company Name    City  ,   State    Emergency Medical Technician and Social Worker volunteer        Assist with community public education  Support prevention efforts   Assist with local and major disasters  Attend trainings and education seminars          September 2015   to   May 2015     Company Name    City  ,   State    Social work Intern        Semiweekly, worked under the indirect supervision of the school social worker.  Conducted individual and group counseling and provided crisis management.   Attended both IEP and staff meetings and worked collaboratively with teachers and parents.   Individually created, followed and maintained intervention plans and kept detailed narrative reports of my client interactions.   Assisted students with setting up outside resources and participated in risk assessments.  Practiced cognitive behavioral and motivational enhancement techniques.   Maintained a caseload of 10-15 clients, working under strict deadlines.          September 2015   to   May 2015     Company Name    City  ,   State    Social Worker Intern        Once a week  interned at the elementary school with the school social worker for 7 hours.  My responsibilities included individual counseling, group counseling, creating and following treatment plans, following behavioral plans, emotional support, and attending IEP meetings.  Presented case history material for review and discussion with other staff members.  Evaluated and addressed individual client needs and concerns.         September 2014   to   May 2015     Company Name    City  ,   State    Social Work Intern        Under the indirect supervision of the school social worker, once a week for an hour, I provided individual counseling.  In addition I helped create personal plans of action in order for students to concentrate better while in the school environment.         January 2009   to   January 2013     Company Name    City  ,   State    Child Care        Provided daily summer and after school care for a young boy who has an autism spectrum disorder    Completed summer school and regular school assignments, visited educational and physical fitness facilities, and assisted with behavior and emotional problems.  Designed an effective behavioral modification program.          September 2011   to   May 2012     Company Name    City  ,   State    Hippotherapy volunteer         Accompanied occupational therapists in guiding medically challenged children during their Hippotherapy sessions.         September 2011   to   December 2011     Company Name    City  ,   State    Research Intern         Interned at Settlement Music school with a research team from West Chester University, assessing the correlation of poverty and learning.  .Collected and maintained data.   .Collaborated with teachers and staff around student schedules.   .Assisted teachers with daily classroom activities.          September 2009   to   August 2011     Company Name    City  ,   State    Girl Scout Leader        Effectively coordinated and led Daisy Girl Scout troops for several years and assisted them through the moving up ceremonies.  .Created lesson and activity plans.  .Collaborated with parents.          February 2008   to   February 2010     Company Name    City  ,   State    Foster care assistant        Assisted with the care of 3 medical and special needs children, within the foster system.  Effectively maintained and fed 2 children through a Gastrostomy tube.  .Provided respite care for a child with autism and a heart defect           Education     2015     West Chester University   City  ,   State      Social Work    Master of Social Work      Education in program evaluation and policy analysis  Continuing education in Recognizing and reporting child abuse   Cognitive Behavioral Therapy coursework  Structural Family Therapy seminar  Cognitive processing Therapy   Trauma informed education  Acceptance and Commitment Therapy         2013     West Chester University   City  ,   State      Psychology    Bachelor of arts       Deans List     Admitted to honorary society     Member of Autism Speaks U group           2011     Delaware County Community College   City  ,   State      Psychology    Associates of Psychology      Presidents honor list  Admitted to honorary society           Skills      Compassionate    Active listener   Experienced in working with individuals and groups  Independent   Strong communicator  Knowledge of child development   Self-Awareness  Empathy   Boundary Setting   Time-management        ","Job Title: Backend Developer
Requirements: Strong background in aws, flask, java, linux, python, spring boot.
Experience: Minimum 4 years of relevant experience required.
Education: Master's degree in Computer Science or related field required.
",,aws;flask;java;linux;python;spring boot,7,4,master,master,0.0,100.0,100.0,36.73,44.18,0,0,Weak,train,kaggle,ADVOCATE,,,
PK005880,K01960,J00058,devops,devops,"         SR. ESTIMATOR-BAS CONSTRUCTION SALES           Summary    9+ years of professional working experience in energy solution consulting and performance contracting, HVAC estimating & designing in buildings & industrial sector. Experience of 3 years in project development, presenting and managing the implementation of innovative energy business solutions. Working knowledge in designing & preparing energy solutions for large complex projects. Total projects worked for fiscal year 2014 exceeds $30 million. Excellent working relationships within the different business units. Working knowledge of Variable Frequency drives, PLC systems and other automations used in industry. Actively Involved in Networking Chapter in Boston area like National Association of Women In Construction, Mass Building Congress, American Society for Precision Engineering Obtain a challenging position that will allow me to utilize my educational attainment and professional experience in Energy Engineering, Project Engineering, Building Energy Systems, Energy Conservation, Renewable Energy and Energy Management of residential, commercial, healthcare, data center and industrial facilities.         Accomplishments      Awarded as most interactive person across all business units in India by Schneider  Honeywell's BRAVO Award for the successful commissioning of the Alarm Management Suite at IPCL, Baroda or the first time in India  Energy Management Professional Certified by Schneider University  Framed out the processes and templates for new energy business unit in Schneider India  Active Volunteer in CSR activities in Schneider for social cause  Initiated selling of the energy conservation solutions to clients showing savings and ROI  Individually worked out and framed a clear- cut procedure for Installation & Commissioning of MS SQL based Alarm Management Suite and defined the procedure for healthy communication of Alarm Management Suite with Honeywell Systems & various Third Party DCS / PLC's        Experience      Sr. Estimator-BAS Construction Sales    August 2015   to   Current     Company Name   －   City  ,   State     - 01810, USA ➢ Key responsible person for designing & estimating of HVAC proposals on Studio 360 related to capital construction and renovation projects ($40M estimation volume YtD) by supporting Sales team and validating the proposals with operations teams ➢ Generate an average of $2M estimate per month for Building-Construction business ➢ Responsible for negotiating with sub-contractors and vendors to ensure accurate scope and cost projections. ➢ Qualify engineering drawings & specifications. ➢ Working with the operations team to validate proposed solutions and to develop Branch Estimate Library on Studio 360 ➢ Produce accurate & through takeoffs, including pricing of work         Project Engineer     Company Name   －   City  ,   State    56&57, Hadapsar Industrial Estate, Pune- 411 013, India ➢ Responsible for Project Planning, Collection of User requirements, System Design & Testing, Execution and System Maintenance. ➢ Worked as Project engineering After Marketing Service Group for projects involving Dual redundant and single system of Honeywell's DCS & PLC based control system for various process industries. ➢ Responsible for design, Development and Testing of DCS, PLC, and SCADA programs for the Honeywell Systems. ➢ Responsible for Installation, Configuring and Maintenance of Real time Servers and Networking under Windows.        Sales Engineer     Company Name        , Phase II, Gurgaon -122002, Haryana, India ➢ Worked on energy performance contracts and energy proposals worth more than 40 million dollars for various facilities including hospital, correctional facilities, office buildings, colleges, IT/ITES buildings, commercial buildings, retail sector and industrial facilities. ➢ Prepared energy solutions for more than 50 projects and surveyed almost 40 projects for preliminary & detailed energy assessment for identifying energy conservation measures (ECMS). ➢ Prepared and helped the implementation team in execution of Performance Contracting projects of values almost 5 million dollar. ➢ Key responsible person for identifying, designing & implementation of Energy Conservation Measures across 20 identified Schneider Offices in India. ➢ Supported BD/Sales and energy auditors for solution designing and development of standard energy conservation solutions for building & industrial sector. ➢ Main responsibilities includes identify the energy conservation measures, development of the detailed scope of work for each measures, walkthrough with vendors and subcontractor to price each measures, preparation of the estimated costing and contract documents, preparation of the sequence of operation for the retrofit equipment, review of all the submittals documents, provide technical assistance during the construction phase, commission of the system and measurement and verification of each measures. Siemens Building Technologies Pvt. Ltd., 49, Eldams Road, Teynampet, Chennai- 600 018, India ➢ Worked on designing of systems, preparation of technical bids, quotations, offers of complete systems comprising of Building Management System, Fire Protection and Electronic Security ➢ Pre-sales and front end sales activities including customer relationship building, negotiations. ➢ Grabbed IBMS orders of around $2 million. ➢ Worked extensively on designing of Building Management systems for HVAC for different buildings like hotels, commercial buildings, IT/ITES etc.        Assistant Manager-Energy Solutions    July 2010   to   May 2013     Company Name   －   City  ,   State     Schneider Electric India Pvt. Ltd, 9th Floor, DLF Building No.10, Tower C,         Education      Bachelor of Instrumentation Engineering   :   Instrumentation Engineering  ,   2006-12-31    Maharishi Markendeshwar Engineering College          Bachelor of Instrumentation Engineering, -Degree Received: December 31, 2006 Maharishi Markendeshwar Engineering College, Mullana India. May 09,2002-July 21, 2006.        Affiliations    Actively Involved in Networking Chapter in Boston area like National Association of Women In Construction, Mass Building Congress, American Society for Precision Engineering      Certifications    Energy Management Professional Certified by Schneider University.       Skills    Sales, Proposals, Solutions, Commercial Buildings, Million, Sales And, Contracts, Ecms, Energy Conservation, Energy Solutions, Industrial Facilities, Retail, Retail Marketing, Retrofit, Technical Assistance, Instrumentation, Long-term Disability, Ltd, Engineer, Hvac, Collection, Maintenance, Marketing, Networking, Project Engineer, Project Planning, Real Time, Scada, Testing, Estimating, Estimation, Estimator, Operations, Pricing, Sales Team, Takeoffs, Fire Protection, Front End, Quotations, Relationship Building, Sales Activities, Sales Engineer, Security, Siemens, Award, Clients, Csr, Energy Management, Project Development, Roi, Selling Of, Sql   ","Job Title: DevOps Engineer
Requirements: Strong background in azure, docker, git, github, kubernetes, linux, sql.
Experience: Minimum 3 years of relevant experience required.
Education: Bachelor's degree in Computer Science or related field required.
",sql,azure;docker;git;github;kubernetes;linux;sql,9,3,bachelor,bachelor,14.29,100.0,100.0,59.67,55.63,0,1,Average,train,kaggle,CONSTRUCTION,,,
P001106,R00276,J00040,frontend,backend,"Summary: Recent graduate seeking entry-level opportunity with strong project work.
Technical Skills: git, github, html, javascript, node, react.
Experience: Academic projects and internships covering design and implementation.
Education: Bachelor of Science in Information Technology.
","Job Title: Backend Developer
Requirements: Strong background in django, docker, git, java, mongodb, spring, spring boot.
Experience: Minimum 4 years of relevant experience required.
Education: Bachelor's degree in Computer Science or related field required.
",git;github;html;javascript;node;react,django;docker;git;java;mongodb;spring;spring boot,0,4,bachelor,bachelor,14.29,0.0,100.0,45.38,32.06,0,0,Weak,val,synthetic,,,,
P001243,R00310,J00043,backend,devops,"Summary: Software engineer with 4 years of experience building scalable applications.
Technical Skills: aws, docker, fastapi, java, linux, mysql, postgresql, spring.
Experience: Worked for 4 years as a software engineer delivering production systems.
Education: Bachelor of Science in Information Technology.
","Job Title: DevOps Engineer
Requirements: Strong background in azure, gcp, git, kubernetes, linux, python.
Experience: Minimum 1 years of relevant experience required.
Education: Bachelor's degree in Computer Science or related field required.
",aws;docker;fastapi;java;linux;mysql;postgresql;spring,azure;gcp;git;kubernetes;linux;python,4,1,bachelor,bachelor,16.67,100.0,100.0,49.15,53.95,0,1,Average,train,synthetic,,,,
PK004184,K01394,J00096,other,frontend,"         MANAGER/PIZZA CHEF       Summary       Expert in managing kitchen staff and preparing foods at reduced cost without compromising quality and taste.     Skilled Pizza Chef with exceptional knowledge of baking times, methods, temperatures and flavors. Understands proper function and maintenance of all pizza utensils and equipment.   Pizza Chef possessing an innate skill in creating exceptional menu items. Leads productive working environments.    Motivated Pizza Chef  offering over 30 years experience in the food industry. Focused on high standards for taste and quality, while maintaining profitable margins. Superior communication and leadership skills.    Flexible person who excels in a fast-paced environment looking for a position with growth opportunities.    Outgoing and familiar with cash and food handling procedures. Possesses strong communication and time management skills.    Meticulous and excellent at juggling multiple tasks and working under pressure. Broad industry experience.    Experienced and professional with strong leadership and relationship-building skills.       Highlights          Quick problem solver  Thrives in fast-paced environment  Committed team player  Courteous, professional demeanor      Able to work in continuously-standing position    Prefer to work nights and weekends  Assumes 100% responsibility for quality of products            Experience      Manager/Pizza chef   01/1989   －   04/2007     Company Name     City  ,   State       Made gourmet Pizza, neapolitan pizza, pan pizza, sicilian stromboli, calzone, insideout pizza, bolibuns, garlic knots, Helped with fryer and grill when needed.  Inventoried and restocked items throughout day.  Developed and maintained positive working relationships with others to reach business goals.  Routinely cleaned work areas, glassware and silverware throughout each shift.  Skillfully promoted items on beverage lists and restaurant specials.  Developed and maintained positive working relationships with others to reach business goals.  Inventoried and restocked items throughout day.  Verified cash drawer against the day's receipts.  Restocked, refilled condiments, organized pantry area and swept and mopped floors.  Assertively upsold beverages, appetizers and desserts.  Assisted co-workers whenever possible.  Operated all kitchen equipment adeptly.  Stocked and maintained cleanliness of stations.          Cashier   05/2008   －   02/2013     Company Name     City  ,   State       Cashier,hogies and steaks.* Consistently provided professional, friendly and engaging service.  Skillfully promoted items.  Routinely supported other areas of the restaurant as requested, including answering telephones and completing financial transactions for other staff.  Demonstrated genuine hospitality while greeting and establishing rapport with guests.  Provided friendly and attentive service.  Verified cash drawer against the day's receipts.  Maintained complete knowledge of restaurant menu.  Assisted with guest inquiries, take-out orders and restaurant cleanliness.  Operated all kitchen equipment adeptly.  Routinely removed trash and debris from restaurant.  Stocked and maintained cleanliness of stations.             01/1985   －   Current       House painter Painted surfaces using brushes, spray guns and paint rollers.  Applied putty, wood filler, spackling and caulks to prep uneven surfaces.  Mixed and matched paints according to customer specifications.  Applied primer, paints, varnishes and lacquers to walls and surfaces.  Protected all surfaces with drop cloths prior to and during painting.  Applied exterior caulking to building joints and seams.  Performed flat glass repairs and minor structural repairs to concrete and wood decks, window trim, windows and door casings.  Minimized disruption of client space and thoroughly cleaned up after the completion of each job.  Taped around windows and fixtures prior to painting walls.  Painted indoor areas such as hallways, bathrooms and lobbies.  Cleaned and properly stored all paint equipment and supplies at the end of each work day.  Bid on projects, prepped the sites and completed the projects in line with customer specifications.  Cleaned the exterior of buildings using a motorized power washer.  Prepared trim, walls and ceilings for painting by cleaning, smoothing and priming.  Climbed scaffolding, staging, ladders and planks to reach work area surfaces.  Worked a flexible schedule, including some holidays and weekends, depending on the shifting needs of each project.  Selected the proper amount and type of thinners and accelerant to be used for each specific job.  Applied paint with cloth, brush, sponge and fingers to create special effects.  Completed tear-down of existing structures and prepared for new construction.  Accurately estimated time and materials costs for projects.  Requisitioned new supplies and equipment.  Cleared drains and downspouts and cleaned gutters.  Loaded and unloaded building materials used for construction.  Set ladders, scaffolds and hoists in place for taking supplies to roofs.  Sprayed walls with waterproof compound.  Blended paints and correctly matched colors.  Installed waterworks.          Education       1986   High School Diploma  :  South Philadelphia High School      City  ,   State              Skills       Quick problem solver  Thrives in fast-paced environment  Committed team player  Courteous, professional demeanor   Able to work in continuously-standing position    Prefer to work nights and weekends  Assumes 100% responsibility for quality of products    ","Job Title: Frontend Developer
Requirements: Strong background in express, git, react, typescript.
Experience: Minimum 1 years of relevant experience required.
Education: PhD or doctorate preferred.
",,express;git;react;typescript,30,1,bachelor,phd,0.0,100.0,0.0,39.88,29.97,0,0,Weak,train,kaggle,CHEF,,,
P001576,R00394,J00174,fullstack,fullstack,"Summary: Software engineer with 3 years of experience building scalable applications.
Technical Skills: docker, express, git, javascript, node, python, react, typescript.
Experience: Total of 3 years experience in software development and team collaboration.
Education: BCA in Computer Applications.
","Job Title: Full Stack Developer
Requirements: Strong background in aws, express, node, python, react, sql.
Experience: Minimum 5 years of relevant experience required.
Education: Bachelor's degree in Computer Science or related field required.
",docker;express;git;javascript;node;python;react;typescript,aws;express;node;python;react;sql,3,5,bachelor,bachelor,66.67,60.0,100.0,74.27,72.23,1,2,Good,train,synthetic,,,,
P003065,R00766,J00106,frontend,frontend,"Summary: Software engineer with 6 years of experience building scalable applications.
Technical Skills: angular, css, html, javascript, linux, node, react, sql, typescript, vue.
Experience: Worked for 6 years as a software engineer delivering production systems.
Education: Bachelor of Science in Information Technology.
","Job Title: Frontend Developer
Requirements: Strong background in express, git, html, javascript.
Experience: Minimum 3 years of relevant experience required.
Education: Bachelor's degree in Computer Science or related field required.
",angular;css;html;javascript;linux;node;react;sql;typescript;vue,express;git;html;javascript,6,3,bachelor,bachelor,50.0,100.0,100.0,75.91,73.98,1,2,Good,test,synthetic,,,,
PK004639,K01546,J00095,other,backend,"         DEALERSHIP FINANCE MANAGER         Experience      Dealership Finance Manager  ,     03/2011  
                            to   Current     Company Name   –   City  ,
                          State      Oversaw credit department staff.  Maintained ongoing communications with clients.  Worked to resolve credit and financing issues.  Identified new business prospects.  Developed strategies with sales managers.  Established credit and financing policies and procedures.  Reviewed and approved loan applications in a timely manner.         Dealership Finance Manager  ,     11/2006  
                            to   03/2011     Company Name   –   City  ,
                          State      Processed credit and loan applications.  Prepared and analyzed credit reports.  Evaluated contracts and loan agreements.  Maintained customer database.         Dealership Finance Manager  ,     02/2003  
                            to   11/2006     Company Name   –   City  ,
                          State      Reviewed credit and loan applications.  Prepared monthly and quarterly financial reports.  Negotiated financing and credit terms with customers.  Ensured compliance with all applicable financial regulations.         Education      Associate's Degree  :   Accounting  ,
                          2002     University of California   -   City  ,
                              State    Accounting       Bachelor of Science  :   Finance  ,
                          2005     University of California   -   City  ,
                              State    Finance Want more? Check out our other examples.   See More Examples       Summary    Seasoned Dealership Finance Manager with a sound knowledge of the auto industry. Adept at evaluating credit requests
preparing and analyzing financial reports and preparing loan agreements. Specialize in quickly dealing with customer
credit and financing issues in a timely courteous manner.
Core Qualifications
· Extensive understanding of credit and financing issues
· Comprehensive knowledge of credit and loan evaluation procedures
· Sound understanding of generally accepted accounting principles
· Ability to motivate staff and increase productivity
· Proficient in the use of MS Office applications including Excel and MS Word
· Adept at preparing financial reports and statements and analysis reports
· Solid problem solving and communications skills      Skills    contracts, credit, clients, database, financing, financial, financial reports, policies, sales   ","Job Title: Backend Developer
Requirements: Strong background in flask, java, mysql, postgresql, spring boot.
Experience: Minimum 2 years of relevant experience required.
Education: Bachelor's degree in Computer Science or related field required.
",,flask;java;mysql;postgresql;spring boot,0,2,bachelor,bachelor,0.0,0.0,100.0,37.58,24.39,0,0,Weak,train,kaggle,FINANCE,,,
P000305,R00076,J00026,frontend,frontend,"Summary: Software engineer with 1 years of experience building scalable applications.
Technical Skills: express, git, html, javascript, linux, vue.
Experience: Worked for 1 years as a software engineer delivering production systems.
Education: M.Tech in Software Engineering.
","Job Title: Frontend Developer
Requirements: Strong background in angular, css, github, html, javascript, react, vue.
Experience: Minimum 2 years of relevant experience required.
Education: Relevant practical experience valued; no strict degree requirement.
",express;git;html;javascript;linux;vue,angular;css;github;html;javascript;react;vue,1,2,master,none,42.86,50.0,100.0,66.64,58.8,0,1,Average,train,synthetic,,,,
PK006968,K02322,J00012,frontend,data_ml,"         CO- FOUNDER/THERAPIST AND TEACHING ARTIST       Summary     Mental Health Counselor specializing in  Art and Play Therapies . Responsible self-starter who communicates well and is dedicated to improving the well-being of clients.  Mental health professional driven to help others overcome personal obstacles. Comfortable working autonomously or in a team-based setting.    Clinically certified Mental Health Therapist skilled at motivating, communicating and advocating for clients dealing with mental health and emotional disorders. Expert in DBT and psychotherapy.   Seasoned mental health practitioner with demonstrated track record of successfully working with diverse client populations in one-on-one and group settings.   Skilled Therapist with expertise on the identification and management of youth mental illnesses. Seasoned mental health practitioner with demonstrated track record of successfully working with diverse client populations in one-on-one and group settings.   Mental health professional driven to help others overcome personal obstacles. Comfortable working autonomously or in a team-based setting.         Skills          Knowledge of the ins and outs of Child Protective Services (CPS)   Practiced in family assessments     Family therapy aptitude       Therapeutic expertise         Specialized training in grief counseling           Family therapy background             Parenting skills educator         Community resources specialist  Suicide precautions expertise  Suicide risk assessments      Suicide risk assessments  Superior communication skills   Medicaid familiarity    Psychiatric population familiarity  Outreach programming specialist  Solution-focused counseling   Extensive DSM-IV knowledge    Clinical documentation mastery  Exceptional problem solver  Member of the National Association of Social Workers (N.A.S.W.)  Mood disorders specialist  Dual diagnosis expertise            Experience     August 2014   to   October 2015     Company Name   City  ,   State     Co- Founder/Therapist and Teaching Artist       Served as lead clinician for patients with bipolar, depression, anxiety and personality disorders.    Referenced and used various therapy techniques, including psychodynamic, family systems, cognitive behavioral and lifespan integration psychotherapy.    Consulted with and developed appropriate treatment and rehabilitation plans for dually diagnosed patients.    Recorded comprehensive patient histories and coordinated treatment plans with multi-disciplinary team members.    Diagnosed mental health, emotional and substance abuse disorders.    Executed appropriate risk-assessment and mitigation strategies.    Developed comprehensive treatment plans for patients diagnosed with opioid addiction.    Led patients in individual, family, group and marital therapy sessions.    Evaluated patients to determine potential need to transfer to specialized inpatient mental health facilities.    Assisted clients in scheduling home visits and phone calls and monitored effectiveness of these activities.    Guided clients in understanding illnesses and treatment plans.    Developed appropriate policies for the identification of medically-related social and emotional needs of clients.    Created and reviewed master treatment and discharge plans for each client.    Referred clients to other programs and community agencies to enhance treatment processes.    Organized treatment projects that focused on problem solving skills and creative thinking.    Consulted with psychiatrists about client medication changes, issues with medicine compliance and efficacy of medications.    Worked with parents and teachers to implement consistent behavior therapy techniques at home and school.    Taught clients anger management techniques, relaxation skills, impulse control, social skills, emotional coping skills and functional living skills.    Developed comprehensive treatment plans that focused on accurate diagnosis and behavioral treatment of problems.    Interacted with clinical staff and external resources such as school or community personnel.    Collaborated closely with treatment team to appropriately coordinate client care services.    Conducted outreach, advocacy and rehabilitative services for regular cases and crisis intervention.    Documented all patient information including service plans, treatment reports and progress notes.    Efficiently gathered information from families and social services agencies to inform development of treatment plans.    Conducted comprehensive initial in-home psychosocial assessments prior to first wraparound meetings.    Quickly responded to crisis situations when severe mental health and behavioral issues arose.    Effectively managed time and caseloads based on  50  sessions per week.    Checked facility for open windows, locked doors, malfunctioning smoke detectors and other safety hazards.    Charted and recorded information in client files.         June 2012   to   March 2014     Company Name   City  ,   State     CPS Specialist III             August 2008   to   May 2011     Company Name   City  ,   State     Therapist        Effectively managed time and caseloads based on  50  sessions per week.       Charted and recorded information in client files.       Tracked client movement on and off the unit by documenting times and destinations of clients.      Quickly responded to crisis situations when severe mental health and behavioral issues arose.        Conducted comprehensive initial in-home psychosocial assessments prior to first wraparound meetings.        Efficiently gathered information from families and social services agencies to inform development of treatment plans.         Documented all patient information including service plans, treatment reports and progress notes.        Conducted outreach, advocacy and rehabilitative services for regular cases and crisis intervention.        Collaborated closely with treatment team to appropriately coordinate client care services.        Interacted with clinical staff and external resources such as school or community personnel.        Developed comprehensive treatment plans that focused on accurate diagnosis and behavioral treatment of problems.       Taught clients anger management techniques, relaxation skills, impulse control, social skills, emotional coping skills and functional living skills.        Worked with parents and teachers to implement consistent behavior therapy techniques at home and school.        Consulted with psychiatrists about client medication changes, issues with medicine compliance and efficacy of medications.        Organized treatment projects that focused on problem solving skills and creative thinking.        Referred clients to other programs and community agencies to enhance treatment processes.        Created and reviewed master treatment and discharge plans for each client.    Guided clients in understanding illnesses and treatment plans.        Developed appropriate policies for the identification of medically-related social and emotional needs of clients.        Assisted clients in scheduling home visits and phone calls and monitored effectiveness of these activities.        Evaluated patients for psychiatric services and psychotropic medications.    Monitored patients prescribed psychotropic medications to assess the medications' effectiveness and side effects.        Evaluated patients to determine potential need to transfer to specialized inpatient mental health facilities.        Administered medication to patients presenting serious risk of danger to themselves and others.        Conducted psychiatric evaluations and executed medication management for both inpatient and outpatient facilities.        Led patients in individual, family, group and marital therapy sessions.        Developed comprehensive treatment plans for patients diagnosed with opioid addiction.        Executed appropriate risk-assessment and mitigation strategies.    Diagnosed mental health, emotional and substance abuse disorders.             Education and Training     2020     Northcentral University   City  ,   State  ,   USA     Ph.D.  :   Education    Specialization in Special Education       2017     Colorado Technical University   City  ,   State  ,   USA     Master of Science  :   Homeland Security      Specialization in Emergency Management and Public Health      Public Health and Disaster medicine coursework         2012     University of Southern California   City  ,   State  ,   USA     Master of Arts  :   Teaching     Specialization in Multiple Subject Education   Coursework in English as a Second Language, Elementary, and Special Education         2008     University of Pennsylvania   City  ,   State  ,   USA     Masters of  :   Social Work    Specializations in Developmental Disabilities, Macro, and School Social Practice with  Coursework in Psychology, Social Work, Counseling, Human Services,  Marriage and Family Therapy and Child Development            2006     Rutgers University   City  ,   State  ,   USA     Bachelor of Arts  :   Urban Studies      Specializations in Voluntary Action, Civic, and Non-Profit Leadership.      Minor in  Art History   Recipient of James M. Gaffney Award   Member of  Student Government Association, National Coalitions Building Institute Campus Affiliate and the Rotoract  Club                Accomplishments     Effectively managed caseloads of more than  100  clients at any given time.   Member of the National Association of Social Workers (N.A.S.W. since 2008  Won the  Rutgers University  faculty  Urban Studies Research  Award.          Awards     James M. Gaffney Award, 2006           Dissertation      Dissertation: ________________________examines the different approaches to _______________________________.       M.A.T. Thesis: Saxon Math examines the different approaches as to whether a standards based math curriculum is written to met the needs of all students.     Undergraduate Thesis: Developing the Youth of Northern Ireland examines the ways in which Youth are actively engaged in Civil Society in Northern Ireland and the European Union             Publications     Technical Reports:  Oster, K.W. (2012). Saxon Mathematics and its Effects on Learning. M.A.T. Dissertation. Rossier School of Education, University of Southern California.  Oster, K.W. (2006). Developing the Youth of Londonderry.  Undergraduate Dissertation. College of Arts and Sciences, Rutgers University.         Skills        Public Relations Software: Bacon's Mediasource, Factiva  Desktop Publishing Software: Photoshop, Illustrator, HTML   Healthcare: intravenous therapy, MEDISOFT, computerized charting, STD counseling, breastfeeding educator People skills: great bedside manner, enthusiastic people person, advanced problem-solving, great organizational skills       ","Job Title: ML Engineer
Requirements: Strong background in mysql, pandas, postgresql, python, scikit-learn, sql.
Experience: Minimum 3 years of relevant experience required.
Education: Master's degree in Computer Science or related field required.
",html,mysql;pandas;postgresql;python;scikit-learn;sql,0,3,master,master,0.0,0.0,100.0,49.59,27.4,0,0,Weak,train,kaggle,ARTS,,,
PK003660,K01220,J00094,fullstack,fullstack,"         CONSULTANT ACCOUNT       Summary    This letter is to express my interest in your          . I believe that my skills and qualifications make me a viable candidate for this opportunity. Below is a brief summary of my skill set for your consideration. I am confident that my experience and professional dedication will enable me to provide your organization with the skills you expect from your staff. I look forward to meeting you. I can be contacted at 404      Skills          PROFESSIONAL SUMMARY  Experienced, results oriented Customer Service Supervisor with a proven record of achieving business goals and objectives. Adept at communicating with all levels of management, sales, and internal departments to coordinate overall customer experience efforts. Demonstrate success implementing and executing key projects.  Leadership (14 years)  Process Improvement  Proven Project Management Skills (1 year)  Strategic Account Planning  Manage Cross Functional Teams  Strong Analytical Skills  Customer Experience/Retention  Excellent Negotiation Skills              Experience      Consultant Account   12/2014   to   Current     Company Name      Responsible for strategic and tactical execution of project management initiatives that support the account management workgroup.  Define project scope, goals and deliverables that support business goals in collaboration with leadership and key stakeholders.  Drive online portal utilization strategies and approaches to increase business automation.  Launched a Core Team to the promote business automation - up 20 points (Q1 44% - Q2 64%) Drive and evaluate best practices and determine approaches for customer relationships.  Driving record breaking results for Customer Loyalty Index (South #1 at 9.73%) and a record breaking survey score for the South's Net Promoter Score of 83% Drive and evaluate ways to minimize churn, to protect Verizon's customer base Audit and Certify action plan initiative that will drive the desired results Collaborate with field partners to drive opportunities and penetration into VES accounts Proactively conduct analysis to identify root causes and data trends across key account management metrics.  Verizon Business & Government Customer Operations Supervisor Account Management (Global Enterprise Advisors.             09/2013   to   12/2014     Company Name   City  ,   State       Define, develop and implement strategic account plans encompassing AR reduction, business automation utilization, monthly audits and proactive servicing.  Led Self-Serve Execution team for the South Area (Initiative) Communicate with customers, management and internal departments to coordinate account projects as outlined in strategic account plan.  Delivered strong engagement at the account level and was able to overcome substantial opportunities with inherited relationships;  88%  Customer Relationship Survey  1H2014  - Top Supervisor Team Net Promoter Score of 87% 2H2014 Professional experience continued Novella Walton Phone: 404-556-7261   Email: Novella.Walton@VerizonWireless.com          Page 2 of  2 Lead and direct forward thinking Global Enterprise Advisor team in servicing fortune 100 customers.  Assisting Sales to renew existing contracts, introducing new services via migrations.  Strong 2Q Leadership Net Promoter Score improvement, from 69% to 100%  June and July Manage and provide sales and services for 15 key enterprise contracts representing an $8-10 million revenue base.          Supervisor Account   05/2011   to   09/2013     Company Name      Provide support to internal and external customers through equipment order processing and account maintenance transactions for National, Major, and SMB Accounts.  Partnering with the Business Sales Channel to service our customers, assist with escalations, and handle large research requests as required.  The focus is to complete all requests sent through Workflow Manager with accuracy and in a timely manner ensuring commitment times to our customers are maintained.  This role will provide online support as needed and will answer all account, equipment ordering, and My BIZ/VEC related questions.          National Account Business Service Center Supervisor   03/2005   to   05/2011     Company Name   City  ,   State       Responsible for working with peers to provide alternative to successfully increase quality and productivity measures.  Implemented strategies to reduce churn to <>  Offer alternatives scripting to increase customer satisfaction and net promoter scores.  Interface with training to identify training needs and assign to SMEs (subject matter experts).  Monitor and track phone team's performance through intraday reporting and systems.  Evaluate individual performance through daily interactions, audits, monitoring and feedback.          Education and Training      Bachelor of Arts  :   Communications   1984       Mercer University   City  ,   State       Communications        Skills    Account Management, Process Improvement, Sales        Additional Information      Awards and Recognitions 2006 Top Team Award (August and October) Ranked  #1 of  17 Supervisory Teams 2006 4th Quarter Leader 2009 Winner's Circle Award (Alltel Migration) Projects Strategic Churn Reduction Team Center Champion for the release and implementation of  OneSource S.E.L.F (Supervisor Enrichment Leadership Fundamentals) Alltel Migration Project NSA Account Team Supervisor          June 2004 - Mar 2005 Consumer Support / CMA Supervisor          May 2000 - June 2004      ","Job Title: Full Stack Developer
Requirements: Strong background in aws, git, mongodb, node, python, react, sql.
Experience: Minimum 2 years of relevant experience required.
Education: Bachelor's degree in Computer Science or related field required.
",express,aws;git;mongodb;node;python;react;sql,14,2,bachelor,bachelor,0.0,100.0,100.0,48.06,47.01,0,0,Weak,test,kaggle,CONSULTANT,,,
P000112,R00028,J00033,devops,devops,"Summary: Results-driven developer with 4 years of hands-on industry experience.
Technical Skills: gcp, git, kubernetes, linux, sql.
Experience: Worked for 4 years as a software engineer delivering production systems.
Education: B.Tech in Computer Science.
","Job Title: DevOps Engineer
Requirements: Strong background in gcp, git, kubernetes, linux.
Experience: Minimum 3 years of relevant experience required.
Education: Bachelor's degree in Computer Science or related field required.
",gcp;git;kubernetes;linux;sql,gcp;git;kubernetes;linux,4,3,bachelor,bachelor,100.0,100.0,100.0,97.95,99.49,1,3,Strong,train,synthetic,,,,
PK000576,K00192,J00070,backend,backend,"         PRINCIPLE DESIGNER / OWNER       Professional Summary     Interior Designer with a distinct understanding of spatial theory who harbors an exceptional design instinct and is uniquely attuned to the importance of materiality, lighting, composition and the overall design process.       Core Qualifications          Drafting           Space planning            Interior architectural detailing  Color and material application   Proficient with furniture systems   Concept development       Proficient in AutoCAD  Graphic presentations  Product specifications            Skills    3D, Approach, Art, AGENCY, AutoCAD, Basic, budgets, budget, Color, Concept, Concept development, content, Council, client, clients, direction, documentation, Drafting, fast, floor plans, Graphic, HVAC, Instructor, interior
design, Interior Design, Lighting, access, Window, Plumbing, presentations, Design Process, Space planning, specification, Teaching, vision, written      Accomplishments     Lighting Designer and Project Manager for David A Mintz Inc., a former May Company consulting firm. Developed and designed all lighting for Robinson-May, Fashion Valley Mall and Foley's, Scottsdale Fashion Square Mall. Assisted in the development and design of various Hecht's, Kaufmann's, Strawbridge's, and Lord and Taylor department store lighting, while simultaneously completing and meeting all deadlines for several large-scale successful projects.   Successfully completing graduate school by I writing thesis underlining the theoretical concept of spatial theory.        Experience     08/2011   to   Current     Principle Designer / Owner    Company Name   －   City  ,   State     Designed floor plans, elevations, and 3D perspective views and material boards for both in-house review and presentation to the client. Programmed client's need from schematic design to the construction document phase and installation. Created professional presentations to creatively communicate design intent and direction. Participated in furniture selection and documentation of the specifications. Maintained accurate specifications for each project. Ensured that the project vision and design intent were reflected. Visited home sites when necessary to assess and fulfill customer needs. Successfully assisted clients in choosing furnishings that were consistent with their preferences and budget. Produced content for material boards and specification binders for presentation and construction. Reviewed project costs, budgets and adherence to schedules.        10/2005   to   09/2011     Principle Designer/Owner    Company Name   －   City  ,   State     Designed floor plans, elevations,and material boards for both in-house review and presentation to the client. Programmed client's need from schematic design to the construction document phase and installation.  Created professional presentations to creatively communicate design intent and direction. Participated in furniture selection and documentation of the specifications. Maintained accurate specifications for each project. Ensured that the project vision and design intent were reflected.Visited home sites when necessary to assess and fulfill customer needs. Produced content for material boards and specification binders for presentation and construction. Developed interior design concepts and prepared interior systems and finishes. Reviewed project costs, budgets and adherence to schedules.        07/1997   to   07/2005     CAD Operator/Designer    Company Name   －   City  ,   State     CAD Operator/Designer for a fast paced New York City MEP firm. Electrical (Power & Lighting), Plumbing, Sprinklers. and some HVAC. Worked closely with Senior Engineers, Architects, and Interior Designers.  Filled in wherever needed.        10/1995   to   04/1997     Lighting Designer    Company Name   －   City  ,   State     Developed and designed overall and specialty lighting from conception to completions for the former May Company Stores. Primarily assigned to remodels do to their more complicated nature. Designed floor plans,  elevations and created professional presentations to creatively communicate design intent and direction. Maintained accurate specifications for each project. Visited sites when necessary to assess and fulfill client needs.         Education     2015     Masters of Fine Arts  :   Interior Design    Miami International University of Art and Design   －   City  ,   State  ,   USA    GPA:   GPA: 9      Graduate Magna Cum Laude.   Written thesis underlining the theoretical concepts of spatial theory.  Extensive graduate portfolio elucidating Sublime Design, Historical Preservation/Adaptive Reuse and Sustainability.   Student Teaching:  INTA402 Senior Studio: Miami International University of Art and Design: Spring 2013.   Substitute Teaching:  INTA112 Design Studio 3D Basic: Miami International University of Art and Design: Spring 2014.   Workshop Instructor:  Summer Studio: Miami International University of Art and Design: Summer 2014.        1994     Bachelors of Fine Arts  :   Interior Design    Art Institute of Fort Lauderdale   －   City  ,   State  ,   USA           1993     Associate of Applied Science  :   Interior Design    Art Institute of Colorado   －   City  ,   State  ,   USA     Awarded the Art Institute International Merit Scholarship, 1993.         Professional Affiliations      Active Member  of Interior Design Educators Council (IDEC).   Attendee,  IDEC South Regional Conference 2013,2013 and 2014.   Attendee,  IDEC Annual Conference 2013, 2014 and 2015.   Task Force Member,  Graduate Student Presentation Option for IDEC South Regional Conference.   Room Monitor,  IDEC Annual Conference 2015.   Certificate of Completion  IDCEC Approval Number: SE-100156-159: JID Writers Workshop.   Certificate of Completion  IDCEC Approval Number: SE-1-276-102: 344655-Integrating Non-Design MajorsInot a Fourth Year Design. Crafting a Collaborative Design Process & 344617-Assessment of Millennial Interior Design Students' Perception Concerning Game-Based Learning.   Certificate of Completion  IDCEC Approval Number: SE-10276-106: 344608-Encouraging the extra-ordinary & 344654-Graphic language in the Classroom.   Certificate of Completion  IDCEC Approval Number: SE-10276-110: 344489-Raising the Bar on Pinterest: History of Interiors in a new Context & 344690-Hybrid Spaces of Worship. Muslims in Atlanta.   Certificate of Completion IDCEC  Approval Number: SE-102765-114: 343575-Visual Environmental Attributes Contributing to Wayfinding in Unfamiliar Environments & 3446585-Design for Sight: Typologies inhibiting low vision access to interior spaces.   Certificate of Completion IDCEC  Approval Number: SE-10276-118:  343738-Environmental Satisfaction and human Comfort: Towards a process-oriented and on contextually sensitive theoretical framework & 344662-The Physiological Effects of Window Decal on Pediatric Patients.   Certificate of Completion  IDCEC Approval Number: SE-10276-130: 344645 Agents of Change: Exploring Diversity and Creating Meaningful Learning Experiences Though A Culturally Immersive Studio Project & 343759 - CULTURAL AGENCY: Exploring Perception, Product, and Approach.    ","Job Title: Backend Developer
Requirements: Strong background in git, java, mongodb, postgresql, spring boot.
Experience: Minimum 5 years of relevant experience required.
Education: Bachelor's degree in Computer Science or related field required.
",spring,git;java;mongodb;postgresql;spring boot,0,5,bachelor,bachelor,0.0,0.0,100.0,53.34,28.34,0,0,Weak,test,kaggle,DESIGNER,,,
P002123,R00530,J00044,backend,fullstack,"Summary: Software engineer with 2 years of experience building scalable applications.
Technical Skills: django, docker, flask, git, python, spring, spring boot, sql.
Experience: Total of 2 years experience in software development and team collaboration.
Education: BCA in Computer Applications.
","Job Title: Full Stack Developer
Requirements: Strong background in aws, docker, express, javascript, mongodb, python, sql.
Experience: Minimum 2 years of relevant experience required.
Education: Bachelor's degree in Computer Science or related field required.
",django;docker;flask;git;python;spring;spring boot;sql,aws;docker;express;javascript;mongodb;python;sql,2,2,bachelor,bachelor,42.86,100.0,100.0,66.67,68.81,1,1,Average,test,synthetic,,,,
PK003783,K01261,J00176,frontend,frontend,"         DIRECTOR OF DONOR RELATIONS       Professional Summary     Dynamic leader, with outstanding experience in major gifts, fundraising, event management, donor relations, government and community relations, public relations and marketing, board management and development, and strategic planning.  Adept at motivating and leading staff and promoting an entrepreneurial spirit that thrives through discipline and pragmatic thinking.       Skills          Strong verbal communication  Budgeting and finance  Project management  Process implementation      Extremely organized  Client assessment and analysis  Team leadership  Self-motivated            Work History     03/2016   to   Current     Director of Donor Relations      Company Name   –   City  ,   State      Montclair State University's office of Advancement is tasked with raising funds to further the University's commitment to educate a diverse community of learners through alumni and friends of the University.  Responsible for three direct reports as well as a $1.2 million dollar fundraising budget.  Responsibilities include:  designing, implementing and coordinating an institution-wide comprehensive donor relations and stewardship program that consistently engages and appropriately promotes donors at all levels as well as managing key fundraising events.  Accomplishments: Managed and achieved 100% of Annual Golf Outing goal by engaging more sponsors and reducing costs through collateral cost reduction.  Managed and Achieved 133% of Annual Scholarship Dinner goal, this was done by engaging vendors as sponsors and managing the budget more efficiently, as well as implementing new ways to recognize sponsors.  Implemented efficiencies to manage acknowledgement policies and procedures across the Division and University that were essential for a comprehensive donor relations program.  Designed, documented, and implemented a systematic and integrated donor relations program that encompassed donor cultivation and recognition events, endowed position installations, and building naming dedications.  Responsible for devising and using consistent, accurate, and appropriate information-sharing mechanisms for stewarding prospects and donors.        09/2014   to   03/2016     Director of Development      Company Name   –   City  ,   State      As a Roman Catholic, college preparatory school under the auspices of the Archdiocese of Newark, IHA is committed to graduating savvy, critical thinkers who are confident, independent women are prepared for their futures.  Responsible for $1.2 million dollar department fundraising budget, including participation in budgeting process and monitoring of revenue and expenses.  Managed annual fund, capital campaign, scholarship, marketing initiatives, and stewardship programs and established metrics for review.  Accomplishments: Modernized IHA's external brand recognition, to include new admissions materials, development materials, stewardship report and brand guide.  Manage a staff of 2, who are responsible for donor recognition, acknowledgement process as well as prospect research.  Reengineered annual fund program, increasing net revenue by 45% Designed and implemented long-term advancement plan, including strategies related to the cultivation, solicitation, acknowledgement and ongoing stewardship of individual, corporate and foundation donors and campaigns for capital projects.  Outfitted new STEM classrooms with grant donations from Konica Minolta Achieved 100% of annual capital campaign goal for FY15 Instituted Alumnae giving program, as well as Reunion Giving amongst classes, achieved over 100% of initial goal.  Manage a portfolio of 250+ major gift prospects and have achieved 100%+ of FY15 goal on target to achieve FY16 goals.        10/2013   to   09/2014     Donor Relations Manager      Company Name   –   City  ,   State      Saint Peter's University's office of Advancement is tasked with raising funds to further the University's Jesuit Catholic identity and commitment to educate a diverse community of learners through alumni and friends of the University.  Responsible for $250,000 individual fundraising budget, including participation in budgeting process and monitoring of revenue and expenses.  Managed scholarship reporting, capital campaign, and event programs and established metrics for review.  Oversaw all aspects of donor stewardship, scholarship endowment, portfolio of 100+ prospects and management of the Board of Regents.  Accomplishments: Increased Board of Regents participation within the following priorities: Regents Symposium, Sponsorships, Scholarships, Mentorship, and Internship opportunities.  Liaised with Office of Admissions on their behalf.  Managed a major gifts portfolio of 100+ and achieved 100% of 2014/2015 individual, corporate and foundation goals.  Developed a system to customize relationship management for leadership-level donors, with particular oversight of the University's ""Top 25"" VIP donors.  Work with LGOs to ensure these donors receive appropriate levels of stewardship reporting, recognition and guidance with respect to their interactions with the University.  Managed all donor scholarships, to include tracking of all funds and awards made, donor communication and reporting.  Transformed Scholarship process as it pertains to all stakeholders to include: Donors, Advancement, Finance, Financial Aid and Admissions.  Provided new opportunities for donors to meet scholarship recipients.  Managed the pledge process for the $60 million dollar Student Center imitative.  Bergen County representative for the University at all key opportunities within the region.  Responsible for supervising, creating, executing and overseeing a comprehensive donor acknowledgement, reporting and recognition program, including advising on complex and carefully orchestrated events and programs for the University's donors.        11/2010   to   10/2013     Annual Fund and Special Events Manager      Company Name   –   City  ,   State      Englewood Hospital and Medical Center Foundation raises private funds to further the Medical Center's vision to become the regional leader in providing state-of-the-art compassionate care in a humanistic environment.  Responsible for overseeing all elements of $2.5 million Annual Fund.  Accomplishments: Increased corporate and community sponsorship's of all signature events by 45%.  Managed a major gifts portfolio of 100+ and achieved 100% of 2012 & 2103 individual, corporate and foundation goals. 
Transformed 13 year-old Breast Cancer Walk.  Increased net revenue by 75% in one year.  Established Foundation's first Business Partner Program as well as Physician Partners Program which offered a new revenue stream to augment the Annual Fund.  Manage Annual Fund's donor programs: Leadership Society ($1,000+ individual donors); Business Partner Program and the Physician Partners as well as Caduceus Society; achieved 100% of goal in 2012 and will do so again in 2013.  Achieved 100% of goal for all 2012 and 2013 events, while staying within expense budget.  Manage key volunteer committees for all signature events. 
Implemented annual $3.2 million advertising program  Accomplishments: Provided leadership to key service line representatives, developing dynamic advertising programs to promote hospital and develop new business. 
Managed vendors and established metrics for review on all campaigns.  Negotiated 25 free bus sides/tails for EHMC Foundation to advertise Walk for Awareness Breast Cancer Walk Recipient of 2012 Aster and Jersey Awards for Bariatric and Maternity Ad Campaigns.        04/2010   to   11/2010     Special Events & Annual Fund Manager Marketing Communications Specialist      Company Name   –   City  ,   State         For 100 years, the American Cancer Society has worked relentlessly to save lives and create a world with less cancer and more birthdays.  Together with millions of our supporters worldwide, we help people stay well, help people get well, find cures, and fight back against cancer.        03/2009   to   04/2010     Director of Special Events      Company Name   –   City  ,   State      Managed all annual events within in the North Jersey Region to include Golf Classic, Gala, and Making Strides against Breast Cancer Walk.  Achieved 100% of all goals while staying within expense budget.  I was the first MSABC Walk Director to achieve goal in 6 years, I did this mainly by engaging two additional key sponsors, but more importantly by adding eleven additional ""Pacesetters"" who raise a minimum of $5K each.  Accomplishments: Transformed Making Strides Against Breast Cancer Walk achieving goal of $546,000.  I was the first individual to achieve goal for this event in 6 years.  Recruited two new board members who were instrumental in revitalizing Golf Committee.  Managed small team of direct reports and volunteers.  Established new metrics for review.  Oasis is dedicated to feeding and clothing needy women and children and to offering them educational resources and skills to obtain meaningful employment and to break the cycle of poverty.        01/2006   to   03/2009     Director of Fund Development      Company Name   –   City  ,   State      Responsible for $1.5 million fundraising budget, including participation in budgeting process and monitoring of revenue and expenses.  Managed annual fund, capital campaign and event programs and established metrics for review.  Accomplishments: Achieved ""Charity Navigator, 4 Star Status"" during my tenure.  Modernized Oasis's external brand recognition, to include a new website, a dynamic new social networking presence and many significant press placements including Fox News Channel, New York 1, The Star Ledger, The Record and USA Today.  Closed $500K budget gap through strategic board initiatives.  Achieved 100% of goal on all signature events.  Reengineered direct mail program, increasing net revenue by 25% Established first volunteer special events committee Designed and implemented long-term fund development plan, including strategies related to the cultivation, solicitation, acknowledgement and ongoing stewardship of individual, corporate and foundation donors and campaigns for capital projects.  is a total process approach company and provides the finest marketing support solutions to clients in the forefront of their industries.        11/1997   to   10/2004     Senior Marketing Communications Manager      Company Name   –   City  ,   State      Developed and managed all aspects of client portfolio, to include sales, marketing, branding, trade shows, public relations, web, etc.  Accomplishments: Increased sales portfolio by 75% Achieved sales goals annually Awarded Customer Service Award in 2008 and 2009 Managed and implemented new branding, marketing communications and trade show/event initiatives for existing clientele.  Sony is a diversified global company at the forefront of technological innovation and entertainment.  Sony Electronics is   the sales and marketing arms of Sony's global electronics business.  It is a leading provider of audio/video electronics and information technology products for the consumer and professional markets.        01/2002   to   09/2002     Digital Media Specialist, Senior Marketing Communications Specialist, Senior Market Analyst      Company Name   –   City  ,   State      Implemented online product launches into the B2B & B2C market while executing updates specific to each product line.  Responsible for general production and tradeshow coordination of booth, events, premium items and collateral for multiple business units and managed advertising budgets.  Received Award for the production of the first CDR for largest tradeshow, NAB, which contained all broadcast product collateral.  Managed internal sales award program and ensured confidentiality on highly sensitive information, as well as manage all updates to the programs' website.  Community Hospital committed to being a leader in the community in offering quality healthcare with a commitment to caring.  Corporate Relations, Sales Representative Liaison to physicians, community leaders, government and corporate leaders to secure and gain market share.  Accomplishments: Increased business by 35% in first quarter of 2002 by marketing the services of the hospital to doctor's offices and corporate clients Negotiated all sales contracts with customers at senior management level, and increased profitability by 22%.  Raised funds for health care initiatives and education through corporate solicitation.  Achieved 100% of gross goal for ""Women of the New Millennium"" program as well as the annual gala & golf outing.         Affiliations    Board Member of Julia's Butterfly Foundation, Wyckoff, NJ      Education          B.A  :   Political Science    Montclair State University   -   City  ,   State    Political Science       Skills    Raisers Edge, Donor Perfect, Microsoft Office, Publisher, Adobe Creative Suite: PhotoshopCS3, DreamWeaverCS3, Adobe Writer, HTML, CorelPainter,  SAP, Access   ","Job Title: Frontend Developer
Requirements: Strong background in express, git, html, node, react, typescript, vue.
Experience: Minimum 3 years of relevant experience required.
Education: Bachelor's degree in Computer Science or related field required.
",html,express;git;html;node;react;typescript;vue,100,3,bachelor,bachelor,14.29,100.0,100.0,60.55,55.85,0,1,Average,train,kaggle,DIGITAL-MEDIA,,,
PK006768,K02256,J00091,other,frontend,"         REVOLVING CREDIT SUPPORT SPECIALIST           Professional Background    Energetic, dedicated Support Specialist with strong interpersonal skills and 8+ years of contact center and customer service experience. Proven ability to work effectively with people of various ages, cultural backgrounds, and socio-economic statuses. Financial and Customer Support background and the ability to build new and strengthen existing relationships. Great attitude, strong work ethics and customer focused outlook. Well-developed verbal and written communication skills.      Skill Highlights        Microsoft Office Suite and Outlook              Professional Experience      Revolving Credit Support Specialist    May 2013       Company Name   －   City  ,   State      Identify inefficiencies and make recommendations for process improvements resulting in 20% higher customer satisfaction ratings.  Developed and implemented communication strategies and information programs Help associates identify strengths and weaknesses and implement plan of action to improve their skills Updated departmental standard operating procedures and database to accurately reflect the current practices Act as a Subject Matter Expert regarding bank products, policies and procedures Developed effective relationships with different lines of business through clear communication Assist customer and sales representatives with account inquiries and follow up with maintenance requests Analyzed financial information, obtained from clients, to determine strategies for meeting clients' financial objectives Successfully managed the activities of 45 team members in multiple locations Coordinated with underwriters, loan officers, and operations teams to manage and resolve account concerns Led training programs designed to implement new agent performance management standards for credit center departments.          Revolving Credit Specialist    May 2012   to   May 2013     Company Name   －   City  ,   State      Navigate and maintain extensive research and knowledge of bank products Serviced multiple inbound customer inquiries through different channels Report to immediate manager the learning gaps that associates are challenged with Consistently exceed quality and sales expectations Conducts side by side coaching sessions with associates Organize team huddles for weekly meeting Collected customer feedback and made process changes to exceed customer satisfaction goals.  Assisted with the development of the call center's operations, quality and training processes.  Built customer loyalty by placing follow-up calls for customers who reported product issues.  Developed effective relationships with all call center departments through clear communication.  Analyzed financial information, obtained from clients, to determine strategies for meeting clients' financial objectives Served as liaison between customers, bank personnel and various internal departments.  Team Mentor responsible for coaching and development of both new hire and seasoned associates Trained new hire associates as an On the Job training (OJT) coach.          Relationship Banking Associate    July 2007   to   May 2012     Company Name   －   City  ,   State      Team Mentor responsible for coaching and development of both new hire and seasoned associates Assisted customers with a wide range of account related inquiries Offered products and services to help customers expand banking relationships Met quality and sales goals requirements Created visual aids for teammates for team and center campaigns Trained new hire associates as an On the Job training (OJT) coach Developed effective relationships with all call center departments through clear communication.  Managed wide variety of customer service and administrative tasks to resolve customer issues quickly and efficiently.  Researched banking guidelines and statutory requirements to stay updated on new laws and applications.  Recommended and helped customers select products and services based on their needs.  Courteously assisted over 100 customers per day in a high-pressure and fast- paced environment Additional Information.          Education and Training      Bachelor of Science   :   Health Administration Information Systems  ,   February 2016    University of Phoenix   －   City  ,   State  ,   United States    Health Administration Information Systems            Skills    administrative, banking, call center, coach, coaching, credit, clients, customer satisfaction, customer service, database, detail-oriented, fast, financial, team leader, Lotus Notes, Mainframe, Mentor, Microsoft Office Suite, Outlook, works, organizational skills, performance management, personnel, policies, processes, quality, research, sales, Self-Motivated, Self-starter, Supervisor, supervision, time management, training programs   ","Job Title: Frontend Developer
Requirements: Strong background in angular, express, node, react, typescript.
Experience: Minimum 3 years of relevant experience required.
Education: PhD or doctorate preferred.
",,angular;express;node;react;typescript,8,3,bachelor,phd,0.0,100.0,0.0,47.07,31.77,0,0,Weak,train,kaggle,BANKING,,,
PK007084,K02361,J00084,data_ml,fullstack,"         AUDIO/VISUAL TECHNICIAN       Summary      
Proficient in the configuration and operation of DAWs and software such as Pro Tools, Logic Pro, Melodyne, Autotune, Traktor, Serato, Sibelius  Capable of operating API Vision, AWS 900, AMEK 9098i, and SSL Duality consoles  Advanced understanding of sound systems and their configurations I.E PA systems to Car Stereo  Knowledge in recording and creating sounds effects as well as putting sound to picture        Education     2014     Bachelor of Science  :   Recording Arts    Full Sail University   －   City  ,   State             2012     Associates of Science and Arts  :   Music    Northwestern Michigan College   －   City  ,   State              Experience     04/2017   to   Current     Audio/Visual Technician    Company Name   －   City  ,   State      Installation of high-end home audio and video solutions.  Knowledge of audio/video signal flow and control systems for home networks.         06/2014   to   03/2017     Tow Truck Driver and Shop Hand    Company Name   －   City  ,   State      Specialized in servicing brakes and fuel systems.       Ordered accurate amounts of parts and supplies to maintain necessary inventory.        Transported customers to and from the shop for the customer service program.       Removed and replaced tires, shocks, struts and brakes.            10/2012   to   05/2014     Promoter and Event Coordinator    Company Name   －   City  ,   State      
Promoter and Event Coordinator for night club venue showcasing electronic music
  Resident DJ and stage hand         06/2010   to   08/2010     Internship    Company Name   －   City  ,   State      Responsible for editing and mixing pre-recorded programming  Understands proper broadcast etiquette and basic workflow of operating on-air programming          Training     Session Recording – Full Sail University   Proficient in pre-production and setup for sessions  Responsibilities included mic placement for drum kit, vocal setups, cue mixes, and signal routing   ​​  Music Production and Arrangement – Full Sail University   Exercised skills involving production of music and songwriting  Skilled in proper remix techniques    ​​  Show Production – Full Sail University   Acquired basic understanding of show production systems such as stage set-up/strike, wiring speaker systems, and routing audio to/from console or stage  Gained experience on Midas Vienna and Verona consoles, as well as the SC48 Venue console  Understands proper safety procedures when working at events and with equipment   ​​   FSEDM – School Electronic Music Production/DJ Club   Established working relationships with local promoters and local club owners to provide outlets for our DJs to gain live experience  Expanded skills in DJing​​     ","Job Title: Full Stack Developer
Requirements: Strong background in aws, git, javascript, node, python, react.
Experience: Minimum 5 years of relevant experience required.
Education: PhD or doctorate preferred.
",aws,aws;git;javascript;node;python;react,0,5,bachelor,phd,16.67,0.0,0.0,51.81,19.62,0,0,Weak,train,kaggle,ARTS,,,
PK001803,K00601,J00033,other,devops,"         DIRECTOR OF BUSINESS DEVELOPMENT         Executive Profile    To apply over 22 years of experience as an exceptional Director of Business Development, to manage personnel and resources by utilizing financial and strategic analysis.  To apply logistical support, and budget analysis skills to enhance management.  To enforce departmental policies, goals, procedures and objectives through communicating in writing and orally with subordinates, and executive management.  To apply years of leadership experience and vast amounts of financial responsibilities to maintaining a district's bottom-line. Top Secret      Skill Highlights        Types 80 WPM, Microsoft Word, Excel, PowerPoint, Sales Force and Outlook              Professional Experience      Director of Business Development  ,   07/2010   to   02/2015    Company Name   －   City  ,   State      Plan, direct, and coordinate operational activities at the highest level of management with the help of subordinate executives and staff managers.  Excellent communications skills written and orally especially under pressure.  Ability to forecast future issues through ongoing strategic analysis.  Prospect for new sales and manage current and pending sales in the amount of over $1M.  Maintain relationships with Client Government Sales Management to ensure strategy and sales objectives are identified and plans developed for the sales year.  Ensure all relevant Human Resources and policies, procedures are followed.  Establish and oversee the implementation departmental policies, goals, objectives, and procedures, conferring with senior management and staff members as necessary.  Analyze day to day business activities ensuring efficient and effective services.  Supervise budgets for maximum Return of Investment (ROI).  Negotiate business transactions for the company in the amount of over $1K.  Ensure adherence to all Health, Safety and Environmental policies and procedures.  Experience in fracking.  Exercise confidential information policies, procedures and regulations that governs employee and employer confidentiality.  Apply general business and management principles involved in strategic planning, resource allocation, human resources modeling, leadership technique, production methods, and coordination of people and resources.  Utilize general principles and processes for providing customer and personal services.  This includes customer needs assessment, meeting quality standards for services, and evaluation of customer satisfaction.  Apply relevant equipment, policies, procedures, and strategies to promote effective local, state, or national security operations for the protection of people, data, property, and institutions.  Manage sales pipelines from beginning to end and follow push through sales.  Represent companies such as; Scott Safety, Honeywell First Responders Product, Hurst Jaws of Life, Kappler, Elkhardt Brass, Hale Pumps, Streamlight, HESCO, Smith Optics.  ACCOMPLISHMENT:  Maintained sales of over $5M for the last three years.  Supervisor:  , Hours Worked/40Wk.          Senior Airfield Fire & Emergency Services Officer  ,   06/2009   to   07/2010    Company Name   －   City  ,   State      Performed hiring, training, scheduling of work, grievances, performance counseling, and recommendations for promotions, demotions and termination of employment of over 40 personnel.  As a senior executive set polices, assigns priority for future program objectives, direct improvements to equipment and distributes equipment among subordinate commands.  Evaluated new trends for policy development and for further inquiry and study to establish new methods for eliminating or controlling serious hazards to life and property.  Further conduct independent and joint risk management studies for exercises and assist others with risk management decisions.  Supervisor:  Colonel Steve Kirkpatrick Contact: Yes: (803) 414-6496, Hours Worked/40Wk.          Aircraft Rescue and Firefighting Officer  ,   06/2008   to   06/2009    Company Name   －   City  ,   State      Managed 24 hour operations of (5) P-19 Firefighting apparatus, (1) P-23 10K gallon water tender, (1) F-550 rescue truck, (4) rescue boats, and (3) Gators equipped with Wild land firefighting attachments.  Supervised and directed the coordination of cross training with 10 Department of Defense fire Stations which provided over 60 hours of instruction to more than 140 fire fighters.  Initiated a funding request for an additional $57K to source deficiencies.  Managed a budget of $120K budget to support fire suppression operations.  Supervisor:  Major Carl Kuga Contact: Yes: (910) 581-2025.          Manager Airfield Fire & Emergency Services Officer  ,   06/2006   to   06/2008    Company Name   －   City  ,   State      Managed over 200 Marine Firefighters with budgeting, operation, training and mutual aid agreements at each subordinate unit's location.  Managed 10 Fire Fighting apparatus' 8 fire suppression systems, and 6 rescue vehicles.  Managed and oversaw $35K worth of Emergency Airfield Services assets.  Supervisor: LtCol Manlee Herrington, Contact: Yes:  (808) 256-4295, Hours Worked/40Wk.          Airfield Fire & Emergency Services Officer  ,   08/2004   to   03/2006    Company Name   －   City  ,   State      Deployed to Operation Iraqi Freedom and held the billets as the Chief of Firefighting operations for over 20 airbases in Iraq.  Managed and supervised 100 Marine Firefighters in day-to-day operation in support of flight operations aboard Marine Corp Auxiliary Landing Facility Bogue Field, NC.  Managed over $100K dollars of firefighting assets.  ACCOMPLISHMENT:  Identified a deficiency and justified the purchase of over $1.5K worth of firefighting assets.  Managed and preformed the duties of the on scene Commander for a 2K gallon fuel fire.  Supervisor:  Colonel Jay Johnson Contact: Yes: (571) 408-0426, Hours Worked/40Wk.          Education      Bachelor of Fire Science  :    8/15    Thomas Edison State College   －   City  ,   State      GPA:   GPA: 3.37     GPA: 3.4         Customer Relations Course; OSHA Safety Course; HAZMAT Materials Operations; Airfield pavement and assessments certifications Course; Fire Officer I, II, III; Fire Instructor I, II, III; Fire Inspector I, II; Fire Investigator I; Fire Fighter I, II, III; Airport Firefighter;; Emergency Vehicle Operators Course; Amphibious Warfare School Nonresident Program; Advance EAF School; M-31 Arresting Gear Systems Course; Marine Corps Aircraft Launch and Recovery School; Aircraft Firefighting School; Warrant Officer Basic School; Staff Non Commissioned Officers Course; Sergeants Course; Total Quality Leadership; Hazardous Waste Coordinator Course RCRA; Hazardous Materials and Hazardous Waste Management Course; Suicide Prevention Course; Minimum Operating Strip Lighting System Course; Lean Six Sigma White Belt Course                Professional Affiliations    Veterans of Foreign Wars, SATS/EAF Association, Marine Corps Association,      Skills    Basic, budgeting, budgets, budget, communications skills, counseling, Client, Customer Relations, customer satisfaction, senior management, Government, Hazardous Waste, Hazardous Waste Management, hiring, Human Resources, Inspector I, instruction, Instructor I, Leadership, Lighting, Materials, Excel, Outlook, PowerPoint, 2K, Microsoft Word, modeling, needs assessment, personnel, policies, policy development, processes, Quality, risk management, Safety, Sales, Sales Management, scheduling, Six Sigma, strategy, strategic analysis, strategic planning, Supervisor, tender, written   ","Job Title: DevOps Engineer
Requirements: Strong background in gcp, git, kubernetes, linux.
Experience: Minimum 3 years of relevant experience required.
Education: Bachelor's degree in Computer Science or related field required.
",,gcp;git;kubernetes;linux,22,3,bachelor,bachelor,0.0,100.0,100.0,38.36,44.59,0,0,Weak,test,kaggle,BUSINESS-DEVELOPMENT,,,
PK000132,K00044,J00191,other,frontend,"         HR COORDINATOR       Summary    Highly accomplish human resource professional, proficient at developing policy, standard operating procedures, and best practices. Proven expertise in recruiting, training, employee development, retention, performance management, and conflict resolution. Adept at managing multiple projects simultaneously while demonstrating high performance standards with astute attention to details and deadlines. Organizing large amounts of time sensitive information and evaluating priorities. Able to thrive under pressure while maintaining enthusiasm and motivation. Proficient in MS Word, Kronos, Excel, PowerPoint, Outlook, HCMS.          Experience      HR Coordinator     Apr 2012   to   Current      Company Name   －   City  ,   State     Ensured compliance with Federal, State, Local Laws and ARAMARK Policy  Ensured job postings were posted onsite utilizing an active Job Postings Board and all open positions are posted with the appropriate local and state agencies.  Assists the District Safety Leader in managing key safety processes including the administration of workers compensation processes and the safety component of District Manager Monitor.  Processed all new hire paperwork, ensures completion of background checks, true-screen administration, I-9's.  Ensured Wage & Hour compliance, training, and oversight to include applicant tally and postings.  Ensured job offers are made utilizing appropriate processes.  Conduct legally sound investigations and mediate disputes/issues between managers and employees to bring to resolution  Ensured organizational structure, wages, and position classification/job descriptions are aligned with business necessity in order to meet strategic initiatives, development and use of effective and efficient talent selection processes.  Ensures managerial coaching/counseling related to the administration of ARAMARK policy and procedure.  Ensured Affirmative Action Planning and Compliance  Actively executes recruiting and staffing strategy at the unit level to meet staffing needs.  Train managers in areas such as interviewing, hiring, terminations, promotions, and sexual harassment ensuring a positive and progressive work environment Ensured proper administration progressive disciplinary policy.  Ensured the development and implementation of Employee Engagement and Retention Strategies.  Updated employees manual covering disciplinary procedures, codes of conduct and FMLA policy.  Ensures utilization of Performance Improvement Plans as needed.  Ensured Encore Encore recognition program was implemented, appreciation for our employees, clients, and consumers.  Administered Two Union Contracts within 6 partner companies.  Established a relationship with staff members, interact with union representatives and management.  Handled proper grievance procedures assistance; solve labor disputes within two union environments.  Controlled the placement of 825 employees and schedules  Manage all payroll functions, including bi-weekly payroll administration, submitting bonuses  Verified the salaries, wages and compensation of employees, managed all PTO/VAC accrual  Review & Handle Unemployment Claims         Owner/Operator     Jan 2009   to   Jan 2012      Company Name   －   City  ,   State     Efficiently manage administrative/financial/accounting functions, purchasing, inventory control, and product service supplier relations  Effectively interview, hire, train, schedule, direct, and evaluate team members, with a strong focus on the conveyance of quality customer service  Apply superior communication skills toward diplomatically addressing, troubleshooting and resolving  customer issues  Started not-for-profit Animal Rescue Organization where I maintained all functions of the Animal Shelter office, including but not limited to, assisting the public with animal intake, adoptions, redemptions, and animal licenses.         Office Manager     Jan 2003   to   Jan 2009      Company Name   －   City  ,   State     Established rental rate by surveying local rental rates; calculating overhead costs, depreciation, taxes, and profit goals.  Attracted tenants by advertising vacancies; obtaining referrals from current tenants; explaining advantages of location and services; showing units.  Accomplished financial objectives by collecting rents; paying bills; forecasting requirements; preparing an annual budget; scheduling expenditures; analyzing variances; initiating corrective action.  Achieved financial solvency through cost reduction and implementing systems to achieve 0% rent delinquency  Maintain building systems by contracting for maintenance services; supervising repairs.  Created positive, welcoming, supportive environment for residents, visitors, and property associates  Filed court documents for eviction and attends scheduled court hearings as Landlord's representative  Prepared reports by collecting, analyzing, and summarizing data and trends.  Updated job knowledge by participating in educational opportunities; reading professional publications; maintaining personal networks; participating in professional organizations.  Accomplished organization goals by accepting ownership for accomplishing new and different requests; exploring opportunities to add value to job accomplishments.  Interviewed, hire, train, schedule, direct, and evaluate contractors, with a strong focus on the delivery of quality customer service for the company and the tenants.         Education      Associates  ,   Business Management    Robert Morris College   －   City  ,   State  ,   US     Associates in Business Management, Robert Morris College, Chicago, Il           References are available on request   2013           Certifications      ServSafe Food Protection Manager Certification 2013  City of Chicago Department Of Health, Certified Food Service Manger 2013  Professional in Human Resources, Certification, Pending        Affiliations    Member of SHRM      Skills    Customer Service, Receptionist, Retail Sales, Advertising, Budget, Corrective Action, Cost Reduction, Forecasting, Maintenance, Office Manager, Paying, Scheduling, Surveying, Accounting, Administrative/financial, Buying/procurement, Financial/accounting, Inventory, Inventory Control, Purchasing, Affirmative Action, Bi, Business Intelligence, Claims, Clients, Coaching, Compensation, Contracts, Disciplinary Procedures, Employee Engagement, Fmla, Hr, Interviewing, Managerial, New Hire Paperwork, Payroll, Pto, Recruiting, Staffing, Talent Selection, Tally, Terminations, Training, Workers Compensation, Best Practices, Excel, Excellent Multitasker, Kronos, Ms Word, Outlook, Performance Management, Powerpoint, Simultaneously, Word, Food Service, Human Resources, Business Management   ","Job Title: Frontend Developer
Requirements: Strong background in angular, node, typescript, vue.
Experience: Minimum 4 years of relevant experience required.
Education: Relevant practical experience valued; no strict degree requirement.
",,angular;node;typescript;vue,0,4,bachelor,none,0.0,0.0,100.0,42.54,25.64,0,0,Weak,val,kaggle,HR,,,
P002802,R00700,J00031,backend,frontend,"Summary: Motivated engineer with 4 years of experience across full project lifecycles.
Technical Skills: django, flask, git, java, python, spring boot, sql.
Experience: 4 years of professional experience including design, testing and deployment.
Education: Bachelor of Science in Information Technology.
","Job Title: Frontend Developer
Requirements: Strong background in express, github, javascript, node, react.
Experience: Minimum 3 years of relevant experience required.
Education: Bachelor's degree in Computer Science or related field required.
",django;flask;git;java;python;spring boot;sql,express;github;javascript;node;react,4,3,bachelor,bachelor,0.0,100.0,100.0,42.13,45.53,0,0,Weak,train,synthetic,,,,
P000018,R00004,J00169,fullstack,fullstack,"Summary: Motivated engineer with 5 years of experience across full project lifecycles.
Technical Skills: aws, express, git, mongodb, node, python, react, sql, typescript.
Experience: Worked for 5 years as a software engineer delivering production systems.
Education: MCA in Computer Applications.
","Job Title: Full Stack Developer
Requirements: Strong background in express, javascript, python, react.
Experience: Minimum 2 years of relevant experience required.
Education: Master's degree in Computer Science or related field required.
",aws;express;git;mongodb;node;python;react;sql;typescript,express;javascript;python;react,5,2,master,master,75.0,100.0,100.0,86.66,86.67,1,3,Strong,train,synthetic,,,,
PK006495,K02165,J00085,other,backend,"         MORTGAGE BANKING FORECLOSURE SPECIALIST       Summary     Ambitious, self-motivated professional with a passion for quality work. Seeking a baseline  opportunity in Underwriting, Lending, Auditing, Quality Assurance, or Analyst roles. Possess  large spectrum of experience in the financial industry. I am a fast learner who values my  employer. Personal characteristics: detail-oriented, thorough, computer-savvy, loyal, persistent,  adaptable, eager to learn.       Accomplishments        *Sharepoint, Early Resolution, FHA Connection, DOS LPS, MSP, CREDCO, RELS, Microsoft Word, Outlook, Live Meeting, Excel, Powerpoint, SLOAD, DAT and various other programs 3 years in Default Servicing * 3 years Loss Prevention/ Loss Mitigation * 7 years Mortgage Loan Processing/Mortgage Banking * 3 years Underwriting/Lending * 3 years Risk Management/ Analysis * 3 years Compliance/Quality Assurance * 10+ years Loan Operations/ Operations Experience       Experience      Mortgage Banking Foreclosure Specialist   01/2014   to   Current     Company Name   City  ,   State      Foreclosure Department   Maintained beneath a 3% error ratio in all searches performed  *Service member Civil Relief Act (SCRA)  *Use of industry mainframes; (LPS, MSP, Vendorscape, Lenstar, ResWare and Lotus) to efficiently communicate with internal clients.   *Review of cases and all milestones requested by clients to ensure proper procedures and industry guidelines are used.         Consumer Underwriter II   10/2011   to   12/2013     Company Name   City  ,   State      Home Preservation   Exceeded monthly production goals while adhering to a minimum 5% error ratio  * Maintained a high level of production and maintained high quality standards  * Restructured delinquent consumer mortgage loans in accordance with company, FHA, and industry guidelines using an in house underwriting software   * Maintained quality control standards while maintaining production standards by company's definition   * Analyzed applicants' financial status, credit and property evaluation to determine feasibility of granting loan.  * Performed final approvals and reviews the entire loan file through verifications processes, including adherence to multiple investor guidelines   * Maximized quality by verifying underwriting conditions and approval requirements are met   * Built knowledge about latest banking products and services through   * Analyzed customer credit history in order to determine customer willingness to pay and affordability for various payment plan options.   * Provided meticulous attention to detail in underwriting mortgages. Evaluated the financial strengths and weaknesses of borrowers to determine risk and repayment capacity in a Loss Prevention environment.   * Conducted peer reviews for fellow teammates, offering methodology and logic to income cash flows prior to recommendation for resolution/modification. Analyzed income documentation consisting of: paystubs, Profit and Loss statements, tax transcripts, personal and business Federal and State Tax Returns, Rental income, S-Corps, Schedule C, 1120S, K-1's, personal and business bank statements, LES Military paystubs, W2's, 1099's, fixed income sources, etc.               Loan Document Specialist II   08/2008   to   01/2010     Company Name   City  ,   State      Mortgage Loan Operations  Maintained below a 5% error rating on booking 50+ loans daily  * Booking and review of conventional, F.H.A. & V.A. loans   * Data entry functions including booking and review of recorded security instruments   * Reviewed documentation for errors & omissions of security documents  *  Performed daily maintenance of the loan applicant database.            Loan Processor   04/2003   to   08/2008     Company Name   City  ,   State      Mortgage Lending Services   * Corresponded with customers, management, and title companies, to respond to inquiries   * Interpreted company policies while analyzing the applicant, property, and documentation to minimize the need for subsequent follow ups with borrowers   * Verified and validated supporting income, asset, and liability documentation to ensure validity  * Clears all Title exceptions and errors  * Successfully maintained a minimum volume of 30+ loan packages daily with no errors         Education      Associate of Science  :   Business Administration    Auburn University at Montgomery   City  ,   State               Skills     Loans, Mortgage, Documentation, Lending, Liability, Loan Processor, Mortgage Lending, Processor, Ups, Underwriting, Fha, Foreclosure, Cash, Credit, File, Financial Statements, Fixed Income, Mortgage Loans, Quality Control, State Tax, Tax Returns, Team Lead, Banking Loan, Data Entry, Loan Operations, Mortgage Loan, Operations, Security, Cases, Clients, Mortgage Banking, Audits, Bankruptcy, Fannie Mae, Internal Audits, Nss, Production Environment, Sales, Solutions, Telephone, Ambitious, Articulate, Auditing, Closing, Credit Analysis, Detail-oriented, Dos, Excel, Fast Learner, Loan Closing, Loss Mitigation, Loss Prevention, Microsoft Sharepoint, Mitigation, Outlook, Pipeline, Powerpoint, Problem Solver, Quality Assurance, Reviewing Financial Statements, Risk Assessment, Risk Management, Sharepoint, Trading, Word, Real Estate, Real Estate Analysis    ","Job Title: Backend Developer
Requirements: Strong background in fastapi, flask, linux, postgresql, spring.
Experience: Minimum 5 years of relevant experience required.
Education: Relevant practical experience valued; no strict degree requirement.
",c,fastapi;flask;linux;postgresql;spring,10,5,bachelor,none,0.0,100.0,100.0,32.11,43.03,0,0,Weak,train,kaggle,BANKING,,,
PK004664,K01554,J00076,other,frontend,"         FINANCE OFFICE ASSOCIATE       Professional Summary      Detail-oriented, diligent and accuracy-driven individual with a B.sc in accounting and Ms./MBA degree in finance. In the past years, gained vast experience/skills in office operations with top-notch handling of office communications, logistics and records. In the banking and accounting industry, focused on balancing customer needs and relations while ensuring bank security regulatory requirements and protection protocols.        Skills          Communication skills, written & verbal  Office administration (phones, faxing, filing)  Spreadsheet development & management  Microsoft Office Suite  Customer service      Analytical & problem solving  Organizational and follow up skills  Multi tasking & Time management  Invoice Processing- Oracle EBS  Reconciliation            Work History     04/2021   to    Current      Finance Office Associate      Company Name    –    City  ,   State        Prepared meeting materials and took clear notes to distribute to stakeholders.  Collaborated inter-departmentally to assist with workflow and gather reports and data for Assistant Finance Director.  Managed over 30 vendors and reconciled invoices when necessary.  Restocked supplies and placed purchase orders to maintain adequate stock levels.  Developed and maintained spreadsheets in Excel to track and chart information such as Call center reports and Employee Payroll deductions.  Coordinated efficient calendars for Account Receivable manager and section heads by factoring in schedule availability and load limitations.  Processed invoices and expenses using Oracle EBS to facilitate on-time payment and pass along to Account Payables.  Maintained staff directory and company policy handbook for human resources department.  Completed clerical tasks such as filing, copying and distributing mail.  Arranged rapid office equipment repair and maintenance with vendors.        08/2019   to   12/2020     DEAN'S ASSIOCIATE      Company Name    –    City  ,   State         Performed clerical duties, maintain files, and organize documents, photocopy.    Provided accurate information in person or by telephone to students, staff, and public applying knowledge of University programs, policies, and procedures.    Processes various documents; reviews for accuracy and completion; obtains all necessary signatures; routes to appropriate personnel.    Requisitioned supplies, printing, maintenance, equipment, and other services    Operates information systems to produce conventional and unconventional correspondence, reports, and forms.    Decreased office expenditure by 20% by implementing needed controls on stock/supplies and standardizing ordering procedures    Maintains confidentiality in all matters pertaining to the University.    Resolved interpersonal conflicts by listening, finding common ground and building relationships.         01/2017   to   03/2018     ASSISTANT CASH OFFICER      Company Name    –    City  ,   State         Prepared financial reports relating to invoicing bills, account payables and receivables.    Reconcile invoices and identify discrepancies.    Obtained documents, clearances, certificates, and approvals from other departments to ensure proper documentation.    Managed over 50 customer requests via telephone and email per day.    Prioritize and manage own workflow to ensure quality and efficiency (i.e. meet deadlines; be flexible in adjusting to changing work priorities)    Strong knowledge and understanding of cash management products, credit process and pricing philosophy    Demonstrates innovative approaches to business development and meeting client needs    Managed high priority and confidential correspondences (e-mails and phone calls)    Sense of urgency when appropriate with a strong commitment to business ethics and audit requirements         07/2015   to   10/2015     COMMERCIAL BANK INTERN      Company Name    –    City  ,   State         Open and maintain customer accounts by recording information.    Identifying and assessing customers' needs to achieve satisfaction.    Managing incoming calls and customer service inquires.    Used company's accounting software to verify customer identity before withdrawals were made.    Assisted with inter-branch bank reconciliations at the end of each month.    Assisted the accounting department in the preparation of documents for audit.    Process standard teller transactions for customers including servicing client accounts, cashing checks, balancing cash drawers and correcting discrepancies.    Developed research reports and gained experience within the bank's finance, credit risk, commercial lending, consumer lending, mortgage lending, operations, and strategy departments.    Engaged colleagues as an efficient branch operational team, balanced daily work, and studied monthly financials.    Performed teller functions in accordance with established bank policies, procedures and regulations.          Education     12/2020     Master of Science  :   Finance     Webster University   -   City  ,   State          12/2020     MBA       Webster University   -   City  ,   State          07/2016     Bachelor of Science Accounting  :   Accounting And Finance     Afe Babalola University   -   City             Certifications      ORGANIZATION A.S.A – African Students Association Webster University (October 2018 – Present) Position – member    ATSWA- Accounting Technician Scheme West Africa (July 2015- present) Position -member    Certificate in Leadership development – African Leadership Development (April 2017)    ICAN-Institute of Chartered Accountants of Nigeria (2018)     ","Job Title: Frontend Developer
Requirements: Strong background in angular, css, javascript, node, react.
Experience: Minimum 1 years of relevant experience required.
Education: Bachelor's degree in Computer Science or related field required.
",oracle,angular;css;javascript;node;react,0,1,master,bachelor,0.0,0.0,100.0,50.08,27.52,0,0,Weak,train,kaggle,FINANCE,,,
PK003611,K01203,J00080,other,backend,"         CONSTRUCTION CONSULTANT       Summary    To secure a project management position with a dynamic organization where I can be contribute to a team and utilize my extensive
leadership experience to develop and grow the business. Held every management position within the organization including: general manger, national corporate trainer, front
      of the house manager, kitchen manager, and bar manager.
      Experience in the organization culminated as a store owner and operator.          Experience     01/2011   to   01/2015     Construction Consultant    Company Name   －   City  ,   State      Supervised well site and location road construction, equipment procurement, and logistics.  Coordinated facilities construction and well production.  Consulted with project managers, vendors, and other departmental personnel to discuss and formulate estimates and resolve
      job site issues.  Obtained, organized, and analyzed multiple subcontractor quotes across varying trades by specifying materials, identifying
      qualified subcontractors, and negotiating prices.  Supervised well site completions including: well site perforations, well site logging, and well site flow back.  Communicated with both internal and external project stakeholders to troubleshoot issues and determine appropriate
      resolutions.  Coordinated and oversaw all project crews including construction, safety, and electrical.  Identified and documented issues and risks to offer realistic recommendations for alternatives to achieve desired company
      results.  Held and facilitated all daily JSA's.  Consistently worked on multiple projects and issues with the ability to determine the severity of an issue and escalate
      appropriately as needed.         01/2010   to   01/2011     Prospective Owner Operator    Company Name   －   City  ,   State      Oversaw all front of the house and back of the house hiring and training.  Ensured that front of the house shifts ran smoothly and efficiently while providing thorough and friendly customer service and
      driving sales in a business averaging $100,000 in gross weekly sales.  Managed all front of the house and back of the house inventory control and purchasing.         01/2007   to   01/2010     Assistant General Manager    Company Name   －   City  ,   State      Wrote and unified entire company wide inventory control system.  Managed daily cash intake, bar and alcohol inventory, building repair and maintenance budgets, and account payable.  Oversaw hiring, training, and scheduling of all sixty front of the house employees.          Education     1990       Business and Civil Engineering    University of Tennessee   －   City        Business and Civil Engineering Steve Knowles
Kodiak Energy Consulting, LLC - Vice President of Operations        Skills    budgets, budget, Consulting, customer service, driving, fast, hiring, inventory, inventory control, logging, logistics, materials, Microsoft Office Suite, needs assessment, negotiating, personnel, procurement, project management, purchasing, quality assurance, safety, sales, scheduling, self-motivated, managing
suppliers, troubleshoot, verbal communication skills, excellent written   ","Job Title: Backend Developer
Requirements: Strong background in flask, mongodb, mysql, postgresql.
Experience: Minimum 2 years of relevant experience required.
Education: Bachelor's degree in Computer Science or related field required.
",,flask;mongodb;mysql;postgresql,0,2,bachelor,bachelor,0.0,0.0,100.0,36.94,24.23,0,0,Weak,train,kaggle,CONSULTANT,,,
PK000642,K00214,J00046,frontend,frontend,"         SENIOR DIGITAL DESIGNER             Experience     02/2012   to   Current     Senior Digital Designer    Company Name   －   City  ,   State      Provided designs and creative direction for custom content in Best Buy's Digital Weekly Ad.  Worked as a leader in following brand standards and best practices while exploring new designs.  Designed vendor-paid premium ad space and special promotions.  Led weekly client meetings to review and assess content and plans for the weekly ad.  Built and edited wireframes to lay out product, promotional messaging, and video content for the
     best user experience.  Directed product photo shoots on-set, both with and without talent/models.  Designed covers and internal pages for Best Buy's weekly newspaper ad and buyer's guides.  Directly managed, reviewed work of, and mentored production artists.  Worked closely with internal project managers and QC team to ensure all deadlines were met and
     final product was launched and functioning properly.  Collaborated with front-end developers on new animations, designs, and site functionality.  Served as backup to front-end developer, working with basic HTML and CSS code.         07/2011   to   06/2011     Mac Operator/Prepress/Plating Specialist    Company Name   －   City  ,   State      Edited and optimized client-provided digital art files to produce high quality digital, lithographic and
     flexographic print materials.  Worked with CSRs and prepared customer and pressroom proofs to ensure accuracy of image
     quality, color, text, and layout.  Operated and maintained multiple plating machines and software calibrations to prepare plates for a
     range of different sized lithographic presses and substrates.  Verified both plates and pressroom proofs for quality and accuracy before sending to press.         05/2011   to   11/2011     Production Artist/Graphic Designer    Company Name   －   City  ,   State      Partnered with Best Buy Mobile marketing team to design, refine and produce in-store signage,
     weekly flyers, traditional and digital billboards, and other quick-turn promotional materials.  Produced print-ready art for store grand openings and special promotion flyers and coupons.  Designed icons representing brand promises to be used in retail stores.  Created concepts for cover and interior pages to monthly Buyer's Guide catalog.  Provided design and production assistance for presentation materials as needed.         02/2010   to   07/2010     Freelance Production Artist    Company Name   －   City  ,   State      Designed and created customized products using a variety of resources and media to meet
    customer specifications and timelines.  Prepared digital art files including reviewing text, checking image quality, fonts and crop marks to
    ensure print integrity for projects using large-format flatbed and roll-fed printers.  Managed e-mail accounts and FTP site for incoming orders, downloaded artwork, wrote up job
    tickets and communicated directly with customers regarding file issues and project specifications.  Created, programmed and executed dielines for digital cutter/router using a variety of software to
    ensure precise cutting on the finished product.  Provided graphic design services to customers in need of artwork.         03/2009   to   12/2009     Production Artist    Company Name   －   City  ,   State      Effectively managed multiple projects and timelines for temporary and permanent in-store and POS
    signage; built final print ready files in alignment with Best Buy's brand strategy.  Collaborated with Art Directors and Project Managers for event and special promotion signage.  Ensured vendor-provided artwork fit current templates, brand standards and style guides by
    reviewing layout and adjusting as necessary while maintaining the integrity of the vendor's images.  Preflighted files for proper resolution, layout, and specifications and created hi-res PDFs according
    to current standards to send to print vendor.  Packaged and sent files to international print vendor for translation and approval; provided direction
    on layout as necessary to comply with international corporate standards.  Built design mock ups and presentation boards as needed.         03/2008   to   03/2009     Digital Prepress Operator    Company Name   －   City  ,   State      Managed time and workflows to preflight and process digital files for direct-to-plate, direct-to-screen
    and digital presses to maintain productivity and quality.  Worked cross-functionally with production artists, designers, job planners and outside vendors to
    troubleshoot and prepare artwork for production and ensure high quality store signage.  Performed color calibration and adjustment for large-format digital press; ensuring accurate
    reproduction of Best Buy brand colors, both Pantone and process.  Provided prepress/production support to in-house press operators, designers, and external vendors.  Software Expertise
     Adobe Creative Suite (CC), Microsoft Office Suite, QuarkXpress, OmniGraffle Professional, Extensis
     Suitcase, SharePoint, LinoType Font Explorer.          Education     2001     Bachelor of Fine Art      University of Wisconsin   －   City                Skills    Adobe Creative Suite, photo, Ad, Art, backup, brand strategy, calibration, catalog, color, content, creative direction, CSS, client, direction, e-mail, FTP, graphic design, basic HTML, image, Explorer, layout, marketing, materials, meetings, messaging, Microsoft Office Suite, SharePoint, newspaper, developer, POS, prepress, press, printers, promotion, promotional materials, quality, QuarkXpress, quick, retail, router, translation, troubleshoot, video   ","Job Title: Frontend Developer
Requirements: Strong background in express, git, html, node, react, typescript.
Experience: Minimum 3 years of relevant experience required.
Education: Relevant practical experience valued; no strict degree requirement.
",css;html,express;git;html;node;react;typescript,0,3,bachelor,none,16.67,0.0,100.0,64.54,37.8,0,0,Weak,val,kaggle,DESIGNER,,,
P001720,R00430,J00160,backend,backend,"Summary: Results-driven developer with 6 years of hands-on industry experience.
Technical Skills: aws, django, docker, fastapi, spring.
Experience: Worked for 6 years as a software engineer delivering production systems.
Education: M.Tech in Software Engineering.
","Job Title: Backend Developer
Requirements: Strong background in aws, django, flask, git, python, spring, sql.
Experience: Minimum 3 years of relevant experience required.
Education: PhD or doctorate preferred.
",aws;django;docker;fastapi;spring,aws;django;flask;git;python;spring;sql,6,3,master,phd,42.86,100.0,0.0,67.56,54.03,0,1,Average,val,synthetic,,,,
P001642,R00410,J00087,backend,data_ml,"Summary: Motivated engineer with 5 years of experience across full project lifecycles.
Technical Skills: fastapi, flask, git, java, mongodb, postgresql, python, sql.
Experience: 5 years of professional experience including design, testing and deployment.
Education: PhD in Machine Learning.
","Job Title: ML Engineer
Requirements: Strong background in aws, deep learning, git, machine learning, mysql, postgresql, tensorflow.
Experience: Minimum 2 years of relevant experience required.
Education: Bachelor's degree in Computer Science or related field required.
",fastapi;flask;git;java;mongodb;postgresql;python;sql,aws;deep learning;git;machine learning;mysql;postgresql;tensorflow,5,2,phd,bachelor,28.57,100.0,100.0,62.15,61.97,1,1,Average,test,synthetic,,,,
P003172,R00793,J00063,devops,devops,"Summary: Software engineer with 3 years of experience building scalable applications.
Technical Skills: aws, docker, gcp, git, github, kubernetes, linux, python.
Experience: Worked for 3 years as a software engineer delivering production systems.
Education: Master of Science in Data Science.
","Job Title: DevOps Engineer
Requirements: Strong background in gcp, github, linux, python.
Experience: Minimum 5 years of relevant experience required.
Education: Bachelor's degree in Computer Science or related field required.
",aws;docker;gcp;git;github;kubernetes;linux;python,gcp;github;linux;python,3,5,master,bachelor,100.0,60.0,100.0,100.0,92.0,1,3,Strong,train,synthetic,,,,
P000742,R00185,J00069,backend,fullstack,"Summary: Software engineer with 6 years of experience building scalable applications.
Technical Skills: aws, docker, flask, git, java, mongodb, mysql, postgresql, spring boot.
Experience: Total of 6 years experience in software development and team collaboration.
Education: M.Tech in Software Engineering.
","Job Title: Full Stack Developer
Requirements: Strong background in aws, docker, javascript, react, sql.
Experience: Minimum 2 years of relevant experience required.
Education: Bachelor's degree in Computer Science or related field required.
",aws;docker;flask;git;java;mongodb;mysql;postgresql;spring boot,aws;docker;javascript;react;sql,6,2,master,bachelor,40.0,100.0,100.0,57.14,65.29,1,1,Average,train,synthetic,,,,
P002365,R00591,J00126,frontend,frontend,"Summary: Motivated engineer with 1 years of experience across full project lifecycles.
Technical Skills: git, github, linux, node, react, typescript, vue.
Experience: Worked for 1 years as a software engineer delivering production systems.
Education: BCA in Computer Applications.
","Job Title: Frontend Developer
Requirements: Strong background in angular, css, html, node, typescript, vue.
Experience: Minimum 2 years of relevant experience required.
Education: Bachelor's degree in Computer Science or related field required.
",git;github;linux;node;react;typescript;vue,angular;css;html;node;typescript;vue,1,2,bachelor,bachelor,50.0,50.0,100.0,78.55,64.64,1,1,Average,train,synthetic,,,,
PK002306,K00768,J00012,other,data_ml,"         PATIENT CARE TECHNICIAN         Professional Summary     Proficient and caring Nursing team member offering over 6 years of patient-facing experience. Adept at addressing patient needs with compassionate care and attention to detail. Diligent about maximizing satisfaction, safety and wellness while serving patients of all backgrounds.       Skills          Patient services  Feeding assistance  Qualified in patient transport  Adaptable  Professional bedside manner  Culturally-competent care  Mobility assistance aptitude  Infection control and aseptic procedures  Documenting behaviors      Patient assessments  Conducting intakes  Data entry  Measuring bodily fluids  Direct patient care  Inpatient care  Patient privacy  Charting and clinical documentation  Recording vital signs            Work History      Patient Care Technician  ,     03/2015   to   Current     Company Name   –   City  ,   State      Under the direction of the Nurse Manager, or designee, the Patient Care Technician assists the work of the Registered Nurse to meet the needs of patients in order to provide safe, quality care  Implements progressive mobility guidelines. Ambulating, turning and repositioning patients. Uses patient handling equipment in the tasks of lifting, transferring, repositioning and transporting patients. may also transport patients within the medical center and deliver and pick up specimens and prescriptions  Assisting with activities of daily living, including but not limited to: feeding, bathing, toileting, providing water, answering the phone, and oral care. Patient monitoring: obtaining, recording and reporting vital signs, weights, and measuring and recording inputs/outputs.           Certified Nursing Assistant  ,     05/2014   to   02/2015     Company Name   –   City  ,   State      Helped patients effectively manage routine bathing, grooming and other hygiene needs  Assisted patients with mobility needs, including moving to and from beds, organizing wheelchairs and preparing assistive devices  Gathered dietary information, assisted with feeding and monitored intake to help patients achieve nutritional objectives and support  Participated in fun activities, including bingo and music with patients each day to boost mood, improve overall memory and provide light entertainment  Cared for average of 7 patients per pm shift in the facility, delivering high-quality, efficient support to meet all needs         Private Duty Home Healthcare Aide  ,     01/2013   to   11/2013     Company Name   –   City  ,   State      Cooked meals and assisted patients with eating tasks to support healthy nutrition  Provided assistance in daily living activities by dressing, grooming, bathing and toileting patient  Managed large range of services including pet care, phone screening and shopping  Performed household tasks such as laundry, dusting, washing dishes and vacuuming  Accompanied clients to medical appointments         Retail Associate  ,     12/2009   to   01/2011     Company Name   –   City  ,   State      Organized store merchandise racks and displays to promote and maintain visually appealing environments  Offered each customer top-notch, personal service and polite support to boost sales and customer satisfaction  Skilled using cash register including processing sales discounts and refunds  Greeted customers, helped locate merchandise and suggested suitable options         Education      High School Diploma        Armijo High School   -   City  ,   State           Some College (No Degree)  :   Criminal Justice And Nursing      Solano Community College   -   City  ,   State           Certifcate   :   Medical Assisting  ,   2011     Boston Reed   -   City             Skills      Patient services  Feeding assistance  Qualified in patient transport  Adaptable  Professional bedside manner  Culturally-competent care  Mobility assistance aptitude  Infection control and aseptic procedures  Documenting behaviors    Patient assessments  Conducting intakes  Data entry  Measuring bodily fluids  Direct patient care  Inpatient care  Patient privacy  Charting and clinical documentation  Recording vital signs        Work History      Patient Care Technician  ,   03/2015   to   Current     Company Name   –   City  ,   State      Under the direction of the Nurse Manager, or designee, the Patient Care Technician assists the work of the Registered Nurse to meet the needs of patients in order to provide safe, quality care  Implements progressive mobility guidelines. Ambulating, turning and repositioning patients. Uses patient handling equipment in the tasks of lifting, transferring, repositioning and transporting patients. may also transport patients within the medical center and deliver and pick up specimens and prescriptions  Assisting with activities of daily living, including but not limited to: feeding, bathing, toileting, providing water, answering the phone, and oral care. Patient monitoring: obtaining, recording and reporting vital signs, weights, and measuring and recording inputs/outputs.           Certified Nursing Assistant  ,   05/2014   to   02/2015     Company Name   –   City  ,   State      Helped patients effectively manage routine bathing, grooming and other hygiene needs  Assisted patients with mobility needs, including moving to and from beds, organizing wheelchairs and preparing assistive devices  Gathered dietary information, assisted with feeding and monitored intake to help patients achieve nutritional objectives and support  Participated in fun activities, including bingo and music with patients each day to boost mood, improve overall memory and provide light entertainment  Cared for average of 7 patients per pm shift in the facility, delivering high-quality, efficient support to meet all needs         Private Duty Home Healthcare Aide  ,   01/2013   to   11/2013     Company Name   –   City  ,   State      Cooked meals and assisted patients with eating tasks to support healthy nutrition  Provided assistance in daily living activities by dressing, grooming, bathing and toileting patient  Managed large range of services including pet care, phone screening and shopping  Performed household tasks such as laundry, dusting, washing dishes and vacuuming  Accompanied clients to medical appointments         Retail Associate  ,   12/2009   to   01/2011     Company Name   –   City  ,   State      Organized store merchandise racks and displays to promote and maintain visually appealing environments  Offered each customer top-notch, personal service and polite support to boost sales and customer satisfaction  Skilled using cash register including processing sales discounts and refunds  Greeted customers, helped locate merchandise and suggested suitable options      ","Job Title: ML Engineer
Requirements: Strong background in mysql, pandas, postgresql, python, scikit-learn, sql.
Experience: Minimum 3 years of relevant experience required.
Education: Master's degree in Computer Science or related field required.
",,mysql;pandas;postgresql;python;scikit-learn;sql,6,3,bachelor,master,0.0,100.0,0.0,47.74,31.94,0,0,Weak,train,kaggle,HEALTHCARE,,,
PK000332,K00110,J00048,other,devops,"         DESIGNER       Summary     Designer with more than 15 years in product design, manufacturing, exhibit design and visual merchandising,  with comprehensive management and logistics experience who thrives in dynamically changing environments.             Highlights          Design processing expertise  Proficient in AutoCAD  Adobe Photoshop  Concept development  Product specifications  Color and material application  Strong leader  Proficient with furniture systems  Vendor sourcing      Knowledgeable of quality control standards  Procurement specialist  Dedication to product quality  Compliance with GMPs            Accomplishments     Planned, directed, coordinated and assigned manpower to efficiently meet production requirements.       Experience     03/2014   to   11/2015     Designer    Company Name   -   City  ,   State       Design and built custom furniture from client's initial conceptual idea.  Create CAD drawings for approval  Create estimate of pricing  Provide finish samples and fabrics cuttings for approval, Creates, reviews, and modifies all specification documentation including approval drawings, supplier drawings, and all specifications.  Responsible for correct building and finishing of product designed  Completed key projects on time, on budget and with a high level of accuracy.  Reviewed production orders, schedules, delivery dates and inventory levels to determine product availability.  Established and adjusted work procedures to meet production schedules.  Supervised production schedules, production quality and on time delivery.         02/2006   to   03/2014     Senior Production Manager    Company Name   -   City  ,   State      Management of Production team  Responsible for price quotations of all custom quotes in the Formations product line.  Also responsible for accurate generation of Order Acknowledgment and related approval drawings when necessary, and review and launch of ""Standard"" product line.  Worked closely with R&D department, assisting as necessary in the development of new products.  Created, reviewed, and modified all specification documentation including approval drawings, supplier drawings, and all specifications in the MAS 200 system, and E2 ShopTec System.  Reviewed and maintained pricing for all Formations product line, meeting directly with owners to evaluate value-engineering concepts and options.  Developed, evaluated, and maintained the quality of our vendors and products.  Prepared analysis of new designs for overall feasibility and possible incorporation into the standard line of products.  Responsible to oversee and supervise the team in production of all products verifying proper assembly techniques, finishes, upholstery, and development of necessary implementation.  Communicated and instructed sales to assure a smooth flow of information throughout the production process.  Maintained average turn-around on all custom quotes and estimates.  Assisted in the daily questions and issues related to ""Custom"" work and/or engineering of orders to the respective department supervisors, when necessary.  Authorized the fulfillment of requests for repairs, orders returns/cancellation and discounts.  Interacted with all managers to solve/discuss issues, concerns, updates, projects, and deadlines for all demands.         06/2004   to   11/2005     Project Manager    Company Name   -   City  ,   State      Space and furniture planning  Design capabilities along with strong organizational and communication skills, creation of  FF&E, color & materials.  Coordination of drawings and information with other disciplines while providing design support for completion and execution of design projects (space planning, details, specifications, material palettes).  Served as the single point of contact for project scheduling and changes.  Monitored team progress and enforced deadlines.  Drafted action plans and led meetings with department executives to review project status and proposed changes.  Defined project deliverables and monitored status of tasks.  Responsible for small maintenance projects as the Viceroy Hotel in Santa Monica.          Education          Associate of Arts  :   Interior and Furniture Design    Santa Monica College   -   City  ,   State       Certified Interior Designer             Bachelor of Laws (LLB)  :   Contract     Universidade Candido Mendes   -   City  ,   State  ,   Brazil            Languages     Fluent in Portuguese and English Intermediate Spanish       Skills     AutoCad drafting  3D Rendering  Material Board   Communication skills  conceptual design  material organizational     ","Job Title: DevOps Engineer
Requirements: Strong background in azure, gcp, git, linux, python.
Experience: Minimum 4 years of relevant experience required.
Education: Bachelor's degree in Computer Science or related field required.
",,azure;gcp;git;linux;python,15,4,bachelor,bachelor,0.0,100.0,100.0,37.2,44.3,0,0,Weak,train,kaggle,DESIGNER,,,
P000017,R00004,J00169,fullstack,fullstack,"Summary: Motivated engineer with 5 years of experience across full project lifecycles.
Technical Skills: aws, express, git, mongodb, node, python, react, sql, typescript.
Experience: Worked for 5 years as a software engineer delivering production systems.
Education: MCA in Computer Applications.
","Job Title: Full Stack Developer
Requirements: Strong background in express, javascript, python, react.
Experience: Minimum 2 years of relevant experience required.
Education: Master's degree in Computer Science or related field required.
",aws;express;git;mongodb;node;python;react;sql;typescript,express;javascript;python;react,5,2,master,master,75.0,100.0,100.0,86.21,86.55,1,3,Strong,train,synthetic,,,,
PK001002,K00334,J00090,backend,backend,"         IT MANAGER             Highlights          Customer and Client Relations  Advanced Troubleshooting Techniques  Project Management and Tracking  Windows Server 2003, 2008 and 2012  Windows XP, Vista, 7, 8d                Experience      IT Manager    December 2013   to   Current     Company Name   －   City  ,   State      Stabilize and manage infrastructure and applications for corporate and remote facilities   Create standard hardware and software lists and purchased based on those lists   Create fiscal year budget for IT department   Perform thorough IT audit and proposed various changes based on the audit   Administer various information technology systems and applications   Plan and manage information technology projects   Define and plan employee training programs for internal staff  Maintain production database applications   Analyze system performance and make recommendations to management for infrastructure upgrades and/or changes   Reduce system downtime by diagnosing and resolving complex technology related issues   Negotiate vendor contracts to ensure the correct product at the lowest cost   Streamlined internal communication platform  Perform routine vulnerability and risk assessments for company infrastructure   Perform regular security audits of internal infrastructure and applications   Implemented Voice Over Internet Protocol Phone System for entire organization   Manage corporate website and made necessary edits and adjustments   Work with various departments to determine technology needs  Provide end user support to in-office and remote users.          Senior Technical Analyst    October 2010   to   December 2013     Company Name   －   City  ,   State      Manage team of help desk technicians to ensure excellent customer satisfaction and prompt issue resolution for over 30 clients   Maintain & monitor ticket queue for myself and other technicians  Work with technicians to determine correct issue escalation path  Administer various information technology systems and applications   Analyze system performance and make recommendations to management for infrastructure upgrades and/or changes   Maintain consistent communications with client point of contact   Own complex client help desk and infrastructure rollouts   Develop detailed technical documentation and processes for the clients   Work closely with the Director of IT to develop help desk policies and procedures   Make technical recommendations to clients based on need and cost  Act as account owner for select accounts   Formulate monthly help desk budget and manage accordingly   Work with team and vendors on technical training needs.          Director of Information Technology    January 2010   to   October 2010     Company Name   －   City  ,   State      Manage corporate network and ensure high system availability.  Develop backup and disaster recovery plan   Reduce system downtime by diagnosing and resolving complex technology related issues   Administer MPLS network between remote locations   Coordinate construction and configuration of remote offices  Implement corporate infrastructure monitoring program   Manage corporate phone and voice mail systems   Provide quality support to all personnel   Communicate with President/CEO on all technical matters.          Director of Information Technology    June 2004   to   December 2009     Company Name   －   City  ,   State      Manage corporate network and ensure high system availability  Maintain disaster recovery methods and backup procedures  Administer 68 Local Area Networks Investigate and implement a document management solution   Manage internal phone switch voice mail system   Oversee IT staff to ensure job expectations are met and train in any deficiencies   Implement an incident reporting system that allows tacking of issues and their correction in a timely manner   Formulate departmental policy and procedure documents   Create annual IT budget and monitor all IT-related expenditures  Research and recommend system development priorities  Effectively communicate relevant IT-related information to superiors  Communicate with all departments to ensure all Information Technology needs are met   Write technical documentation for hardware and software installation,  end-user support documents and client PC standards  Negotiate with vendors to create a cost effective solution for hardware, software and maintenance agreements   Provide end-users with training classes on Microsoft Office products   Reduced cell phone bills by 40% and travel expenses by 45% by implementing policy and procedures for each   Exceeded job expectations with minimal supervision required.          Project Manager    June 2000   to   December 2003     Company Name   －   City  ,   State      Provide leadership and direction to installation team members by investigating the radiology department workflow, gathering requirements, managing scope and ensuring quality throughout the installation   Work with the sales team to determine the PACS, Radiology Information Systems and/or Hospital Information System needs of the imaging center or hospital   Coordinate with vendors, hospital staff and hospital administration to determine the project timeline   Aware of HIPAA guidelines and their implications throughout the project timeline   Investigate Radiology modalities to determine DICOM compatibility and/or upgrade needs   Participate in all aspects of equipment installations   Communicate feedback to management regarding the needs of the sites   Develop procedures to deploy client PCs with a standard image and security policies   Work with help desk team to develop consistent help desk methods and call logging techniques            Education      Bachelor of Science   :   CyberSecurity  ,   May 2015    University of Maryland University College   －   City  ,   State       CyberSecurity           Computer Information Systems  ,   August 1993    Middle Tennessee State University   －   City  ,   State      Computer Information Systems        Skills     Antivirus, Backup Exec, Backup, budget, Cisco Router, Cisco, Citrix, hardware, contracts, client, clients, customer satisfaction, database applications, Database Management, DELL, direction, disaster recovery, document management, Email, employee training, Ethernet, Firewall, help desk, image, imaging, Information Systems, Information Technology, Local Area Networks, leadership, Linux, logging, Mac, Director, managing, Exchange, Microsoft Office Suite, Office, Microsoft Office products, SharePoint, Windows 9, 2000, NT, migration, Network, Networking, PACS, personnel, Phone System, policies, processes, Property Management, quality, Radiology, reporting, Research, sales, software installation, supervision, Switch, Symantec, TCP/IP, user support, technical training, technical documentation, phone, Toshiba, Trend, upgrades, upgrade, VPN, Vista, voice mail, website, Windows Server, workflow    ","Job Title: Backend Developer
Requirements: Strong background in aws, django, docker, mysql, postgresql.
Experience: Minimum 2 years of relevant experience required.
Education: Master's degree in Computer Science or related field required.
",linux,aws;django;docker;mysql;postgresql,0,2,bachelor,master,0.0,0.0,0.0,46.34,11.59,0,0,Weak,train,kaggle,INFORMATION-TECHNOLOGY,,,
PK004228,K01409,J00169,other,fullstack,"         SUSHI CHEF           Core Strengths          Highly responsible and reliable  Extensive hospitality background  Exceptional interpersonal skills  Works well under pressure       Food safety understanding  Master of sales techniques  Mathematical aptitude  Upbeat, outgoing and positive            Accomplishments      ServSafe Certified   Food Preparation  Maintained daily cleanliness of broiler and fryers.  Answered telephone calls and responded to inquiries.  Assigned patrons to tables suitable for their needs and according to rotation  Checked temperatures of freezers, refrigerators, and heating equipment to ensure proper functioning.  Cleaned and organized eating, service and kitchen areas.  Seasoned and cooked food according to recipes or personal judgment and experience.        Experience      Company Name    City  ,   State    Sushi Chef   10/2014   to   Current       Working at Wasabi's Downtown entailed the same tasks a sushi chef as Sushi Time, only I am now second chef instead of head chef. I feel like I am again coming to the point where I would like a new opportunity to start from the bottom as I have done in the past at Sushi Time and The 5 Spot.         Company Name    City  ,   State    Dishwasher/ Line Cook   04/2014   to   10/2014      Working at The 5 Spot was a really awesome experience for me. It provided some of the more conventional style kitchen and line cook experience that I had not so much been exposed to at Sushi Time. I also started off at the dishwashing position here. Although I was only there for a short period of time, the exposure to this type of kitchen environment was something that I had been missing in my culinary experience. It also posed a challenge for me since I have been mostly making sushi for the better part of the last few years. The 5 Spot was a highly fast-paced neighborhood kitchen. So, you had to be quick all around and good knife skills are a must. I really enjoyed the challenge of once again having to start all over from the bottom and work my way back up. I ended up leaving The 5 Spot due to constant management changes and an offer to work for my old boss again.         Company Name    City  ,   State    Host, Server, Dishwasher, Cook   03/2008   to   03/2014      Sushi Time Towa is the first restaurant i have worked for. I have been employed by Sushi Time for six years where I started at the very bottom and worked my way to the top. I have worked as a host and as a server which consisted of me greeting customers, helping them to their seats, grabbing their drinks and orders and doing my best to give them the utmost service and keep a smile on their face. I worked as a host/server for about a year, so most of my time has really been spent working in the kitchen and making sushi. In order for me to work my way up through the ranks to sushi, I started at the very bottom in the dish pit. This consisted of me washing all dishes, pots, pans, and silverware. I was also required to prep meats and veggies. Having started at the dish/prep position, these tasks really helped me build a strong work ethic and develop great knife skills as well. I then moved over to cooking which consisted of still participating with prep work, but also cooking and frying all orders. Prep consisted of cutting chicken, beef, shrimp, squid, and all types of veggies. I have been doing sushi now for 3 years. That is, Monday-Saturday 10-10, give or take a few hours. I have had random days off here and there and some holidays, but for the most part 12 hours a day, 6 days a week. I have developed such a passion for food and seeing a smile on a person's face when they bite into the food and love it. I love being in an environment conducive for success and working hard while loving what I do. Being a sushi chef at Sushi Time consists of a wide range of tasks. I've received serve safe managerial training, so I am in charge of making sure everything is clean and up to code. I'm also in charge of going over inventory; ranging from paper/plastics, to all meats and veggies, also drinks and alcohol. This task also means I must handle all ordering trough the different distributors and vendors we may use. My job requires me on a daily basis to: cook and marinate rice, cut and prepare fish for the day, making sushi-rolls, nigiri, sashimi, platters etc. Im also required to assist customers sitting at the sushi bar with any inquiries or concerns they may have. Over the course of the 6 years i have been employed by Towa, I have gained so much. Ive matured so much through this job and sushi really has become such a passion of mine. I am a really hard worker who is also fun to work with, who is merely seeking a new opportunity to further my skill set and continue doing what i love. I have a positive attitude and a willingness to learn. And I have no problem adjusting to any style or training. I will work any days/nights or weekends and holidays if necessary.         Educational Background      Associate of Applied Science  :  Electrical-Computer Engineering   2012     Savannah Technical College  ,   City  ,   State  ,   United States             GED  :  General Education    Wayne County Highschool  ,   City  ,   State  ,   United States     Wayne County High school Grades 9-11 Glynn Adult Literacy program-GED         Skills       ","Job Title: Full Stack Developer
Requirements: Strong background in express, javascript, python, react.
Experience: Minimum 2 years of relevant experience required.
Education: Master's degree in Computer Science or related field required.
",,express;javascript;python;react,6,2,master,master,0.0,100.0,100.0,37.33,44.33,0,0,Weak,train,kaggle,CHEF,,,
P002017,R00504,J00194,fullstack,fullstack,"Summary: Results-driven developer with 2 years of hands-on industry experience.
Technical Skills: aws, express, git, mongodb, python, sql, typescript.
Experience: Total of 2 years experience in software development and team collaboration.
Education: Bachelor of Science in Information Technology.
","Job Title: Full Stack Developer
Requirements: Strong background in aws, javascript, node, react, typescript.
Experience: Minimum 4 years of relevant experience required.
Education: Master's degree in Computer Science or related field required.
",aws;express;git;mongodb;python;sql;typescript,aws;javascript;node;react;typescript,2,4,bachelor,master,40.0,50.0,0.0,66.88,42.72,0,0,Weak,val,synthetic,,,,
P000267,R00066,J00166,frontend,frontend,"Summary: Software engineer with 7 years of experience building scalable applications.
Technical Skills: css, express, git, github, html, node, react, typescript, vue.
Experience: Total of 7 years experience in software development and team collaboration.
Education: BCA in Computer Applications.
","Job Title: Frontend Developer
Requirements: Strong background in css, html, typescript, vue.
Experience: Minimum 2 years of relevant experience required.
Education: PhD or doctorate preferred.
",css;express;git;github;html;node;react;typescript;vue,css;html;typescript;vue,7,2,bachelor,phd,100.0,100.0,0.0,100.0,85.0,1,3,Strong,train,synthetic,,,,
PK004588,K01529,J00049,other,fullstack,"         FINANCE COORDINATOR         Highlights        Microsoft Excel, Word, Access, PowerPoint, MS Outlook, SAP, Marketing Funds System, Siebel, AS400/Mainframe, Baan ERP, SharePoint, Salesforce.com, SAP CRM              Experience     05/2014   -   Current     Company Name   －   City  ,   State    Finance Coordinator        SUMMARY	Dedicated accounting and finance professional with proficient analytical, budget processing, supporting and researching experience that includes general ledger reconciliation, data management and analysis, auditing, accounts payable and accounts receivables.  Successful at managing multiple assignments while meeting tight deadlines.  Adept at building productive, cross-functional team relationships, and leveraging these relationships to gain cooperation in resolving issues.         02/2012   -   05/2014     Company Name   －   City  ,   State    Master Data Specialist        Accurately created customer master data records and sales hierarchies in SAP.  Served as subject matter expert on Warehouse Direct (WD) accounts, addressing escalated issues and answering questions from the business regarding WD processes.  Involved in SharePoint project which reduced the WD account create and change work flow process time by half.         12/2008   -   02/2012     Company Name   －   City  ,   State    Financial Analyst        Worked closely with pharmaceutical client CFO and controller generating reports and reconciliations to assist in cash flow forecasting.  Performed reconciliations utilizing Excel techniques including V-lookups and pivot tables.  Consistently managed and completed month end close process within five business days.  Processed client approved write-offs, accruals, journal entries and posted transactions to the general ledger.  Assisted account analysts in collection of past due open accounts receivables.  Participated in the recommendation, development, testing and implementation of department automated AR Reconciliation tool, which significantly reduced the manual matching work performed by the department Financial Analysts.  Received several recognition awards for commitment to teamwork, initiative, process improvements and customer service.         08/2006   -   07/2008     Company Name   －   City  ,   State    Financial Analyst        Maintained and accurately loaded multi-million dollar marketing budgets and forecasts into the Marketing Funds sub-ledger.  Supported brand marketing managers by providing analysis and weekly reporting on marketing spend actual results versus forecast in SAP and Marketing Funds.  Met quarterly with brand managers to ensure activity based spend was in-line with forecasted budget.  Assisted finance manager with period end and yearly close functions.  Documented and tracked all forecast changes between brands and programs in the Marketing Funds system and Access database; quarterly reconciling budget dollars within the two systems.  Assumed lead role for reporting inventory status to brand managers and assisting in the resale of overstock items; analysis - researched variances.  Coordinated annual Accrual process.  Audited payment requests in excess of 75k for correct general ledger coding and adherence to GAAP guidelines.         02/2000   -   08/2006     Company Name   －   City  ,   State    Trade Promotion Specialist        Accounting Pre-audited and processed trade marketing and bottler coop reimbursements to conform to GAAP guidelines.  Analyzed and adjusted trade budgets to actual to facilitate year-end close process.  Prepared period and year-end close journal entries for multiple general ledger and cost center combinations.  Created customized reconciliation forms and reports, using Excel techniques including macros, V-lookups, and pivot tables.  Led and executed department training; trained new hires on Marketing Funds System, SAP and reconciling procedures.  Participated in the development, testing and documenting of department reconciling tool.  Oversaw department records retention/retrieval system; received ""What Outstanding Work"" (WOW) award for initiative and independent effort.  Received ""Shooting Star"" award for individual contribution to team's overall successful accomplishments.          Education     2016     Columbia Southern University  City  ,   State      B.S  :   Business Administration/Finance    Business Administration/Finance        Skills    Accounting, accounts payable, accounts receivables, accruals, Accrual, AR, AS400, auditing, Baan, brand marketing, budgets, budget, cash flow, com, controller, CRM, client, customer service, data management and analysis, drivers, ERP, finance, Financial, forecasting, forms, functional, Funds, general ledger, inventory, ledger, macros, Mainframe, managing, marketing, Access, Access database, Microsoft Excel, Excel, MS Outlook, PowerPoint, SharePoint, Word, month end close process, pivot tables, processes, coding, promotion, reconciling, reporting, researching, sales, SAP, Siebel, simulation, Six Sigma, teamwork, year-end   ","Job Title: Full Stack Developer
Requirements: Strong background in aws, docker, javascript, mongodb, node, python.
Experience: Minimum 5 years of relevant experience required.
Education: Relevant practical experience valued; no strict degree requirement.
",,aws;docker;javascript;mongodb;node;python,0,5,master,none,0.0,0.0,100.0,33.17,23.29,0,0,Weak,train,kaggle,FINANCE,,,
PK004248,K01416,J00139,other,fullstack,"         CHEF MANAGER       Professional Summary     Food Production Management – K12 Chef Management Experience – National School Lunch Program Oversight – Food Safety Champion – Culinary Innovation – Proven Team Leader – Creative Recipe Presentations – Training & Development – Contract Management- Inventory and ordering management– Procurement Analysis – Auditing Management – Waste management skills – Food Cost & Labor Management – Strong Catering abilities – Restaurant Management skills – Team Player – Excellent communication skills – MS Office Proficient – Budgeting & Invoice competencies – Food Allergy/medical condition trained – Quick Books – Quicken– Newton POS– Cater Trax knowledgeable – Menu Software Proficient waste management savvy- La ethics trained       Skills          Food spoilage prevention  Kitchen Management  Menu planning  Recruiting and Hiring  Cooking skills  Supply ordering  Budgeting  Food plating and presentation  Signature dish creation  Forecasting and planning      Baking and broiling skills  Recipes and menu planning  Sanitation guidelines  Workflow Optimization  Food inventories  Performance assessments  Adaptability  Cultural awareness  Written Communication            Work History      Chef Manager     08/2020   to    Current       Company Name    –    City  ,   State        Placed food orders with suppliers on weekly basis, taking into account kitchen budget and expected demands.  Hired, trained and managed all kitchen staff, including employee development, issuing disciplinary action and conducting performance reviews.  Kept kitchen staff in compliance with safety and food regulations to reduce opportunities for illness or accidents.  Scheduled and received food and beverage deliveries, adhering to food cost and budget.  Pitched in to work line during busy periods or in place of sick employees.  Maintained high food quality standards by checking delivery contents to verify product quality and quantity.  Responded to dietary concerns and food allergies, creating dishes to meet customer needs and palates.  Properly handled and stored food to eliminate illness and prevent cross-contamination.  Collaborated with Lusher Elementary in production or modification of menus and selections.         Chef Manager     08/2019   to   03/2020      Company Name    –    City  ,   State        Placed food orders with suppliers on weekly basis, taking into account kitchen budget and expected demands.  Hired, trained and managed all kitchen staff, including employee development, issuing disciplinary action and conducting performance reviews.  Kept kitchen staff in compliance with safety and food regulations to reduce opportunities for illness or accidents.  Recruited and hired employees to build effective culinary team for $1.5 million annual revenue-producing restaurant in New Orleans.  Prevented cross-contamination from utensils, surfaces and pans when cooking and plating meals for food allergy sufferers.  Evaluated inventory levels on weekly basis and placed orders to restock Cooler and Dry items before supplies ran out.  Prepared meals from scratch using authentic, popular recipes to generate repeat business.  Averaged a  $.98 food production cost  while feeding over two thousand children  Achieved  83% participation rate (enrollment), including breakfast and snack meals   Managed  USDA/DOD funds  Experienced with Union workers and union practices         General Manager of Operations     01/2017   to   07/2017      Company Name    –    City  ,   State        Created, managed and executed business plan and communicated company vision and objectives to motivate teams.  Improved productivity while reducing staffing and operational costs by 7.5%.   Recruited, interviewed, hired, and developed  team members  that exemplify company culture and values. Conduct performance appraisals, coaching, counseling, motivating, and recognition activities to retain and develop the store team.  Advanced productivity KPIs by leading trainings on procedures and safety practices.   Closed store without incurring lease penalties and in excellent standing with building management.          Operations Manager     01/2010   to   11/2016      Company Name    –    City  ,   State        Devised, deployed and monitored processes to boost long-term business success and increase profit levels.  Set, enforced and optimized internal policies to maintain efficiency and responsiveness to demands.  Reduced average contract expenses by 16% through aggressive negotiations with vendors.  Effectively grew business and  manage sales revenues in excess of $450,000 annually.    Worked closely with team to help business   win several awards   — Small Business of the Year (Gambit magazine), King Cake of the Year (2015, NOLA.com), Best of the Rest (2016, Youth Leadership Council), and others  Documented safety action plans, quality initiatives, and team performances.         Education      Associate of Arts  :   Pastry Arts     05/2009     University of New Orleans    -
                          City                Bachelor of Science  :   Business Management     05/2005     Northwestern State University of Louisiana    -
                          City  ,
                          State         Graduated with 3.1 GPA  Graduated in Top 17% of Class  Minored in Marketing         Certifications      Certified Servsafe, Expiration 2024  Member of the American Institute of Culinary Professionals 2019  Culinary Innovation of America Jr Board member     ","Job Title: Full Stack Developer
Requirements: Strong background in git, javascript, python, react, typescript.
Experience: Minimum 2 years of relevant experience required.
Education: Master's degree in Computer Science or related field required.
",,git;javascript;python;react;typescript,0,2,bachelor,master,0.0,0.0,0.0,37.49,9.37,0,0,Weak,train,kaggle,CHEF,,,
P001376,R00344,J00054,fullstack,fullstack,"Summary: Results-driven developer with 2 years of hands-on industry experience.
Technical Skills: aws, git, javascript, linux, node, python, react, sql, typescript.
Experience: Worked for 2 years as a software engineer delivering production systems.
Education: B.Tech in Computer Science.
","Job Title: Full Stack Developer
Requirements: Strong background in docker, git, node, sql, typescript.
Experience: Minimum 1 years of relevant experience required.
Education: Bachelor's degree in Computer Science or related field required.
",aws;git;javascript;linux;node;python;react;sql;typescript,docker;git;node;sql;typescript,2,1,bachelor,bachelor,80.0,100.0,100.0,84.22,88.06,1,3,Strong,train,synthetic,,,,
PK005841,K01947,J00070,other,backend,"    Work History      Company Name                    CONSTRUCTION LABORER         Accomplishments      Puesto que solicita:          Fecha: Almeda-Genoa Constructors se ha comprometido a la igualdad de oportunidades para los solicitantes y empleados sin distinción de raza, color, sexo, edad, religión, origen nacional, discapacidad, estado civil, condición de veterano, orientación sexual, información genética.  cualquier otra característica protegida por la ley.  Esta política se aplica a todos los términos y condiciones de empleo, incluyendo pero no limitado a, contratación, capacitación, promociones, disciplina, traslados, excedencias y la terminación del empleo.  Informe al Departamento de Recursos Humanos de la empresa si necesita ayuda para completar esta solicitud de empleo.  POR FAVOR ESCRIBA O IMPRIMA.  Complete cada sección de esta solicitud y adjunte un curriculum vitae si usted tiene uno.  Name /Nombre(Sr./Sra., nombre, apellido): Direccion :          Ciudad, Estado, Código Postal: Teléfono de casa:          Teléfono de trabajo:          Otro Teléfono:          Correro Electrónico: Fecha en que puede empezar a trabajar:          Salario Solicitado: Tiene 18 años de edad.  más.  Sí          No Está usted autorizado para trabajar       Sí          No en los Estados Unidos.  Usted ahora,.  que en el futuro,          Sí          No requiere patrocinio para la visa de trabajo.  HABILIDADES: Por favor indique cualquier capacitación,.  cualificaciones que usted tenga para el trabajo solicitado.  Incluya conocimientos de paquetes de software y sistemas informáticos pertinentes e indique su nivel de conocimiento básico, intermedio, experto).  Adjunte páginas adicionales si es necesario.  1 Cómo se enteró acerca de Almeda-Genoa Constructors.  Marque todas las que aplican: Agencia de Empleo (Nombre:          _) Recomendación de actual empleado (nombre: ___________________) Página Web de la compañía Periódico, Revista ( (name:          _) Feria de empleo Otro (Por favor especifica:__________________________________________) EDUCACIÓN Nombre y ubicación          Mayor grado.  nivel          Grado.  diploma Tipo de escuela          completado Escuela Primaria Escuela Secundaria Universidad Otros titulos, certificados.  afiliciaciones profesionales relevantes para el trabajo solicitado: 2 EXPERIENCIA LABORAL Y VOLUNTARIADO.  Incluya su experiencia laboral previa.  Tambien incluya su experienca relevante como voluntario.  Por favor comience enumerando desde la experienca mas reciente.  Puede adjuntar su C.V.  pero debe ademas completar la informacion solicitada.  Para que podamos verificar la experiencia previa, indique si hautilizado otro nombre en cualquiera de sus trabajos anteriores.  No  Sí (indicar el nombre y especifique la organización ________________________________________) Título del Puesto          Salario fechas De / A Nombre de la organización, Nombre del supervisor / Información de contacto:    Por que dejo este empleo.  Título del Puesto          Salario fechas De / A Nombre de la organización, Nombre del supervisor / Información de contacto:    Por que dejo este empleo.  Título del Puesto          Salario fechas De / A Nombre de la organización, Nombre del supervisor / Información de contacto:    Por que dejo este empleo.  Título del Puesto          Salario fechas De / A Nombre de la organización, Nombre del supervisor / Información de contacto:    Por que dejo este empleo.  3 REFERENCIAS PROFESIONALES Enumere tres personas no relacionadas con usted que tengan conocimiento de su rendimiento en el trabajo.  Nombre          número de teléfono.  dirección de correo electrónico Cuándo y dónde se trabaja con este individuo.  Nombre          número de teléfono.  dirección de correo electrónico Cuándo y dónde se trabaja con este individuo.  Nombre          Número de teléfono.  dirección de correo electrónico Cuándo y dónde se trabaja con este individuo.  LEA LAS INSTRUCCIONES QUE FIGURAN A CONTINUACIÓN SOBRE REQUISITOS DE CADA ESTADO ANTES DE RESPONDER A LA SIGUIENTE CUESTIÓN: Alguna vez ha sido condenado por un delito que no ha sido borrado, indultado, anulados, reglamentariamente erradicado, embargado.  sellado por el Tribunal.  Los antecedentes penales no constituyen un impedimento automático para el empleo y sólo se considerarán aquellos que afecten sustancialmente y de manera razonable al trabajo en cuestión.  Si          no hay registro _______ Si ha seleccionado Sí, por favor explique: INSTRUCTIONS: Los solicitantes de California: Usted debe responder ""No Record"" con respecto a: 1) Cualquier delito menor por el cual la libertad condicional se ha completado.  descargada y el caso ha sido desestimado judicialmente;.  2) Cualquier condena (o registro con respecto a la condena) que dio lugar a un ingreso y la participación en cualquier programa de desviación previo.  posterior al juicio ;.  3) Una condena por consumo.  posesión de marihuana que tenga más de dos años de antiguedad en el momento que se relleneesta aplicación.  Los solicitantes Georgia: Usted puede contestar ""No Record"" con respecto a cualquier caso dado de alta en virtud de la Primera Ley sobre la delincuencia.  Los solicitantes de Massachusetts: no deben responder a la pregunta anterior con respecto a información de antecedentes penales.  Los solicitantes del estado de Washington: Limite su respuesta a las condenas para los que la fecha de la condena.  prisión liberación, lo que sea más reciente, se encuentra dentro de los últimos diez (10) años.  4 CERTIFICACIÓN SOLICITANTE Por favor iniciales en cada párrafo y firme abajo.  Certifico que todas las respuestas y declaraciones hechas por mí en esta solicitud son verdaderas y completas a lo mejor de mi conocimiento, y que no he ocultado ninguna información que pudiera afectar mi consideración para el empleo.  Entiendo que cualquier falsificación, falsedad u omisión de la información presentada en esta solicitud, mi hoja de vida,.  en cualquier entrevista (s) constituirá un supuesto de denegación.  terminación inmediata del empleo.  Entiendo que nada en esta solicitud de empleo se pretende ni debe interpretarse como una oferta, acuerdo.  contrato de trabajo.  Además, entiendo que el empleo en Dragados EE.UU.  es ""a voluntad"", lo que significa que tanto la Compañía y sus empleados son libres de poner fin a la relación laboral en cualquier momento, con.  sin causa.  aviso previo.  En el caso de que yo soy empleado de Almeda-Genoa Constructors estoy de acuerdo en cumplir con todas sus políticas de empleo y su Código de Ética y Código de Conducta.  Almeda-Genoa Constructors se reserva el derecho a modificar.  cancelar sus políticas en cualquier momento, con.  sin causa.  aviso previo.  Entiendo que cualquier oferta de empleo que pueda recibir es contingente sobre una finalización con éxito del proceso de selección de empleados de la compañía, el resultado de los cuales debe ser satisfactoria para la Compañía.  Este proceso puede incluir un fondo y verificación de referencia, y un examen físico de pre-empleo.  Entiendo que ningún representante.  agente de Dragados EE.UU., tiene la autoridad para hacer cualquier acuerdo que sea contrario a lo anterior, sin la autorización por escrito del Presidente.  Todo acuerdo debe ser por escrito y firmado por el presidente al ser vinculante para la empresa.  Firma Feche Esta solicitud de empleo es bueno para sólo 60 días.  Consideración para el empleo después de 60 días requiere una nueva aplicación.  5 Para información en español, visite www.consumerfinance.gov/learnmore.  agency, the agency must investigate unless your dispute is escribe a la Consumer Financial Protection Bureau, 1700 G Street N.W..,          frivolous.  See www.consumerfinance.gov/learnmore for an Washington, D.C.  20006.  explanation of dispute procedures.  A Summary of Your Rights Under the Fair Credit Reporting Act Consumer reporting agencies must correct or delete The federal Fair Credit Reporting Act (FCRA) promotes the accuracy, fairness, and          inaccurate, incomplete, or unverifiable information.  privacy of information in the files of consumer reporting agencies.  There are many          Inaccurate, incomplete or unverifiable information must be types of consumer reporting agencies, including credit bureaus and specialty          removed or corrected, usually within 30 days.  However, a agencies (such as agencies that sell information about check writing histories,          consumer reporting agency may continue to report information it medical records, and rental history records).  Here is a summary of your major          has verified as accurate.  rights under the FCRA.  For more information, including information about additional rights, go to www.consumerfinance.gov/learnmore or write to: Consumer reporting agencies may not report outdated Consumer Financial Protection Bureau, 1700 G Street N.W.., Washington,          negative information.  In most cases, a consumer reporting D.C.  20006.  agency may not report negative information that is more than You must be told if information in your file has been used against          seven years old, or bankruptcies that are more than 10 years old.  you.  Anyone who uses a credit report or another type of consumer Access to your file is limited.  A consumer reporting agency may report to deny your application for credit, insurance, or employment -          provide information about you only to people with a valid need -- or to take another adverse action against you - must tell you, and must          usually to consider an application with a creditor, insurer, give you the name, address, and phone number of the agency that          employer, landlord, or other business.  The FCRA specifies those provided the information.  with a valid need for access.  You have the right to know what is in your file.  You may request and You must give your consent for reports to be provided to obtain all the information about you in the files of a consumer reporting          employers.  A consumer reporting agency may not give out agency (your ""file disclosure"").  You will be required to provide proper          information about you to your employer, or a potential employer, identification, which may include your Social Security number.  In many          without your written consent given to the employer.  Written cases, the disclosure will be free.  You are entitled to a free file          consent generally is not required in the trucking industry.  For disclosure if:          more information, go to www.consumerfinance.gov/learnmore.  a person has taken adverse action against you You may limit ""prescreened"" offers of credit and insurance because of information in your credit report; you get based on information in your credit report.  you are the victim of identify theft and place a fraud          Unsolicited ""prescreened"" offers for credit and insurance must alert in your file;          include a toll-free phone number you can call if you choose to.  your file contains inaccurate information as a result          remove your name and address from the lists these offers are of fraud;          based on.  You may opt-out with the nationwide credit bureaus at.  you are on public assistance;          1-888-5-OPTOUT (1-888-567-8688).  you are unemployed but expect to apply for You may seek damages from violators.  If a consumer reporting employment within 60 days.  agency, or, in some cases, a user of consumer reports or a In addition, all consumers are entitled to one free disclosure every 12 months upon          furnisher of information to a consumer reporting agency violates request from each nationwide credit bureau and from nationwide specialty          the FCRA, you may be able to sue in state or federal court.  consumer reporting agencies.  See www.consumerfinance.gov/learnmore for additional information.  Identity theft victims and active duty military personnel have additional rights.  For more information, visit You have the right to ask for a credit score.  Credit scores are          www.consumerfinance.gov/learnmore numerical summaries of your credit-worthiness based on information from credit bureaus.  You may request a credit score          States may enforce the FCRA, and many states have their own consumer from consumer reporting agencies that create scores or distribute          reporting laws.  In some cases, you may have more rights under state law.  For scores used in residential property loans, but you will have to pay         more information, contact your state or local consumer protection agency or for it.  In some mortgage transactions, you will receive credit          your state Attorney General.  Federal enforcers are score information for free from the mortgage lender.  You have the right to dispute incomplete or inaccurate information.  If you identify information in your file that is incomplete or inaccurate, and report it to the consumer reporting.        Skills    Compliance Management, Credit, DC, Mail, Office, word, reporting, Supervision      Professional Summary     Responsible [ Job title ] enthusiastic about supporting best practices in hospital operations, compliance and healthcare management. Demonstrated strengths in multi-area management, quality assurance and service. Resourceful professional and collaborative team player.  Energetic [ Job title ] dedicated to efficient and effective collaboration between care teams, patients and families. Outgoing professional with collaborative and flexible approach to reaching mutually beneficial resolutions.  Experienced Patient Care Coordinator proficient in directing patient care programs that are both high-quality and efficient.  Hardworking Patient Care Coordinator bringing [ Number ] years' experience in the field. Expertise includes administration and program management.  Motivated [ Job title ] knowledgeable about healthcare management, hospital practices and regulatory compliance. Talent for overseeing multiple areas without sacrificing quality or service. Hardworking professional and passionate patient advocate.  Compassionate Certified Nursing Assistant adept at bathing, grooming and feeding elderly and disabled patients. Familiar with advanced medical terminology and procedures.  Level-headed health professional who remains calm and effective in extremely difficult and stressful situations. Strong belief in importance of companionship and support in patient care.  Motivated CNA with a highly effective communication style. Efficient worker who demonstrates strong time management and prioritization skills.       Skills          Organizational skills  Team leadership  Problem solving  Claims processing  Regulatory compliance  Healthcare operations  Process improvements  Strategic planning  Documentation  Monitoring tools  Scheduling  Organizational standards      Decision making  Goal setting  Verbal and written communication  Interdepartmental collaboration  Multitasking ability            Work History      Construction Laborer  ,     02/2014  
                            to   11/2017     Company Name   –   City  ,
                          State      Consistently assumed additional responsibilities and worked extended hours to meet project deadlines.  Monitored inventory and reported items to be restocked for each job.  Prepared and cleaned construction sites by removing debris.  Loaded and unloaded building materials used for construction.  Operated equipment such as  [Machine type]   and  [Machine type]  .  Requisitioned new supplies and equipment.  Dug trenches, backfilled holes and compacted earth to prepare for new construction.         Supply Chain Specialist  ,     08/2013  
                            to   03/2017     Company Name   –   City  ,
                          State      Conducted  [Analysis type]   analysis and incorporated findings by  [Action taken]  .  Supervised a team of  [Number]   area managers and  [Number]   associates.  Established project control procedures such as project forecasts and cash flow projections.  Helped earn the company  [Number]  % customer satisfaction ratings on  [Website]   by  [Action taken]  .  Completed  [Number]   performance reviews each quarter, offering praise and recommendations for improvement.  Spearheaded cross-functional initiative to achieve  [objective]  .  Worked directly with  [departments, clients, management]   to achieve  [result]  .  Created new revenue streams through  [actions]  .  Developed and rolled out new policies.  Hired and trained  [Number]   of staff.  Exceeded company objectives with  [results]  .  Increased profits by 60% in one year through restructure of business line.         Patient Care Assistant  ,     08/2013  
                            to   03/2017     Company Name   –   City  ,
                          State      Measured effectiveness with team and implemented recommendations for long term improvements.  Maintained confidentiality and compliance standards at all times.  Evaluated effectiveness of current strategies with interdisciplinary team and utilized recommendations to make permanent improvements to care standards.  Upheld confidentiality requirements and regulatory compliance guidelines in all areas.  Met with patients and families to discuss care and plan of action for future.  Maximized preventative care utilization to reduce hospital burden and help eliminate readmissions.  Reviewed each step of patient care and made proactive adjustments to avert issues.  Worked with patients and families to develop future plans and discuss care actions.  Performed as subject matter expert for case management processes.  Completed documentation of care, hospital actions and patient activities.  Updated documentation and reports detailing patient activities, care actions and hospital determinations.  Coordinated charitable, government and community resources for patients.  Connected patients with available community and charitable resources.         Education      High School Diploma  :   diploma  ,
                          2007     Lamar High School   -                certification CNA  :   health care  ,
                          2012     Houston Community College - Coleman College for Health Sciences   -   City  ,
                              State           certifications  :   heavy equipment operator, OSHA 10, NCCER, Construction site safety, Core Curriculum, Core Curriculum:Introductory Craft skills  ,
                          2017     Houston Launch Pad   -   City  ,
                              State           Certifications      Licensed/Certified Home Health Aide  Certified Nurses Aide     ","Job Title: Backend Developer
Requirements: Strong background in git, java, mongodb, postgresql, spring boot.
Experience: Minimum 5 years of relevant experience required.
Education: Bachelor's degree in Computer Science or related field required.
",c,git;java;mongodb;postgresql;spring boot,10,5,bachelor,bachelor,0.0,100.0,100.0,38.88,44.72,0,0,Weak,test,kaggle,CONSTRUCTION,,,
P001238,R00309,J00022,fullstack,data_ml,"Summary: Results-driven developer with 3 years of hands-on industry experience.
Technical Skills: aws, docker, express, git, javascript, linux, mongodb, node, python, typescript.
Experience: Worked for 3 years as a software engineer delivering production systems.
Education: BCA in Computer Applications.
","Job Title: ML Engineer
Requirements: Strong background in pytorch, scikit-learn, sql, tensorflow.
Experience: Minimum 4 years of relevant experience required.
Education: Bachelor's degree in Computer Science or related field required.
",aws;docker;express;git;javascript;linux;mongodb;node;python;typescript,pytorch;scikit-learn;sql;tensorflow,3,4,bachelor,bachelor,0.0,75.0,100.0,32.34,38.09,0,0,Weak,train,synthetic,,,,
P000553,R00138,J00003,devops,devops,"Summary: Software engineer with 4 years of experience building scalable applications.
Technical Skills: aws, azure, github, kubernetes, linux, sql.
Experience: Total of 4 years experience in software development and team collaboration.
Education: PhD in Machine Learning.
","Job Title: DevOps Engineer
Requirements: Strong background in docker, gcp, linux, python.
Experience: Minimum 3 years of relevant experience required.
Education: Bachelor's degree in Computer Science or related field required.
",aws;azure;github;kubernetes;linux;sql,docker;gcp;linux;python,4,3,phd,bachelor,25.0,100.0,100.0,48.83,57.21,0,1,Average,train,synthetic,,,,
PK005762,K01920,J00065,other,backend,"         GENERAL ACCOUNTANT       Professional Summary    I have around 6 years experiences in the field of Accounting & banking works, with Egyptians and foreign companies, I'm really honored to introduce myself as a hardworking, good Communication skills, with the highest level of integrity, honesty, loyalty, strong beliefs, goal orientated, sober habits and the desire to produce the best of the work.      Areas of Expertise        Abdul Aziz Abdul Ghafar Ahmed) Final accounts and Balance Sheet Ability to deal with the accounting program (QuickBooks). Ability to make the financial statements, accounting cycle by excel. Skill with Microsoft word. Skillfulness with computer.            Work Experience     06/2014   to   10/2016     Company Name          Completion of opening customer account using National bank of Egypt system.  Checking requests for opening an account and make sure it's compatible with the Egyptian standards for opening an account.  Serving 50 branches per day and complete nearly 500 accounts per day.  Customer Service at Green Towers Egypt, Alexandria.         03/2013   to   05/2014       Dealing directly with customers either by telephone, electronically or face to face.  Respond promptly to customer inquiries.  Handle and resolve customer complaints.  Provide pricing and delivery information.  Set up new customer accounts.  1|Page.  E-mail:Hassan_aly1014@yahoo.com         Mobile phone :( +2) 01207673477 Process orders, forms, applications and requests.  Organize workflow to meet customer timeframes.  Manage customers' accounts.  Keep records of customer interactions and transactions.  Record details of inquiries, comments and complaints.  Record details of actions taken.  Maintain customer databases.         10/2011   to   02/2013     General Accountant    Company Name   －   City        Job Description:.  Preparation of Financial and accounting reports and their presentation to the Financial Manager.  Prepare reports weekly and monthly for revenues and expense.  Prepare journal entries.  Complete general ledger operations.  Account/bank reconciliations.  Review and process expense reports.  Assist with preparation and coordination of the audit process.         08/2010   to   09/2011     General Accountant    Company Name          Job Description:.  Preparation of Financial and accounting reports and their presentation to the Financial Manager.  Prepare reports weekly and monthly for revenues and expense.  Prepare journal entries.  Complete general ledger operations.  Account/bank reconciliations.  Courses: Has fulfilled all requirements for final accounts and Balance Sheet and contracting accounts in guide for accountant center with grade excellent.          Education     May 2010     Trained as Accountant in Walid Hamdy Hashem office for Account solution from Jan      Alexandria University                    Personal Information    Full Name: Hassan Aly Aboulela Marital Status: Single. Military Status: Exempted      Languages    Arabic mother tongue. Good in both written and spoken English.      Skills    accounting, Accountant, Arabic, Balance Sheet, bank reconciliations, com, resolve customer complaints, Customer Service, databases, delivery, E-mail, English, expense reports, Financial, Financial and accounting, financial statements, forms, general ledger, Lecturer, excel, office, Microsoft word, Page, pricing, QuickBooks, telephone, phone, workflow, written      Additional Information      Personal details: Full Name: Hassan Aly Aboulela Marital Status: Single. Military Status: Exempted  3|Page     ","Job Title: Backend Developer
Requirements: Strong background in django, fastapi, mongodb, mysql, spring boot.
Experience: Minimum 4 years of relevant experience required.
Education: Master's degree in Computer Science or related field required.
",,django;fastapi;mongodb;mysql;spring boot,6,4,bachelor,master,0.0,100.0,0.0,37.62,29.4,0,0,Weak,train,kaggle,ACCOUNTANT,,,
P000376,R00094,J00074,fullstack,fullstack,"Summary: Software engineer with 3 years of experience building scalable applications.
Technical Skills: git, javascript, linux, mongodb, node, react, sql, typescript.
Experience: Total of 3 years experience in software development and team collaboration.
Education: M.Tech in Software Engineering.
","Job Title: Full Stack Developer
Requirements: Strong background in aws, docker, javascript, node, react, sql.
Experience: Minimum 1 years of relevant experience required.
Education: Bachelor's degree in Computer Science or related field required.
",git;javascript;linux;mongodb;node;react;sql;typescript,aws;docker;javascript;node;react;sql,3,1,master,bachelor,66.67,100.0,100.0,75.86,80.63,1,2,Good,train,synthetic,,,,
P001662,R00415,J00055,backend,backend,"Summary: Software engineer with 3 years of experience building scalable applications.
Technical Skills: flask, git, linux, mongodb, mysql, python, spring, sql.
Experience: Total of 3 years experience in software development and team collaboration.
Education: PhD in Machine Learning.
","Job Title: Backend Developer
Requirements: Strong background in aws, flask, java, linux, python, spring boot.
Experience: Minimum 4 years of relevant experience required.
Education: Master's degree in Computer Science or related field required.
",flask;git;linux;mongodb;mysql;python;spring;sql,aws;flask;java;linux;python;spring boot,3,4,phd,master,50.0,75.0,100.0,74.61,68.65,1,1,Average,train,synthetic,,,,
PK003386,K01128,J00180,other,backend,"         CONSULTANT           Summary      Hard-working, entry-level Office Assistant, looking to apply my education and experience to a job in Administration. Customer service-oriented Administrative Assistant skilled in greeting patients, scheduling appointments and preparing patient charts.       Highlights          Microsoft Word, Excel, PowerPoint  Detail oriented  Planning/coordinating  Team leadership  Professional demeanor  Customer Service  Customer Satisfaction      Critical thinker  Excellent research skills            Accomplishments             Experience      Company Name     January 2010   to   Current     Consultant   City  ,   State      Promote products.  Plan and execute home parties.  Educate customers about product with demonstration.  Recruit other consultants.  Help customers with individual orders.  Conduct online parties.  Maintain personal Tupperware website.  Leadership and business accounting skills.  Consulted          Company Name     June 2008   to   January 2015     Caregiver   City  ,   State      Assisted with adequate nutrition and fluid intake.  Planned, prepared and served meals and snacks according to prescribed diets.  Provided transportation, assistance and companionship to clients.  Cleaned and organized patients' living quarters.  Performed household tasks such as laundry, dusting, washing dishes and vacuuming.  Positioned residents for comfort and to prevent skin pressure problems.  Assisted with transferring residents in and out of wheelchairs and adaptive equipment.  Provided personal nursing care in pre- and post-operative situations.  Tended to patients with chronic illnesses.  Assisted with ADLs.  Sensitive to the needs of geriatric patients.  Comforted patients and provided them with reassurance and   encouragement.          Company Name     October 2010   to   April 2011     Customer Service Associate   City  ,   State      Maintained up-to-date knowledge of store policies regarding payments, returns and exchanges.  Prevented store losses using awareness, attention to detail and integrity.  Cross-trained and provided back-up for other customer service representatives when needed.  Worked as a team member performing cashier duties, product assistance and cleaning.  Expressed appreciation and invited customers to return to the store.  Assisted customers with store and product complaints.  Responsible for ringing up customers in a timely manner and guaranteeing high level of customer service.  Recommended, selected and helped locate merchandise based on customer needs and desires.  Communicated all merchandise needs or issues to appropriate supervisors.  Performed store opening duties, including counting cash drawers and checking all equipment for proper functioning.  Organized the store by returning all merchandise to its proper place.  Replenished merchandise shelves with items from the stockroom.  Took special orders in person and over the phone to generate [dollar amount] of additional revenue.  Processed merchandise returns and exchanges.          Company Name     March 2006   to   June 2010     Day Care Provider   City  ,   State      Organized activities that developed children's physical, emotional and social growth.  Made nutritious snacks and meals for children.  Established and maintained a safe play environment for the children.  Monitored children's play activities to verify safety and wellness.  Taught children personal care behaviors, including toilet training and feeding.  Stayed current on all toy and child-related recalls and safety warnings.  Continually encouraged children to be understanding and patient with others.  Coordinated field trips to local parks, fire stations and zoos.  Monitored educational progress by keeping detailed individual charts and files.  28 years infant care experience.  Instructed children in health and personal habits including eating, resting and toilet habits.  Carefully supervised children in play area.  Encouraged curiosity, exploration and problem-solving with age-appropriate playtime activities.  Conducted phone interviews with parents.  Clearly communicated to children in developmentally appropriate way.  Redirected children to encourage safe, positive behaviors.  Created daily lesson plans for activities.  Physically and verbally interacted with children throughout the day.  Used clear communication and professionalism to develop constructive relationships with families.  Used read-aloud time and alphabet games to promote early literacy.  Prepared, served and cleaned up daily meals for children.  Monitored supply and material inventory.  Maintained a safe, clean and constantly supervised play environment.  Sanitized all toys and play areas daily.  Reported health concerns and posted health warnings in case of illness.          Company Name     June 2002   to   February 2006     Seamstress   City  ,   State      Cut fabric, sewed patterns for drapes, upholstery, window treatments.  Carried industrial size bolts of fabric, operated various type of sewing machines.  On occasion supervised department when lead/supervisor was absent, operated a 2 way radio.  Helped achieve company goals by supporting production workers.  Troubleshooted problems with equipment, devices or products.          Company Name     September 2001   to   May 2003     Cook/Server   City  ,   State      Handled raw seafood, prepared and served food for customers using knives, grill, fryer, crockpot, microwave.  Accepted payment from customers and made change as necessary.  Assisted co-workers.  Cleaned and maintained the beverage area, display cases, equipment, and order transaction area  Cleaned and prepared various foods for cooking or serving  Cleaned bars, work areas, and tables  Cleaned up spilled food, drink and broken dishes, and removed empty bottles and trash  Executed various kitchen stations and assisted with, meat, fish, saute or pantry  Greeted guests and sat them at tables or in waiting areas  Inspected dining and serving areas to ensure cleanliness and proper setup  Kept drink stations clean and ready for service  Loaded dishwashers and hand-washed items such as pots, pans, knives  Performed dishwasher duties  Performed serving, cleaning, and stocking duties in establishments  Prepared dishes following recipe or verbal instructions  Prepared food items such as sandwiches, salads, soups, and beverages  Stocked supplies in serving stations, cupboards, refrigerators, and salad bars  Stored clean equipment and utensils  Used all food handling standards  Washed, peeled, cut, and seeded fruits and vegetables  Completed closing duties, including restocking items and closing out the cash drawer.  Checked in deliveries and signed off on products received.          Company Name     December 1998   to   April 2002     Nail Technician   City  ,   State      Owned and operated nail salon, performed manicuring/pedicuring services on clients.  Managed all business operations of the nail salon firm such as billing, client contact database, supplies and stock.  Educated clients about their nail care tips between follow up visits.  Responded to customer inquiries in a friendly and professional manner.  Greeted all guests and assisted them with requests and special services.  Showed appreciation to resort guests by thanking them for their business.  Organized salon paperwork and office files.  Monitored and tracked salon product contracts and deliveries.  Worked a flexible schedule to accommodate salon needs.          Education      University of Phoenix     Jun 2014       Associates  :   General Studies Healthcare Administration    City  ,   State       Health Information Administration coursework         Oakridge Sr High   Jun 1982             City  ,   State              Springfield College of Beauty     Dec 1998       Post Secondary Coursework in General studies   Minor in Accounting/Business      City  ,   State       Nail Technician training         Degree      City  ,   State               Lane Community College      High School Diploma/GED  :   General    City  ,   State  ,   US    General        Skills     Cash handling, Shipping and receiving, Professional and friendly, Careful and active listener,Multi-tasking, 10-Key, Active Learning, Calendaring, Customer Needs, Customer Service, Data Entry, Documentation, Email, Filing, Scheduling, Telephone Skills, Time Management, Travel Arrangements, Travel Booking, Travel Planning, Typing, Microsoft Excel, Microsoft PowerPoint, Microsoft Word,     ","Job Title: Backend Developer
Requirements: Strong background in aws, django, git, java, mysql.
Experience: Minimum 2 years of relevant experience required.
Education: Bachelor's degree in Computer Science or related field required.
",,aws;django;git;java;mysql,28,2,bachelor,bachelor,0.0,100.0,100.0,39.91,44.98,0,0,Weak,val,kaggle,CONSULTANT,,,
P002765,R00691,J00031,frontend,frontend,"Summary: Software engineer with 2 years of experience building scalable applications.
Technical Skills: git, javascript, node, typescript, vue.
Experience: Worked for 2 years as a software engineer delivering production systems.
Education: BCA in Computer Applications.
","Job Title: Frontend Developer
Requirements: Strong background in express, github, javascript, node, react.
Experience: Minimum 3 years of relevant experience required.
Education: Bachelor's degree in Computer Science or related field required.
",git;javascript;node;typescript;vue,express;github;javascript;node;react,2,3,bachelor,bachelor,40.0,66.67,100.0,67.65,61.25,1,1,Average,train,synthetic,,,,
PK003718,K01239,J00061,other,frontend,"         DIRECTOR         Professional Summary          Skills          PPC  Digital Media Planning  DSP  Behavioral Targeting  Comscore  SimilarWeb  Kenshoo  MS Excel, PPT  Agile Marketing  Ads, Portuguese  Advertising, Presentations  Agile, Quality  Agency, Quality control  Auditing, Reporting  Branding, Sales  Budget, Bilingual  BI, Spanish  Capital Markets, Strategy      Clients, Strategic  Client  Data analysis  Designing  DSP  Direction  English  Fast  Features  Financial  French  Innovation  Investments  Leadership  Marketing  Market  Media Planning  Meetings  MS Excel  Modeling  Next  Optimization            Work History      Director  ,     07/2017   to   05/2021     Company Name              With over 12 years' experience in performance
marketing (PPC), Search Engine Marketing, Social, Local and Programmatic
media.  The experience I gained in portfolio management reflects in obtaining the
best results for my customers, allocating their investments accordingly for better
returns in the digital marketing world.  I enjoy working in fast-paced environments
and find that the dynamism in digital marketing fulfills that completely., Vendor for Microsoft Digital Advertising.  Part of a global team of 8 people all remote.  Built audience clusters based on behavioral targeting for Brazilian,
Mexican, Canadian, and US markets.  Utilized data analysis tools to optimize performance and improve CTRs.  Project revenue in Brazil grew from $50k to over $500k and grew to over
$3mm in the second year.  Assisted in quality control for other team members.         Digital Media Solutions Executive Director  ,     01/2016   to   07/2017     Company Name    –    City  ,   State        Led a team of 8 specialists in search, social, mobile, display, programmatic
and local ads bringing innovation and new digital opportunities to Blinks,
focusing on Branding and Performance.  Responsible for growing media spend across all channels.  During this
period media spend grew over 100% (+300mm).  Established procedures and best practices for Digital media planning and
execution ensuring efficiency in all stages of the customers' journey.  Created and established the Blinks Media Mix Modeling.  Provided strategic insight across many digital channels to the account
teams.  Implemented auditing and technical evaluations to improve quality in
campaign execution and optimization.  Created and delivered training to new hires and weekly training for
company employees covering all areas of digital media.  Built and maintained strong partnerships with media channels providing
opportunities to implement betas, first-to-market cases and assist in
developing new products.  Assisted Sales team with data and cases when elaborating presentations
for RFPs.  Provided insights to BI and DevOps for the development of in-house
dashboards and media management tool.  Invited to test the beta for the Facebook Blueprint Certification.  Coordinated Digital Days for clients.  Member and partner of senior executive leadership and actively
participated in designing the path and direction of the company.  Awarded Bing Agency of the Year award (September 2017).         Account Director  ,     01/2014   to   12/2015      Managed portfolio of largest clients at Blinks including global accounts
(+R$6mm/month) Led a team of 8 analysts that provided media strategy and
activation of branding and performance campaigns.  Clients included
Netshoes, ACCOR, AIG and OLX.  Cross channel reporting, analysis, and weekly wrap-ups with team and
clients.  Oversaw budget allocation and prioritization for campaigns.  Elaborated campaigns with clients and channel partners to develop first-to-
market cases with excellent results and benchmark examples.  Created best practices such as AB Testing, Black Friday checklists,
documenting learnings, creatives analysis.  Reduced CPL by 300% for one account in less than 6 months.  Maintained customer's ROI whilst increasing investment from 300k to 600k.  Tripled lead generation whilst reducing CPL by 150%.  Invited to become an executive partner at Blinks.         Account Manager  ,     12/2010   to   12/2013      Managed portfolio of large and SMB accounts, +- 30 accounts and led a
team of 6 analysts.  Responsible for the strategy and execution of PPC campaigns.  Defined strategy and KPIs based on client objectives and goals.  Held monthly meetings with the clients to go over results and next steps.         Behavior Targeting Specialist  ,     01/2008   to   01/2013     Company Name    –    City  ,   State             Senior Investment Specialist  ,     01/1999   to   03/2003     Company Name    –    City  ,   State        Managed portfolio of high net worth accounts (+U$ 1 million) including
Latam customers.  Provided trading assistance in various financial products.  Reviewed client portfolios advising them on investment solutions
conforming to their objectives.  Educated clients on usage of trading platforms and software.         Equity Trading Liaison  ,     07/1997   to   01/1999      Capital Markets & Trading - Operations Liaison between exchanges and
account reps resolving trade disputes.  Reduced risk to firm by resolving disputes in a timely manner mitigating
losses.  Managed downtime operations.  Led team of 20+ helpers to input trades
manually into the system when downtimes occurred.  Agility and
accuracy were key features.         Floor Broker  ,     01/1995   to   01/1997     Company Name    –    City  ,   State        CBOE broker trading stocks such as KO, HON and BAC.  Executed orders from various brokerage houses, evaluating market
volatility and order flow for best executions.         Education      WPP Mini MBA  :   Business Strategy  ,   04/2017           B.S  :   Business Administration  ,   05/1994     Boston College   -   City  ,   State           Certifications    CERTIFICATIONS Google AdWords Certified
Google Analytics Certified
Facebook Certified Planning Professional.      Languages    English
Native or Bilingual
Portuguese
Native or Bilingual
Spanish   ","Job Title: Frontend Developer
Requirements: Strong background in angular, css, express, github, react, typescript, vue.
Experience: Minimum 2 years of relevant experience required.
Education: Bachelor's degree in Computer Science or related field required.
",,angular;css;express;github;react;typescript;vue,12,2,master,bachelor,0.0,100.0,100.0,41.82,45.46,0,0,Weak,train,kaggle,DIGITAL-MEDIA,,,
P002103,R00525,J00127,backend,data_ml,"Summary: Software engineer with 5 years of experience building scalable applications.
Technical Skills: docker, fastapi, git, linux, mongodb, mysql, python, sql.
Experience: Worked for 5 years as a software engineer delivering production systems.
Education: BCA in Computer Applications.
","Job Title: ML Engineer
Requirements: Strong background in deep learning, machine learning, numpy, postgresql.
Experience: Minimum 3 years of relevant experience required.
Education: Bachelor's degree in Computer Science or related field required.
",docker;fastapi;git;linux;mongodb;mysql;python;sql,deep learning;machine learning;numpy;postgresql,5,3,bachelor,bachelor,0.0,100.0,100.0,34.48,43.62,0,0,Weak,test,synthetic,,,,
PK006247,K02082,J00148,other,devops,"         BILLING SERVICES ASSOCIATE           Professional Summary    Detail-oriented and versatile government, commercial, and non-profit billing professional with proven ability to efficiently manage multiple assignments while meeting strict deadlines. Excels at cultivating and managing internal and external client relationships. HIGHLIGHTS Exceptional verbal and written	Proficient with Microsoft Office Suite communication with all executive levels	(including SharePoint) and PeopleSoft Dedicated to process improvement			High customer service standards Meticulous attention to detail		Time management and positive attitude         Work Experience      Billing Services Associate    September 2012   to   Current     Company Name          Oversee all aspects of billing operations performed by the Office of Society Services (OSS) staff including, invoice generation and distribution, payment processing, and retention of related records.  Serve as the subject matter expert on the systems used to process billing services including netFORUM, LaserFiche, Media Services Group (MSG) Ad Manager, Elan Web, and train other staff in the use of these systems.  Work closely with Accounts Receivable and Tax Office to resolve any issues with invoicing and collecting revenue for ACS products and services.  Provide general customer support via phone and email as needed based on operational levels, and serve as primary point of contact when OSS manager is out of the office.  Distributed daily batch workload to team within 24 hours of receipt and assign deadlines to meet service level agreements.  Worked with internal business units to resolve billing discrepancies in a timely manner.  Established reasonable deadlines for billing orders and worked with staff to ensure targets were met.  Leading this effort, the team's average completion rate was 94% for the year 2014, representing an improvement over the year 2013 rate of 84% and well in excess of the established baseline of 75%.  Exceeded expectations of providing resources and training to the OSS team to accomplish assigned billing tasks for ACS publications, publications' advertisement, and other miscellaneous billing.  Once became knowledgeable of all billing processes and systems utilized, department operations were streamlined and documented through Standard Operating Procedures (SOPs).  Created a service level agreement spreadsheet on SharePoint to summarize the measures of each billing service/project.  Was awarded in September 2014 for supporting the transition of a billing project known as ACS AuthorChoice.  This required working closely with the Publications department in the Columbus, OH ACS office to build the transition plan, including creating workflow charts and customizing sales transaction reports.  Introduced new Records Retention/Scanning service to the Office of Society Services in January 2015.  Formulated idea of the OSS staff offering to scan documents/agendas for the entire ACS organization to reduce office clutter and to convert hard copies into digital format.  The first test run for a Membership business unit was successful and reduced offsite storage fees in half.          Client Accounting Coordinator    July 2007   to   July 2012     Company Name          Manually generated, reviewed, and processed 70+ government and commercial client invoices on a monthly basis utilizing Maconomy X accounting system.  Types of contracts for billing included T&M, CPFF, FFP, and Cost Reimbursement.  Interfaced daily with Project Managers to ensure final invoices were in compliance with appropriate contract guidelines and regulations.  Reviewed and included supporting documentation with invoices, such as expense verification, activity reports, and budget summaries.  Processed write-offs and recorded journal entries.  Prompt turnaround time with processing invoices once approvals were received from Project Managers Assigned turnaround time for processing invoices after receiving edits from Project Manager was 24 to 48 hours, but consistently prepared final invoices within the same day of receiving approval.  Provided with the opportunity to prepare budget trackers, which was originally prepared by the Senior Contracts Administrator.  Because of the ability to learn the manual billing procedures and accounting system in a very short period, was assigned to complete monthly budget trackers to include with invoices.  Nominated and received the June 2011 Employee of the Month award.  Established high credibility with Project Managers, which allowed them to ask for assistance with other aspects of finance (acted as liaison between Project Managers and Accounts Payable/Receivable).          Internet Billing Coordinator    May 2005   to   July 2007     Company Name   －   City  ,   State      Managed 45 federal government agencies ensuring their internet billing and account information were presented accurately every month.  Audited accounts to ensure the nodes were attached to the correct mobile telephone numbers.  Researched and evaluated options for meeting user needs with the internet billing system, and guaranteed that system requirements were identified and incorporated successfully.  Assisted in recuperating lost revenue.  Processed exceptions (missing and/or incorrect data) to guarantee that customers were correctly invoiced through the internet system in order for companies to receive payment for services rendered.  Proactive in supporting Account Managers, Consultants, and Account Liaisons with internet billing concerns.  Answered internal business units' questions and resolved situations regarding the internet billing analysis system in less than one hour time frame.  Conducted one-on-one training sessions on how to utilize the billing system and download multiple reports and invoices.  When necessary, would attend conference calls with account liaisons and clients to help with internet billing issues.  Received 2006 Excellence Award, in which was nominated by team members.  Consistently implemented new ways of resolving customer concerns and shared those ideas with the internet billing team.          Senior Customer Service Representative    December 2003   to   April 2005     Company Name   －   City  ,   State      Provided world classcustomer service taking inbound calls from customers while meeting productivity and quality standards.  Resolved customers' issues on first-call basis, including handling escalated concerns and follow up if needed.  After nine months in position, started taking escalated calls in manager's queue.  Served as acting manager handling escalated customer concerns for two hours or more per day.  Processed team credits and holds on customer accounts.  Evaluated customer billing statement credits to ensure they were valid and approved promptly.  Assigned to assist new employees at the Practical Assessment Center.  Chosen to train 20 new employees on product knowledge and quality call flow before they transitioned onto their new team.  Monitored live calls twice per week for quality assurance and provided feedback after each monitoring session.          Education      BBA   :   Business Administration  ,   2003    Temple University   －   City  ,   State      Business Administration          Skills    accounting, Accounts
Payable, Accounts Receivable, Ad, ask, billing, billing system, budget, charts, Contracts, client, clients, customer service, customer support, documentation, email, finance, frame, government, invoicing, Office, OSS, processes, Publications, quality, quality assurance, receiving, sales, Scanning, service level agreement, service level agreements, spreadsheet, Tax, telephone, phone, workflow   ","Job Title: DevOps Engineer
Requirements: Strong background in aws, docker, kubernetes, python, sql.
Experience: Minimum 2 years of relevant experience required.
Education: Master's degree in Computer Science or related field required.
",,aws;docker;kubernetes;python;sql,0,2,bachelor,master,0.0,0.0,0.0,38.02,9.5,0,0,Weak,train,kaggle,PUBLIC-RELATIONS,,,
P001571,R00392,J00197,data_ml,data_ml,"Summary: Motivated engineer with 1 years of experience across full project lifecycles.
Technical Skills: git, linux, machine learning, python, pytorch, scikit-learn, sql.
Experience: 1 years of professional experience including design, testing and deployment.
Education: Bachelor of Science in Information Technology.
","Job Title: ML Engineer
Requirements: Strong background in aws, docker, git, numpy, postgresql, sql, tensorflow.
Experience: Minimum 5 years of relevant experience required.
Education: Master's degree in Computer Science or related field required.
",git;linux;machine learning;python;pytorch;scikit-learn;sql,aws;docker;git;numpy;postgresql;sql;tensorflow,1,5,bachelor,master,28.57,20.0,0.0,65.76,31.87,0,0,Weak,train,synthetic,,,,
PK006340,K02113,J00033,frontend,devops,"         OWNER/CONSULTANT           Summary    Proven marketing and public relations executive with expertise in creating, implementing and executing all facets of marketing, press and national promotions including major entertainment industry premieres, concerts and events, and national network and product launches. Extensive experience in the hospitality, music, family, biotech and non-profit industries.      Highlights                      Experience      Owner/Consultant    August 2006   to   Current     Company Name   －   City  ,   State      Develop and implement public relations plans and strategies for top consumer brands and gain major local and national exposure for clients.  Clients have included the First Annual La Costa Film Festival, Spinal Elements, Make-A-Wish San Diego, American Express, Ogilvy Public Relations (NY), Walt Disney Records, The Los Angeles College of Music, Keep California Beautiful and the locally-based Rock 'n Roll marathon and Kids Rock marathon series.  Highlights include:.  Securing placement of major feature stories on television, in newspapers and magazines on both the national and local level, including but not limited to The Associated Press, Time Magazine, Rolling Stone, Oprah Magazine, Fast Company, Business Week, AARP Magazine, Ladies Home Journal, Fox Business News, CNN, USA Today, The New York Daily News, The Los Angeles Times, Extra!, E! News Daily, and numerous top daily newspapers and TV stations across the country.  Consistently place major stories for local clients in all local San Diego and Southern California media, including all TV news outlets, San Diego Union Tribune, FINE Magazine, San Diego Magazine, Westways magazine, Sunset magazine, Travel & Leisure magazine, Carlsbad magazine, all area Z Code magazines, Ranch & Coast magazine, San Diego Business Journal etc.          Associate Executive Director    January 2001   to   August 2006     Company Name   －   City  ,   State      Developed and implemented public relations plans and branding strategies to expand the musical instrument product market and increase public awareness of the benefits of music and music making for the largest trade-only music products show in the world and its non-profit media arm (AMC - now the NAMM Foundation).  Oversaw two national PR firms.  Developed strategic partnerships with major national corporations including Disney, Fisher Price, Paramount Home Video, Teen People magazine, American Idol magazine, The Afterschool Alliance, the Justin Timberlake Foundation and the John Lennon Educational Tour Bus to expand music-making messaging to millions of consumers.  These partnerships resulted in hundreds of millions of media impressions worth an ad rate value of over $50 million dollars.  Oversaw public relations strategies and activities for all NAMM messaging to the general public.  Directed the national press launch of Sesame Street Music Works in 2002; annual petition drives, media campaigns and events on Capitol Hill; NAMM's Rose Parade activities; and youth marketing initiatives such as themusicedge.com.  Campaigns I have overseen average 5 billion media impressions a year.          Manager    November 1997   to   January 2001     Company Name   －   City  ,   State      Managed publicity and press coverage for all Walt Disney Records' products.  Served as liaison with publicity and marketing departments to ensure seamless implementation of overall marketing plans.  Chosen as only Walt Disney Records representative to serve on Michael Eisner's Disney Learning Partnership, a non-profit committee.  Directed development of press kits; wrote all press releases, biographies and press materials for the label.  Wrote and placed stories on WDR marketing strategies for trades such as Billboard, ADWEEK and Brandweek.  Produced EPKs and videos for major CD and artist releases.  Secured placement of major feature stories on television, in newspapers and magazines on both the national and local level, including but not limited to CNN, USA Today, The New York Daily News, The New York Times, The Los Angeles Times, Access Hollywood, E! News Daily, and Entertainment Weekly.  Planned, covered and executed all regional Walt Disney Records' events, including the Mulan press junket with Christina Aguilera and 98 Degrees and Lion King Broadway cast signings.  Responsible for successful media launch of Radio Disney Jams album franchise, resulting in over 50 million consumer impressions.  Spearheaded ""Importance of Music"" pro-social campaign, which resulted in increased press exposure for the label and spanned multiple Disney divisions.  Developed relationship with NAMM, the International Music Products Association and the American Music Conference (AMC) which provided expanded press opportunities for relevant projects and artists (Phil Collins/Tarzan, Disney's Lullaby album) and promoted good-will message for Walt Disney Records.          Account Executive    January 1995   to   November 1997     Company Name   －   City  ,   State      Planned, coordinated and executed full-fledged publicity campaigns tailor-made to each specific client.  Successfully obtained major exposure for clients, including E! News Daily, Extra, CNN, KABC-TV News (Los Angeles), KTTV News (LA), KCAL-TV News (LA), KROQ-FM (LA) and The Los Angeles Times.  Celebrity talent booking (Inside Edition, American Journal) and coordinating special events (Pre-Emmy Awards party, Cable Ace Awards honorary dinners).  Produced press kits, wrote biographies and press releases.  Established and maintained contact with electronic, print and radio media representatives; coordinated media interviews.          writer    March 1994   to   December 1994     Company Name   －   City  ,   State      Wrote articles for corporate newsletter.  Interviewed executives, researched relevant issues and prepared articles for publication.          Education      Bachelor of Arts   :   Communications Public relations and writing  ,   August, 1993    University of Missouri   －   City  ,   State      Communications Public relations and writing        Skills    ad, artist, benefits, branding, Cable, CD, com, client, Clients, special events, Fast, Film, marketing plans, marketing strategies, marketing, market, materials, messaging, Access, 98, Works, newsletter, newspapers, press kits, Press, press releases, PR, profit, Public Relations, publication, publicity, Express, Radio, San, FM, stories, strategic, TV, television, Video, articles   ","Job Title: DevOps Engineer
Requirements: Strong background in gcp, git, kubernetes, linux.
Experience: Minimum 3 years of relevant experience required.
Education: Bachelor's degree in Computer Science or related field required.
",express,gcp;git;kubernetes;linux,0,3,bachelor,bachelor,0.0,0.0,100.0,39.02,24.76,0,0,Weak,train,kaggle,PUBLIC-RELATIONS,,,
PK004619,K01539,J00198,other,devops,"         CONTRACTS AND FINANCE OFFICER       Professional Profile     Contracts and Finance Officer   Exceptional Payroll Administrator with a background in finance seeks to provide administrative, accounting and payroll support to an energetic human resources or finance department.   Detail-oriented, efficient and organized Contract and Finance Officer with extensive background in community-based organizations seeks to bring strong work ethic and engaging interpersonal communication to a vibrant nonprofit company.     Offer expertise in European Development Fund (EDF) Payment and Contract procedures, financial management and accounting procedures and a keen business sense that combine to deliver sustainable results in Project Management .         Qualifications          Financial Management  Project Cycle Management  Accounting Procedures  Payment/Contract Procedures  Budget Support  EDF Procedures  Productivity Improvement  Quality Control  Filing/Archiving/Documentation  Administration       Record-keeping  Independent worker  Time management  Attention to detail            Microsoft applications        Programme Management           Programme Estimates/Grant     TOMPRO/TOMFED/TOMON Financial Accounting Software for EDF projects and programs  Certificate in Filing, Archiving & Documentation  Project Cycle Management                Relevant Experience     Transitioned bookkeeping function from external to in-house to increase efficiency and lower cost   Simplified payroll processing procedure to increase department productivity by 20 %.   Worked with human resources to develop streamlined way to track paid time off.       Experience      Contracts and Finance Officer   12/2008   to   08/2014     Company Name   City         Ensure accuracy and completeness of all payments, recovery and related financial dossiers at both the incoming and outgoing stage.  Processing payment dossiers for efficient implementation of EDF Projects.  Liaise with the European Commission Delegation (ECD) Projects and partners on all matters relating to the financial aspects of EDF resources including payments, recoveries and procedures.  Maintain control cards and other financial and accounting records necessary for the management of EDF resources.  Update guarantee records and bring up guarantee and action dates.  Initiate and advise on project/programme closures and de-commitments.  Check for correctness of all tenders, contracts, riders and programme estimates.  Verify and validate all payment dossiers for compliance with EDF rules and regulations.  Keep up-to-date EDF rules and regulations and disseminate to users.  Participate in tender evaluation activities.  Co-managed Support Project Draw up programme estimates and tender documents Prepare salary vouchers and circulate pay slips Maintain Assets Register Assist in organizing and  coordinating seminars, workshops and  EDF training for staff and partners Update Accounting software ( TOMFED, TOMON) National Authorising Office - Freetown, Sierra Leone.   Reviewed, investigated and corrected errors and inconsistencies in financial entries, documents and reports.   Determined proper handling of financial transactions and approved transactions within designated limits.   Distributed expenditure, encumbrances, receipts and receivables according to schedules.   Audited contracts, orders and vouchers.  Prepared purchase orders and expense reports.Managed accounts payable for an organization of 30  personnel.  Accurately processed data, validation and transmission for weekly, semi-monthly and sales payrolls   .Improved accuracy of payroll journal entries by developing and implementing a payroll reconciliation tool.         Intern/Trainee - Finance   06/2007   to   12/2008     Company Name   City         Provided assistance and support on EDF Contractual, Procurement and Financial Management.  Assisted with the preparation of tender documents and launching of tenders.  Assisted with updating the provider database with all the rules and regulations applicable to the management of EDF.  Assisted with the establishing a database on regional and local service providers.  Prepared payment orders.  Review and initiation of payment dossiers.          Intern   09/2005   to   12/2005     Company Name      Reviewed pay slips for accuracy.  Prepared stock stack cards.  Responsible for Inventory and Stock control.  Assisted in Procurement procedures.  Prepared and reviewed payment vouchers.  Data entry, archiving and filing.          Education      Master of Business Administration (MBA)  :   Finance, Marketing, Operations Management , Economics and Business Law   May 2014       University of Phoenix Online Campus   City  ,   State  ,   United States of America             BSc  :   Financial Services   July 2005       Institute of Public Administration & Management (IPAM) University of Sierra Leone   City  ,   State  ,   Sierra Leone      Financial Services         Affiliations     Member of the Springs of Joy Advisory Committee Executive Member of the Welfare and Humanitarian Ministry, Public Relations Officer, New Life Ministries International Member of the Greeters Department, New Life Ministries International Member of the Women's Department, New Life Ministries International Member of the Eros and Commoners Club, Institute of Public Administration and Management- University of Sierra Leone   Member of Saint Joseph's Secondary School Band - Drum Major        Skills      Accounting, Accounting software, Budget, Contractual Procedures,  Data Entry, Database, Documentation, Filing, Financial Accounting, Financial Reporting, Financial Management, Grants, Inventory Control, Access, Excel, Office, Power Point, Publisher, Microsoft Word, Organizing, Procurement, Quality Control Stock, Control,  Preparation of Tender Documents,  Organize Workshops, Seminars and Trainings     ","Job Title: DevOps Engineer
Requirements: Strong background in aws, azure, docker, git, kubernetes, linux, python.
Experience: Minimum 3 years of relevant experience required.
Education: Bachelor's degree in Computer Science or related field required.
",,aws;azure;docker;git;kubernetes;linux;python,0,3,master,bachelor,0.0,0.0,100.0,42.36,25.59,0,0,Weak,train,kaggle,FINANCE,,,
PK003706,K01235,J00021,other,frontend,"         LEAD ARTIST       Summary    I'm a fast-learning and enthusiastic animator seeking professional experience. I have over 7 years of formal art training, both digital and traditional. I'm skilled at design and character animation.      Software Skills     Animation: Toon Boom Harmony, TV Paint, Adobe Flash  Illustration: Adobe Photoshop, Adobe Illustrator, Aseprite, Paintool SAI, Gimp  Post-Production: Adobe After-Effects, Adobe Premiere, Final Cut Pro       Experience     02/2017   -   Current     Company Name   －   City  ,   State    Lead Artist       Design custom D&D character sprites, ""party"" and menu screens, and backgrounds fitting 8-bit video game aesthetics for an upcoming Dungeons and Dragons YouTube series.         06/2016   -   08/2016     Company Name   －   City  ,   State    Digital Arts Assistant Instructor      Assisted in teaching digital art, film, photography, minecraft-modding, coding, and animation to kids ages 5-18.       05/2015   -   08/2015     Company Name   －   City  ,   State    Canvassing Manager      Gathered donations for the ACLU's proposed Employment Non-Discrimination Act for the protection of LGBT+ people in the workplace.        Education     2018     Loyola Marymount University   －   City  ,   State  ,   United States    Bachelor of Arts  :   Animation      Created two 5-minute animated short films with peers  Designed and programmed two games  Working knowledge of industry-standard animation programs   ​        2014     Da Vinci Design High School   －   City  ,   State  ,   United States    High School Diploma  :   Art & Design      Project based learning  Published a small comic book with peers  Presented designs to Karten Design  Placed first with my team in the Junior Qualcomm Tricorder X-Prize Design competition       ","Job Title: Frontend Developer
Requirements: Strong background in angular, git, github, html, javascript.
Experience: Minimum 2 years of relevant experience required.
Education: Relevant practical experience valued; no strict degree requirement.
",,angular;git;github;html;javascript,7,2,bachelor,none,0.0,100.0,100.0,39.29,44.82,0,0,Weak,test,kaggle,DIGITAL-MEDIA,,,
PK002107,K00702,J00198,other,devops,"      I        HEALTHCARE MARKETING SPECIALIST         Professional Summary      An innovative,
customer-oriented Healthcare Administrator with a background in primary care and  experience supporting a team of physicians in a busy medical office. Expertise includes verifying insurance coverage, records reviews, marketing and schedule maintenance. Searching for a leadership role in a team oriented company.        Education      Bachelor of Science  :   Healthcare Administration    Pennsylvania College of Health Sciences     2017       City  ,   State        Coursework in Epidemiology  Coursework in Statistics  Coursework in Health Care Policy & Planning   Coursework in Ethical Issues in Health Care          High School Diploma      Northeastern High School     2010       City  ,   State        Recipient of the York Alumnae Chapter of Delta Sigma Theta Academic Award Scholarship  Assistant Editor of the Literary & Art Magazine  President of Diversity Club   Member of  Cure Finders  Club   
Presidential Classroom Alumna          Core Qualifications          Superb communication skills  Excellent interpersonal skills  Conflict resolution skills   Customer and personal service  Medical Terminology  Event planning and coordination  Budgeting and financial management  Microsoft Office Suite Multitasking Problem-solving  Self-starter   Accomplished leader       Knowledge of Medicare, Medicaid, EEOC, HIPPA, FMLA & ADA   Management & Marketing experience  Efficient under pressure  Cultural awareness and sensitivity   Strong work ethic   Team player with positive attitude  Writing and grammar knowledge Detailed Oriented  Strong analytic skills   Deadline-driven ​            Professional Experience      Healthcare Marketing Specialist   City  ,   State    Company Name  /   Jul 2017   to   Current       Analyzed performance of marketing program to identify the best opportunities for optimization.   Established production schedules and communicated project to stakeholders.   Increased patient traffic by 5%   Managed all social media forums, including the company website, social networking applications and message boards.           Healthcare Admin Intern   City  ,   State    Company Name  /   Feb 2017   to   Jun 2017       Scheduled appointments and registered patients.  Recorded and filed patient data and medical records.  Demonstrated analytical and problem-solving ability to addressing barriers.  Directed patient flow during practice hours, minimizing patient wait time.  Oversaw implementation of an effective budgeting and accounting system that improved efficiency and reduced
costs.  Developed a system of staff communication that ensured proper implementation of treatment plans and
comprehensive patient care.  Developed the design and execution of a program that contributed to 5% growth of the organization.          Call Center Representitive   City  ,   State    Company Name  /   Jun 2016   to   Sep 2016        Demonstrated mastery of customer service call script within specified time frames.     Maintained up-to-date records at all times.        Provided cross training to  4  staff members.             Facilitated information flow between customer service, account management operations, quality assurance, training and payroll departments to guarantee call center objectives were met.             Customer Service Representative   City  ,   State    Company Name  /   Jun 2015   to   Sep 2015       Demonstrated mastery of customer service call script within specified time frames.  Maintained up-to-date records at all times.  Built customer loyalty by placing follow-up calls for customers who reported product issues.  Formulated and enforced Service Center policies, procedures and quality assurance measures.          Sales Associate   City  ,   State    Company Name  /   Jun 2014   to   Jan 2016       Establish or identify prices of goods, services or admission, and tabulate bills using calculators, cash registers, or Recommend, select, and help locate or obtain merchandise based on customer needs and/or desires.   Optical price scanners.  Bag or package purchases and wrap gifts.  Exchange merchandise for customers and accept returns.  Clean shelves, counters, and tables.          Front Desk Assistant   City  ,   State    Company Name  /   Sep 2013   to   May 2015       Handled incoming and outgoing correspondence, including mail, email and faxes.  Answer queries regarding computers.  Drafted and typed grammatically correct office memos.  Managing test reminder calls, photocopied all correspondence, documents and other printed materials.          Retail Customer Service Associate   City  ,   State    Company Name  /   May 2011   to   Aug 2011       Greet customers entering establishments.  Assist customers by providing information and resolving their complaints.  Receive payment by cash, check, credit cards, vouchers, or automatic debits.  Open and close cash registers.  Performing tasks such as counting money, separating charge slips, coupons and vouchers.  Place special orders or call other stores to find desired items.  Completed floor replenishment to guarantee size availability and promote customer satisfaction.  Kept current on market and product trends to effectively answer customer questions.          Technical Skills      
 Electronic
     Medical Database
   Microsoft
     PowerPoint
   Microsoft Excel
   Microsoft Word
   Microsoft
     Publisher
   Adobe
     Dream Weaver
   Adobe Photoshop
   Microsoft
     Outlook
   Windows
   Adobe Premiere
   Adobe Acrobat
   GIMP
   Adobe Reader
        Community Service       Food Drive, Mount of Salvation Church, 2012      Volunteer, ECO City Farms, 2014    Socktober Drive, Mount of Salvation Church, 2015    Dining Room Volunteer, So Others Can Eat (SOME), 2016     Volunteer, White Rose Senior Center, 2016 - 2017         ","Job Title: DevOps Engineer
Requirements: Strong background in aws, azure, docker, git, kubernetes, linux, python.
Experience: Minimum 3 years of relevant experience required.
Education: Bachelor's degree in Computer Science or related field required.
",,aws;azure;docker;git;kubernetes;linux;python,0,3,bachelor,bachelor,0.0,0.0,100.0,35.81,23.95,0,0,Weak,train,kaggle,HEALTHCARE,,,
P000919,R00229,J00167,fullstack,data_ml,"Summary: Results-driven developer with 5 years of hands-on industry experience.
Technical Skills: docker, express, git, javascript, mongodb, node, python, sql, typescript.
Experience: Total of 5 years experience in software development and team collaboration.
Education: Master of Science in Data Science.
","Job Title: ML Engineer
Requirements: Strong background in aws, deep learning, git, machine learning, postgresql, scikit-learn, tensorflow.
Experience: Minimum 1 years of relevant experience required.
Education: Relevant practical experience valued; no strict degree requirement.
",docker;express;git;javascript;mongodb;node;python;sql;typescript,aws;deep learning;git;machine learning;postgresql;scikit-learn;tensorflow,5,1,master,none,14.29,100.0,100.0,39.21,50.52,0,1,Average,train,synthetic,,,,
PK006858,K02286,J00165,other,backend,"         ACCOUNT SERVICE REPRESENTATIVE II/TECH           Summary    Professional Account Manager trained in building strategic network ties and increasing salesrevenues. Cultivates and maintains strong customer relationships.        Accomplishments      Prospecting and cold callingExcellent communicatorStrong interpersonal skillsCustomer service-focusedTeam building expertiseTech-savvySkilled in MS OfficeProject managementProven sales track recordPromotional campaignsPowerPoint expertLeadership/communication skillsSkilled multi-taskerStrong organizational skillsStrong communicatorActive listening skillsExceptional customer service skillsSelf-motivated.  Accomplishments.  Named ""Employee of the Month"" in 02/2014 at C Spire.Winner of the ""C Spire Employee of the Quarter"" Award, 1st Quarter 2014.Maintained 100% Survey Rating entire tenure at Foshee Residential.Top 5 in New Accounts at Foshee Residential (2012)1st Place Southeast Regionals American Kickboxing Academy Tournament (3x) for ShogunMMA.        Experience      Account Service Representative II/Tech    January 2012   to   May 2014     Company Name   －     State      Project Design & Development LeadMay 2014.  Henderson-Thomas * Birmingham, Alabama.  Discover, design and build new user experiences to drive the next generation of portals,applications and Web properties, including mobile.  Design visually stunning, cutting-edgegraphics, animations and interactions for Web sites, portals and applications.  Produce visualassets needed by development team.  Contribute to building the Company brand on portals,applications, mobile apps and Web sites by executing user interface design consistently on alldeliverables.  Refine low to high-fidelity wireframes into designs for the informationarchitecture, navigational models, process flows, page layout, information displays andinteractional components based on user research and in partnership with user experienceinteraction designers.  Research and communicate trends and best-practices related to visualdesign and branding Every team member of the C Spire Crew is charged with bringing a strategic vision ofpersonalized wireless to life.  Responsible for achieving sales goals and customer satisfactionstandards at designated retail locations.  ASRs must demonstrate a strong aptitude andknowledge of all things technology personalized to each customer's needs, and project anenergetic and upbeat professional image.  This position is also responsible for integratingtechnology into the consumer's life with amazing ease and effectiveness.  ASR II is alsocharged with extra supervisory duties such as key holding and employee management andinventory auditing.  Developing and maintaining in-store promotions, and coordinating withappropriate personnel Implementing and managing wireless sales events Provide positive.  reinforcement and adult learning techniques to promote learning and skill improvement.Participated in ""Fiber to The Home"" installation's receiving basic knowledge of Telephone,Cable and Internet home installation.  Successfully increased positivity and smiling in theworkplace.  Promoted group activities and continuously met my quota and passed customerexperience surveys and mystery shops.  Gained promotion to level II (key holder/assistantmanager) position based on experience and performance.             January 2010   to   December 2012     Company Name   －   City  ,   State      Responsibilities Supervise and assists staff to ensure they are well informed on their positionresponsibilities and are performing at or above expectations.  Managers with leasing staff areresponsible for agents overall performance including leasing numbers and entering trafficTrain new staff as well as provide on-going training and feedback on performance Ensuresthat building and office are properly staffed at all times Approves time off request for staffEnsures staff provides necessary customer relations for superior customer satisfactionRoutinely inspect properties to ensure they are safe and to determine if repairs ormaintenance are needed Monitors property vendors to ensure quality service Process workorders and monitors direction of property maintenance operations to ensure compliance withcompany standards Respond to tenant requests and issues in a timely manner Maintaincustomer service standards and resident relations Complete leasing/administrativepaperwork Accountable for market surveys Keeps lease occupancies and rents at highestdesired level Review delinquencies and assist in collections May oversee the preparation ofbudgets, financial statements and periodic reports on the status of various properties, leaseexpirations and related matters Ensure marketready condition of vacant units and managesturn-over Coordinate lease terminations, preliminary inspections, and apartment turn-overProvides tours of apartments and community to potential residents for purpose of leasingapartments Coordinate outreach marketing and advertising Conduct the leasing process withprospects in absence of leasing consultant Completes all other projects or requests as directedby Supervison.          Martial Arts Instructor/CLient    January 2008   to   May 2012     Company Name   －     State      Instruct students in varied martial arts techniques Prepare and distribute detailed monthly,quarterly and yearly reports to clients.  Provide required information and documents toclients.  Prepare reports of client meetings to record the details for future reference.  Submitclient meeting reports to manager or supervisor.  Provide support and assistance tomanagement teams.  Audit all client liaison active accounts.  Revise submission and accountsclosure applications.  Develop liaison with client service and collection department to providerequired information and acquire necessary documents.  Revise and distribute contractualreferrals.  Provide feedback to management on areas of improvements.  Recommendimplementation of enhanced processes.  Plan and schedule monthly meetings with clients.Monitor client satisfaction through follow up on solving client issues and problems.  Initiatemeasures to research and resolve client raised issues.  Collaborate with clients to identify andimplement value added services.Grew customer base from 13 accounts to 34 accounts in 2years.          Education      Bachelor of Science   :   Business (Entrepreneurship)  ,   2014    Auburn University   －   City  ,   State  ,   United States    GPA:   GPA: 3.87    Business (Entrepreneurship) Coursework in Business Administration and ManagementCoursework in Marketing and CommunicationsCoursework in Public Relations GPA: 3.87        High School Diploma   :   Math & Science  ,   2009    Alabama School of Math & Science * Auburn   －     State  ,   United States    GPA:   Student government representativeHiQ MemberHonor Student2009 Dean's List    Math & Science Student government representativeHiQ MemberHonor Student2009 Dean's List        Skills    advertising, arts, auditing, basic, branding, Business Administration, C, Cable, consultant, client, clients, customer relations, client liaison, direction, financial statements, image, employee management, managing, marketing, market, meetings, office, Monitors, next, page layout, personnel, processes, Project Design & Development, promotion, Public Relations, quality, receiving, repairs, Research, retail, sales, strategic, supervisor, supervisory, Telephone, user interface design, vision, Web sites   ","Job Title: Backend Developer
Requirements: Strong background in aws, django, docker, flask, java, mongodb, mysql.
Experience: Minimum 3 years of relevant experience required.
Education: Master's degree in Computer Science or related field required.
",,aws;django;docker;flask;java;mongodb;mysql,2,3,bachelor,master,0.0,66.67,0.0,48.96,25.57,0,0,Weak,train,kaggle,ARTS,,,
P002508,R00627,J00057,data_ml,data_ml,"Summary: Software engineer with 6 years of experience building scalable applications.
Technical Skills: aws, docker, git, machine learning, mysql, postgresql, sql, tensorflow.
Experience: Worked for 6 years as a software engineer delivering production systems.
Education: Bachelor of Science in Information Technology.
","Job Title: ML Engineer
Requirements: Strong background in aws, deep learning, docker, numpy, python, sql, tensorflow.
Experience: Minimum 4 years of relevant experience required.
Education: PhD or doctorate preferred.
",aws;docker;git;machine learning;mysql;postgresql;sql;tensorflow,aws;deep learning;docker;numpy;python;sql;tensorflow,6,4,bachelor,phd,57.14,100.0,0.0,77.83,62.32,1,1,Average,train,synthetic,,,,
PK004025,K01341,J00147,other,data_ml,"         STUDENT ATTORNEY - CRIMINAL DEFENSE       Summary     Recent law school graduate, excited to begin my new career, offering skill in innovative problem solving and finding unique theories, ideas and solutions to create effectual case arguments. Works aggressively to achieve continued success.   Dedicated insurance professional with more than 13 years of experience investigating and processing complex automobile insurance claims. Excels in analyzing damages, causes, interpreting policies and negotiating payment solutions. Effectively managed multiple high priority projects Takes pride in providing exemplary customer service.       Highlights          Claims file management processes  Litigation management   Strong interpersonal and communication skills     Exceptional negotiator       Experience negotiating health insurance liens  Subrogation knowledge  Strong insurance defense/personal injury background  Professional and personable            Accomplishments      Earned opportunity to apply for an internship with a Professor who is
a sitting U.S. District Magistrate Judge due to receiving one of the
highest
grades in his Advanced Legal Writing class.  Recommended to apply for a law clerk position with the Court of Criminal Appeals.   Awarded highest file quality score for the region as a first year team leader.  Nominated and selected among thousands of employees to travel to Corporate Headquarters and meet with the CEO and Head of Claims to understand company culture and process as acknowledgment for contributions to my region.  Held position as one of 6 Claims Specialist Leads in Texas Consistently performed at a high meets to exceeds level in all areas to include file quality, accuracy, efficiency and work environment Selected by supervisor to assist with file closures; resolve complex claim-processing issues; participate in commercial reserves analysis; monitor claim status in a mentor capacity to other teammates.        Experience      Student Attorney - Criminal Defense     Aug 2015   to   May 2016      Company Name   －   City  ,   State      Offered extensive case status explanations to each client.   Advised clients of their rights.     Explained the legal process to each client and answered questions to help ease concerns.     Conducted legal research and facts investigation for case litigation.     Drafted necessary motions relevant to each case.     Interviewed witnesses/Crime scene reconstruction    Worked on a high profile writ for habeas corpus  Negotiated plea deals with prosecutor               Claims Specialist Lead     Jan 2008   to   Jul 2015      Company Name   －   City  ,   State     Managed files in litigation and worked closely with defense counsel to develop strategy to bring cases to resolution.  Attended, negotiated and resolved close to 100 features in mediation.  Handled serious and complex claims by investigating, analyzing, and determining the extent of liability concerning loss of damages through attempts to affect fair settlement with claimants and insureds.  Mentored new members of the claim staff.  Entrusted with $75,000 in settlement authority.         Team Leader     Aug 2004   to   Jan 2006      Company Name   －   City  ,   State     Responsible for overseeing daily administration of claims work flow for my assigned team.  Supervised, coached, and developed team to ensure quality outcomes and superior customer service.  Monitored claims to ensure file quality is compliant with established standards.  Maintained accountability for team performance.  Mentored team members to Casualty promotion Explored alternatives to find innovative ways to leverage opportunities for team to improve quality of work/life balance.         Claims Trainee     Oct 2002   to   Aug 2004      Company Name         Mastered basic claims handling in a high demand atmosphere.  Property Damage Assessor- Estimated vehicle damages, managed preferred repair shops, informed customers.  of the repair process, repair quality assurance Casualty Adjuster- Completed detailed review of medical records/ bills, negotiated settlements with attorneys, monitored files for possible lawsuit potential.         Education      J.D.  ,   Law   2016     St. Mary's University   －   City  ,   State        Coursework in Criminal Justice      Legal License Pending November 2016         Bachelor of Arts  ,   English Literature   2000     Texas A&M University - College   －   City  ,   State  ,   USA   English Literature       Training           Risk Management and Insurance coursework   Extensive training in auto insurance terminology/ processes (parts, repair and medical procedures)  Texas and other state's regulations   Customer Service Delivery   Commercial Specific Issues         Skills     Interpersonal and communication,  Customer service, File management, Insurance, Legal Research & Writing, Litigation, Mediation, Medical record review, High level claim evaluation, Commercial needs,  Negotiation, Processes, Quality assurance, Risk Management, Settlements, Strategy     ","Job Title: ML Engineer
Requirements: Strong background in git, numpy, pytorch, scikit-learn.
Experience: Minimum 2 years of relevant experience required.
Education: PhD or doctorate preferred.
",,git;numpy;pytorch;scikit-learn,13,2,bachelor,phd,0.0,100.0,0.0,36.14,29.04,0,0,Weak,train,kaggle,AUTOMOBILE,,,
P002880,R00720,J00130,backend,backend,"Summary: Motivated engineer with 1 years of experience across full project lifecycles.
Technical Skills: django, docker, fastapi, flask, git, linux, mysql, postgresql, spring, sql.
Experience: Worked for 1 years as a software engineer delivering production systems.
Education: BCA in Computer Applications.
","Job Title: Backend Developer
Requirements: Strong background in flask, mysql, spring boot, sql.
Experience: Minimum 4 years of relevant experience required.
Education: Bachelor's degree in Computer Science or related field required.
",django;docker;fastapi;flask;git;linux;mysql;postgresql;spring;sql,flask;mysql;spring boot;sql,1,4,bachelor,bachelor,75.0,25.0,100.0,85.62,71.41,1,2,Good,val,synthetic,,,,
PK000586,K00195,J00116,other,frontend,"         SENIOR TECHNICAL DESIGNER       Summary    Product Developer/Technical Designer with strengths in apparel, handbags and jewelry. I have an extensive knowledge of materials, manufacturing and quality assurance. Dynamic product engineer highly skilled in creative problem solving with exceptional collaborative and interpersonal skills, who illustrates sophisticated expertise in a variety of innovative approaches, to design, prototype and test creative products, services and experiences. I thrive working within a team environment and I have extensive experience working in partnership with domestic and international teams.      Skills          Adobe CS6 Adobe Illustrator Flex PLM Grovesite  WebPDM Microsoft Word Excel  Optitex  Garment specs and sketches Fit Assessment  Product Development  Technical Direction, Line and Product Review Flat Pattern Making and Corrections  Garment Construction Draping              Accomplishments      Events and Networking Pillar Lead on the LGBTA Business   Council.  Participant in BullseyeCrowd: an innovation execution platform to develop a place where anyone at Target can share their ideas and get access to the resources to turn their ideas into reality.to provide new market potential for Target.        Experience      Senior Technical Designer     03/2017   to   Current      Company Name   City  ,   State           Senior Technical Designer     11/2013   to   02/2016      Company Name   City  ,   State      Responsible for product creation and communication from design hand-off to production for SWAT TD for Children's apparel as well as Women's Jewelry and Handbags intermittently as needed.  Tech pack creation and revision throughout the product development process, meeting calendar dates and communicating with agents and manufacturers.  Creation of samples from a sketch while maintaining the integrity of the design concept.  Provide technical solution support relevant to design.  Ensure products are engineered to cost standards and negotiated through order placement.  Provide technical direction, internally and externally, on corrective actions needed to bring samples to brand standards.  Utilize written comments, sketches or photos as needed to communicate.  Share information cross divisionally to ensure continuous implementation of best practices.  Execute placement of adopted styles in accordance with the sourcing strategy.  Responsible for calendar creation and managing milestone dates to achieve on-time delivery.  Establish strong collaborative relationships with cross-functional divisional teams.  Manage work in progress, tracking and reporting for product development.  Identify efficiencies within my brand/category to support CTM initiative.  Creation of product standards as well as Good, Better, Best costing grids for product categories that I have owned.  Manage team of 2 - Associate Technical Designer and Product Development Coordinator.  Assisted direct reports in career development as well as technical development at a product category level.         Technical Designer II     06/2011   to   11/2013      Company Name   City  ,   State      Responsible for product creation and communication from design hand-off to production for Shaun White Boys Apparel and Girls and Boys Accessories.  Tech pack creation and revision throughout the product development process, meeting calendar dates and
communicating with agents and   manufacturers.  Creation of samples from a sketch while maintaining the integrity of the design concept.  Provide technical solution support relevant to design.  Ensure products are engineered to cost standards and negotiate through order placement.  Execute placement of adopted styles in accordance with the sourcing strategy.  Responsible for calendar milestone dates to achieve on-time delivery.  Establish strong collaborative relationships with cross-functional divisional teams.  Manage work in progress, tracking and reporting for product development.  Creation of product standards for product categories that I have owned.         Technical Designer I     03/2009   to   06/2011      Company Name   City  ,   State      Responsible for product creation and communication from design hand-off to production for Girls Woven Bottoms and Outerwear categories.  Tech pack creation and revision throughout the product development process, meeting calendar dates and communicating with agents and manufacturers.  Creation of samples from a sketch while maintaining the integrity of the design concept.  Provide technical solution support relevant to design.  Execute placement of adopted styles in accordance with the sourcing strategy.  Responsible for calendar milestone dates to achieve on-time delivery.  Establish strong collaborative relationships with cross-functional divisional teams.         Associate Technical Designer     02/2006   to   03/2009      Company Name   City  ,   State      Worked on graphic tees for all Abercrombie brand product categories.  Worked independently in Illustrator and PLM systems to create high quality tech packs and comments at all fit stages.  Measured and evaluated samples for fit sessions to ensure on-body standards were met.  Collaborated with merchant and design teams to create and distribute tech packs to vendor partners.  Critically reviewed samples for issues and worked with vendor partners to establish production friendly constructions.  Manipulated garments in fit sessions to reflect style direction based on design and merchant feedback.  Adjusted and made pattern corrections based on garment updates coming out of fit sessions.  Applied grading to patterns and evaluated graded nests for production to ensure visual and fit accuracy between      all sizes.         Education and Training      BACHELOR OF SCIENCE  :   BUSINESS    University of Central Missouri   City  ,   State  ,   USA    BUSINESS       Skills    Adobe, Adobe Illustrator, balance, concept, costing, delivery, Direction, functional, graphic, Illustrator, managing, market, Excel, Microsoft Word, PLM, Product Development, develop product, progress, quality, Quality Assurance, reporting, sketching, sourcing strategy, strategy, tops, written   ","Job Title: Frontend Developer
Requirements: Strong background in css, express, javascript, node, react.
Experience: Minimum 3 years of relevant experience required.
Education: Bachelor's degree in Computer Science or related field required.
",,css;express;javascript;node;react,0,3,bachelor,bachelor,0.0,0.0,100.0,35.29,23.82,0,0,Weak,val,kaggle,DESIGNER,,,
P001385,R00346,J00136,frontend,frontend,"Summary: Results-driven developer with 5 years of hands-on industry experience.
Technical Skills: angular, css, express, github, html, javascript, node, react, vue.
Experience: Total of 5 years experience in software development and team collaboration.
Education: Master of Science in Data Science.
","Job Title: Frontend Developer
Requirements: Strong background in angular, css, git, github, typescript, vue.
Experience: Minimum 1 years of relevant experience required.
Education: Bachelor's degree in Computer Science or related field required.
",angular;css;express;github;html;javascript;node;react;vue,angular;css;git;github;typescript;vue,5,1,master,bachelor,66.67,100.0,100.0,85.97,83.16,1,2,Good,train,synthetic,,,,
P002291,R00572,J00189,data_ml,fullstack,"Summary: Motivated engineer with 2 years of experience across full project lifecycles.
Technical Skills: docker, git, machine learning, pandas, postgresql, python, tensorflow.
Experience: Total of 2 years experience in software development and team collaboration.
Education: BCA in Computer Applications.
","Job Title: Full Stack Developer
Requirements: Strong background in aws, git, javascript, python, sql.
Experience: Minimum 1 years of relevant experience required.
Education: Bachelor's degree in Computer Science or related field required.
",docker;git;machine learning;pandas;postgresql;python;tensorflow,aws;git;javascript;python;sql,2,1,bachelor,bachelor,40.0,100.0,100.0,61.03,66.26,1,1,Average,train,synthetic,,,,
PK002892,K00964,J00126,frontend,frontend,"         PRESIDENT           Career Focus     Creative Marketing Professional with an MBA seeking a new challenge after many years as a stay at home mom; broad-based background in highly competitive and dynamic organizations. Recognized as a decisive leader and excellent team player.       Summary of Skills         A proven professional, experienced in sales, marketing, management, and business development. Public and Private Sector experience with valuable network of contacts; Excellent communication and public relation skills; event planning & public speaking experience; Presented an International Honor Award by the U.S. Department of Agriculture's Foreign Agricultural Service for outstanding leadership and commitment to the promotion of U.S. agricultural trade worldwide, May 1998.      Skilled multi-tasker  Focused on customer satisfaction  Training and development  Marketing savvy  Team management  Deadline-oriented            Accomplishments      A proven professional, experienced in sales, marketing, management, and business development. Public and Private Sector experience with valuable network of contacts; Excellent communication and public relation skills; event planning & public speaking experience; Presented an International Honor Award by the U.S. Department of Agriculture's Foreign Agricultural Service for outstanding leadership and commitment to the promotion of U.S. agricultural trade worldwide, May 1998  Awarded Contract with Southern U. S. Trade Association to implement a Canadian/US Trade Mission, arranged and conducted conferences, handled guests transportation, assembled media kits and press releases: Master of Ceremony for several of the conferences and made presentations on international marketing  GA's International Trade Division was recognized as a State Model of Excellence by the Small Business Administration at a Vision 2000 conference, Washington, DC 1998  Major: International Business, Honors Graduate; MBA Studies Abroad (Germany) - July 1991  Middle Georgia College, Cochran, GA., Honors Graduate  County Coordinator for two successful Gubernatorial campaigns; Honored as an ""Admiral of the Georgia Navy""  Named Outstanding Young Women of America - '91  Executive Board for the University of Georgia's Center for International Agriculture 96- present  State 4-H Volunteer- Judge for State Competitions '94-'99  GA Council of International Visitors - Host and Member of the Business Women's Council '93 -present  Member of the Atlanta Chamber of Commerce  Board of Directors, Refugee Women's Association of Metro Atlanta '95-96  English tutor to an Armenian family '94-'95  Atlanta Women in International Trade '95-present  Georgia Economic Developer's Trade Committee '97-'99  Honored by Kennesaw State University for work on international training programs '97  Junior League of DeKalb County '93-99; Junior League of Ann Arbor 99-present  Alumni Advisor to Georgia State University's Delta Sigma Pi Business Fraternity '88        Professional Experience      President    August 1999   to   January 2002     Company Name   －   City  ,   State      Provide contract services to organizations through implementation of global business strategies: identifying new business opportunities, conducting market research, market promotions, trade show representation, and product demonstrations.  Awarded Contract with Southern U. S. Trade Association to implement a Canadian/US Trade Mission, arranged and conducted conferences, handled guests transportation, assembled media kits and press releases: Master of Ceremony for several of the conferences and made presentations on international marketing.  Negotiated on behalf of buyer/sellers for several large bulk commodity export transactions          Director, International Trade Division    November 1996   to   August 1999     Company Name   －   City  ,   State    Atlanta, GA and Brussels, Belgium        Supervised maintenance of international trade database and export trade lead program    January 1998   to   January 1998     Company Name   －   City  ,   State      was recognized as a State Model of Excellence by the Small Business Administration at a Vision 2000 conference, Washington, DC 1998 Provided strategic direction, management, budgetary allocation, training, & staffing of Atlanta and Brussels offices  Consulted with companies in development of global business strategies  Organized and managed trade show pavilions throughout Asia and the Americas  Developed seminars on international trade: secured speakers, and facility locations  Linked local suppliers with foreign buyers & distributors through trade shows, missions and promotional campaigns  Supervised maintenance of international trade database and export trade lead program.  Organized successful trade missions of GA companies to Canada and Mexico, exploring trading opportunities, organizing training seminars and hosting receptions for companies  Developed department's promotional literature, brochures, publications an press releases  Served on Southern United States Trade Association (SUSTA) ' 98 generic allocation committee, overseeing allocations of $900 M to the fifteen member states; Oversaw $400 M promotion for U.S Fresh Produce to Canada  Implementation of food promotions in Canada, Costa Rica, UK, Russia, United States, Mexico, China and Japan  Coordinated ""Taste of Georgia"" reception for press visitors during the Atlanta Olympic Games  Served on Board of Directors for Agriculture '96, an agricultural pavilion in Centennial Park  Coordinated Olympic Game volunteer activities for the Georgia Department of Agriculture  Advisor to Atlanta U. S. Export Assistance Center  Advisor to Georgia Specialty Foods Association  Chairperson of InterTrade '97, an Atlanta-based trade conference attracting over 500 participants          Assistant Director    May 1995   to   November 1996     Company Name   －   City  ,   State            International Account Executive    November 1994   to   May 1995     Company Name   －   City  ,   State      Appointed to the U.S. Department of Commerce-International Trade Division's District Export Council Scanwell Freight Express, International Freight Forwarder/ NVOCC, Atlanta, Georgia International Account Executive (11/94-5/95)  Responsible for securing new logistic accounts; Computed air and ocean freight rate quotations  Increased shipping volume through providing air and ocean consolidation  Arranged for domestic cargo transportation with various trucking lines; Coordinated and monitored shipments;  Liaison with overseas offices, airline and steamship lines; Prepared and reviewed international documentation          Cotton/Textile Broker & Sales Manager    October 1991   to   November 1994     Company Name   －   City  ,   State      Successful track record of increasing cotton fiber and textile sales in the Southern U. S. and international markets; met or exceeded all company quotas  Expanded domestic and overseas textile accounts through prospecting, cold calling and computer networks  Advised management of industry regulations  Negotiated new lines of credit and handled letter of credit transactions  Directed company into Import/Export of other agricultural commodities; Arranged logistic details  Trained at the International School of Cotton '90.          Supervisor-Risk Fleet Management    January 1989   to   January 1990     Company Name   －   City  ,   State      Supervised and managed staff of five employees  Coordinated property, casualty and automobile insurance coverage  Negotiated contract renewal and new contract purchases          Budget Analyst/Legislative Relations    January 1988   to   January 1988     Company Name   －   City  ,   State    Liaison to six large state government agencies; Negotiated budgetary requests with facility managers        Education      Masters in Business Administration   :   Business Administration  ,   1993    Mercer University, Stetson School of Business and Economics   －   City  ,   State  ,   US    Masters in Business Administration, 1993 Mercer University, Stetson School of Business and Economics, Atlanta, GA.        Bachelors   :   Business Administration, Finance, Risk Management/Insurance  ,   1987    University of Georgia, Terry College of Business Administration   －   City  ,   State  ,   US    Bachelors in Business Administration, 1987 University of Georgia, Terry College of Business Administration, Athens, GA. Double Major: Finance, Risk Management/Insurance. Delta Gamma Sorority, UGA Student-Alumni Committee, Delta Sigma Pi Business Fraternity          Associate  ,   1984    Middle Georgia College   －   City  ,   State  ,   US    Associate in Business Administration, 1984 Middle Georgia College, Cochran, GA., Honors Graduate          Vice President of Student Government, Advertising  ,   1984    Kernel College Newspaper          Vice President of Student Government; Student Advisory Council to the GA Board of Regents; Assistant Editor & Advertising Editor of the Kernel College Newspaper; Voted ""Miss Middle Georgia College"" 1984 by Student Body INTERNSHIPS/COOPERATIVE EDUCATION/PART-TIME EMPLOYMENT        MBA   :   International Business      Mercer University          Major: International Business, Honors Graduate; MBA Studies Abroad (Germany) - July 1991        Professional Affiliations    Awarded Contract with Southern U. S. Trade Association to implement a Canadian/US Trade Mission, arranged and conducted conferences, handled guests transportation, assembled media kits and press releases: Master of Ceremony for several of the conferences and made presentations on international marketing      Military Experience        January 1993   to   June 1983    Company Name        County Coordinator for two successful Gubernatorial campaigns; Honored as an ""Admiral of the Georgia Navy"" Metro Atlanta Chamber of Commerce, Atlanta, GA, Membership Development, Sales Representative, 1993 Congressman Richard Ray, US House of Representatives. Washington, DC; Congressional Intern, Summer 1983        Languages    English tutor to an Armenian       Presentations    Awarded Contract with Southern U. S. Trade Association to implement a Canadian/US Trade Mission, arranged and conducted conferences, handled guests transportation, assembled media kits and press releases Master of Ceremony for several of the conferences and made presentations on international marketing      Skills     Trade Show, Buyer, Buying/procurement, Market Research, Marketing, Accounts Through, Cold Calling, Commodities, Credit, Import/export, Prospecting, Sales, Sales In, Sales Manager, Fleet Management, Assistant Director, Liaison, Trading, Database, Games, Maintenance, Promotional, Staffing, Strategic Direction, Training, Budget, Account Executive, Documentation, Quotations, Shipping, Award, Business Development, Commercial Real Estate, Event Planning, Human Resources, In Sales, Northern Telecom, Peachtree, Property Management, Real Estate, Real Estate Lending, Sales Representative, Telecom, Training Programs, Induction, Mba, Finance, Risk Management, Advertising, Associate    ","Job Title: Frontend Developer
Requirements: Strong background in angular, css, html, node, typescript, vue.
Experience: Minimum 2 years of relevant experience required.
Education: Bachelor's degree in Computer Science or related field required.
",express,angular;css;html;node;typescript;vue,0,2,master,bachelor,0.0,0.0,100.0,47.62,26.91,0,0,Weak,test,kaggle,AGRICULTURE,,,
P000490,R00122,J00124,data_ml,fullstack,"Summary: Software engineer with 2 years of experience building scalable applications.
Technical Skills: aws, docker, git, linux, pytorch, sql.
Experience: 2 years of professional experience including design, testing and deployment.
Education: B.Tech in Computer Science.
","Job Title: Full Stack Developer
Requirements: Strong background in docker, express, javascript, mongodb, node, python, react.
Experience: Minimum 2 years of relevant experience required.
Education: Relevant practical experience valued; no strict degree requirement.
",aws;docker;git;linux;pytorch;sql,docker;express;javascript;mongodb;node;python;react,2,2,bachelor,none,14.29,100.0,100.0,44.58,51.86,0,1,Average,val,synthetic,,,,
P002790,R00697,J00086,data_ml,frontend,"Summary: Motivated engineer with 1 years of experience across full project lifecycles.
Technical Skills: deep learning, git, numpy, postgresql, pytorch, sql, tensorflow.
Experience: Worked for 1 years as a software engineer delivering production systems.
Education: BCA in Computer Applications.
","Job Title: Frontend Developer
Requirements: Strong background in git, html, node, typescript.
Experience: Minimum 2 years of relevant experience required.
Education: Master's degree in Computer Science or related field required.
",deep learning;git;numpy;postgresql;pytorch;sql;tensorflow,git;html;node;typescript,1,2,bachelor,master,25.0,50.0,0.0,50.92,32.73,0,0,Weak,train,synthetic,,,,
PK006438,K02146,J00115,backend,backend,"         UNIT PUBLICIST       Summary    To utilize and further develop the skills acquired through significant work experience in the fields of public relations, marketing, advertising, fashion and event planning.  [Willing to travel]      Skill Highlights          Media relations  Special events planning  Public relations expert  Project management  Promotional campaigns      Enthusiastic and dedicated team player  Problem solving  Exceptional writer  Organized and efficient  Deadline-driven            Experience     12/2010   to   05/2015     Unit Publicist    Company Name   －   City  ,   State      Secured coverage by both broadcast and print media outlets.  Coordinated press tours on film set, and planned red carpet screening with FOX2 Detroit.         11/2014   to   01/2015     Freelance Publicist, Manager New Business Development    Company Name   －   City  ,   State      Wrote press releases and conducted media outreach, and collaborated on internal marketing materials.  Strategized new business opportunities, and established communication with potential new clients.  Counseled on film industry and public relations procedures.         05/2014   to   06/2014     Freelance Social Media Marketing Manager    Company Name   －   City  ,   State      Developed social media strategies and content calendars for all client accounts.  Managed social media sites and posted content daily across social media platforms.  Surveyed the Internet for brand related topics of conversation, engaged in dialogue and tracked customer issues.  Analyzed current social media metrics and engagement.         04/2013   to   06/2013     Freelancer    Company Name   －   City  ,   State      Conducted media outreach for several client initiatives, monitored for media coverage and executed research.  Produced social media posts on behalf of clients via Pinterest, Facebook, Twitter, etc.  Drafted press releases and proofread previously written releases.         01/2012   to   04/2012     Production Assistant/Volunteer    Company Name   －   City  ,   State      Created social media and marketing campaigns for Michigan F.A.S.H.  Fest.  Wrote press releases, compiled media lists and comprehensive targeted databases.  Reviewed Michigan F.A.S.H.  Fest website for accuracy, troubleshot computer, network and communication issues.  Attended and documented numerous client meetings, set up and staffed several promotional events.         10/2009   to   10/2011     Office Manager    Company Name   －   City  ,   State      Employed marketing and public relations campaigns; coordinated speaking engagements; cultivated social media presence; developed company website and, successfully executed a Search Engine Optimization (SEO) platform.  Managed staff, handled all financial components of business, oversaw day-to-day business operations, built and maintained patient relationships.         12/2010   to   07/2011     Costume Designer    Company Name   －   City  ,   State      Developed wardrobes, footwear, accessories and other materials.  Supervised costume fittings with cast members and made alterations.  Studied script and story lines to conceptualize appropriate costume styles.  Ensured design concepts provided by the director and producer were achieved.         08/2008   to   10/2008     Assistant Style Writer/Event Producer/Stylist    Company Name   －   City  ,   State      Photographed and reviewed designers' Spring/Summer 2009 collections at Mercedes-Benz New York Fashion Week as Assistant Style Writer for the Michigan Chronicle - published in The Michigan FrontPage, September 19, 2008.  Co-produced AKA fashion show, staffed, managed backstage area during show (i.e. models, clothing, accessories, etc.) and acted as co-stylist.  Attended Detroit Fireball 2008 and fashion designers' new line launches as a media representative for Fuzion Magazine and other outlets to review, photograph collections and interview designers.         02/2008   to   06/2008     Associate    Company Name   －   City  ,   State      Participated on Pepperdine University, Downtown Center Business Improvement Development (DCBID), Experian, Accenture, DeBeers and Los Angeles Urban League accounts.  Wrote byline pieces and submitted to top-tier publications (i.e. Los Angeles Times, Los Angeles Business Journal and Orange County Register).  Participated on new business pitch and developed RFPs for several other new business opportunities.  Assessed media opportunities for Pepperdine University and created editorial calendar for remaining 2008 calendar year.  Attended several events and functions with the client and on their behalf.  Conducted media outreach, and secured 5 media placements.  Composed press releases, media alerts, as well as other pitching materials.  Attended weekly client meetings, compiled weekly PR reports and distributed to client and internal team.         02/2007   to   12/2007     Account Coordinator    Company Name   －   City  ,   State      Participated on Hyundai Motor America, Hyundai Hope on Wheels, and BMW Group DesignworksUSA accounts.  Secured 12 media placements, generated media lists and conducted media outreach for various projects.  Conducted new dealership announcements, wrote press releases, media alerts, pitch emails and other media relations materials.  Assisted in planning, logistics, execution and staffed both spring and fall Hyundai Communication Summits.  Managed Hope on Wheels scholarship events, coordinated ceremonial checks for Hyundai Hope on Wheels 2007 Tour.  Prepared various awards entry binders for PRSA PRISM, 2007 Ketchum Kudos and PR Week awards.  Implemented catalog system for print and broadcast media clips.  Executed daily and weekly media monitoring and compiled media coverage reports.  Formulated weekly PR Coordinator Reports and bi-monthly Status Sheets.  Generated monthly Activity Reports and Budget Status Reports for all Hyundai and Hyundai Hope on Wheels billing.  Produced monthly PR outlooks and media opportunities for BMW Group DesignworksUSA.  Attended Hyundai's Product Immersion Day.         08/2006   to   02/2007     Intern    Company Name   －   City  ,   State      Interacted directly with clients on a daily basis.  Wrote press releases, pitch emails, composed numerous result trackers and pitched to National and Local media.  Participated on VIVA Paper Towels, WhiteWave Foods, Horizon Organic, Silk Soymilk, ConAgra, DAVID Sunflower Seeds, Orville Redenbacher, Hebrew National, Healthy Choice, Best Buy-Geek Squad, Scott Flushability-Halftime Flush, Jim Beam, Sauza and Roto-Rooter accounts.  Formulated daily monitoring reports, as well as compiled weekly monitoring summaries.  Generated media lists, organized Quick View reports for various client projects, prepared E-kits and PR Newswires.  Facilitated holiday event for Geek Squad, planned and executed event for DAVID ""Good Seed"" Award Grand Prize winner.  Organized long-lead monitoring assignments and outlines.  Coordinated sizzle reel for VIVA Towels.  Assisted on a new business pitch, and worked closely with senior level staff.         12/2005   to   04/2006     Intern    Company Name   －   City  ,   State      Supported planning and execution of the Frigidaire ""Glacier Lounge"" at Sundance Film Festival.  Sorted and maintained celebrity donated clothing from Frigidaire ""Glacier Lounge"" event in partnership with Clothes Off Our Back.  Participated on Frigidaire, Kraft's Good Seasons, Milk Web, Planter's Peanuts, and Wine Market Council accounts.  Pitched to National and Local media publications and to B-rolls, and secured 28 media placements for high profile accounts.  Interfaced directly with vendors on signage development, and numerous other projects.  Prepared detailed editor bios for use in subsequent pitches.  Executed extensive research and detailed planning for new business development.  Developed and successfully executed, complex sponsorship opportunity for Kraft Singles.  Staffed Frigidaire/Electrolux booth at Kitchen and Bath Industry Show (KBIS), and assisted at corporate events.         09/2005   to   12/2005     Marketing Coordinator    Company Name   －   City  ,   State      Developed a redesign strategy for Lori's website, photographed store inventory and wrote copy for website.  Assisted customers with purchases of shoes and accessories, and maintained relationships with customers.  Managed in-store promotions to generate traffic.         07/2004   to   09/2005     Sales Associate    Company Name   －   City  ,   State      Assisted customers with purchases of shoes and accessories, closed 97% of initiated sales and maintained relationships.  Collaborated with owner on marketing and inventory strategy.         05/2004   to   08/2004     Intern    Company Name   －   City  ,   State      Devised and successfully established working budgets and timeline for video and still photography shoots.  Managed the coordination and purchasing of stock photography for print ads.  Promoted to account lead on multiple direct mail pieces.  Maintained and updated status reports, and attended weekly internal team and client meetings.  Reviewed advertising materials for accuracy and completeness of work.          Education     May 2005     Bachelor's Degree  :   Public Relations, Marketing and Advertising    University of Michigan   －   City  ,   State               Awards      2007 Ketchum Silver Kudos Award Hyundai ""Veracruz Launch""   2007 PRSA PRISM Award ""Hyundai Sonata/'Regis and Kelly' Trivia A Go-Go Promotion""   2007 PRSA PRISM Award ""Hyundai Elantra - Mash and Seek""   2007 PRSA PRISM Awards of Excellence ""Hyundai Launches Genesis of a New Brand Identity""   Headliner Award, Ketchum   Passion and Precision Award, Ketchum   Michigan Merit Scholar   Received multiple Weber Shandwick - Intern of the Week Awards  Recognition of Excellence Award for work on Frigidaire's Sundance Film Festival Event         Computer Skills     Microsoft Word, Excel, Access, PowerPoint, Outlook, Works, OneNote, Publisher, Entourage, Sprout Social, HootSuite, Canvas, Tweet Deck, Factiva, Lexis-Nexis, Bacon's MediaSource, Adobe Photoshop, Illustrator, InDesign, Acrobat, MAC Software/Programs, Final Draft 7, SAP, PR Trak and Roxio.    ","Job Title: Backend Developer
Requirements: Strong background in docker, flask, linux, mysql, spring, spring boot, sql.
Experience: Minimum 3 years of relevant experience required.
Education: Master's degree in Computer Science or related field required.
",spring,docker;flask;linux;mysql;spring;spring boot;sql,0,3,bachelor,master,14.29,0.0,0.0,58.28,20.28,0,0,Weak,train,kaggle,PUBLIC-RELATIONS,,,
P000824,R00206,J00071,frontend,frontend,"Summary: Software engineer with 1 years of experience building scalable applications.
Technical Skills: angular, css, express, git, javascript, linux, node, react, sql, typescript, vue.
Experience: Worked for 1 years as a software engineer delivering production systems.
Education: M.Tech in Software Engineering.
","Job Title: Frontend Developer
Requirements: Strong background in angular, css, express, git, html, node, react.
Experience: Minimum 2 years of relevant experience required.
Education: Bachelor's degree in Computer Science or related field required.
",angular;css;express;git;javascript;linux;node;react;sql;typescript;vue,angular;css;express;git;html;node;react,1,2,master,bachelor,85.71,50.0,100.0,83.9,80.26,1,2,Good,train,synthetic,,,,
P000981,R00245,J00025,backend,backend,"Summary: Software engineer with 2 years of experience building scalable applications.
Technical Skills: aws, django, java, mongodb, mysql, postgresql, spring, sql.
Experience: 2 years of professional experience including design, testing and deployment.
Education: Master of Science in Data Science.
","Job Title: Backend Developer
Requirements: Strong background in django, fastapi, flask, mongodb.
Experience: Minimum 4 years of relevant experience required.
Education: Bachelor's degree in Computer Science or related field required.
",aws;django;java;mongodb;mysql;postgresql;spring;sql,django;fastapi;flask;mongodb,2,4,master,bachelor,50.0,50.0,100.0,72.24,63.06,1,1,Average,train,synthetic,,,,
P002925,R00731,J00181,frontend,frontend,"Summary: Motivated engineer with 5 years of experience across full project lifecycles.
Technical Skills: css, github, javascript, linux, node, react.
Experience: 5 years of professional experience including design, testing and deployment.
Education: Bachelor of Science in Information Technology.
","Job Title: Frontend Developer
Requirements: Strong background in angular, css, javascript, node.
Experience: Minimum 1 years of relevant experience required.
Education: Master's degree in Computer Science or related field required.
",css;github;javascript;linux;node;react,angular;css;javascript;node,5,1,bachelor,master,75.0,100.0,0.0,92.27,73.07,1,2,Good,train,synthetic,,,,
PK001978,K00659,J00044,other,fullstack,"         BUSINESS DEVELOPMENT MANAGER       Summary    Experienced sales professional and effective leader. Currently a sales professional for CT of Wolters Kluwer.
          Highly motivated, self-driven, result-oriented consultant
          Tenacious new business prospecting, selling, negotiating and closing skills
          Skillful verbal and written communication skills including the ability to present to an executive-level
          audience
          Passion for gaining personal relationships with clients
          Strong understanding and use of strategic selling techniques
          Former professional athlete        Experience     03/2017   to   Current     Business Development Manager    Company Name          Consulted with C-level executives to develop and implement an effective, enterprise-wide strategy that maximizes the
          value delivered by solutions in order to ensure success with key initiatives
          Developed and conducted effective presentations with contract decision makers (c-level)
          Accountable for the entire sales cycle from prospecting to closing deals, forecasting, and strategic planning
July 2015 - March 2017 - Business Development Manager          Wolters Kluwer/CT Corporation
       FY 2016 104.4% for CT Corporation
       FY 2016 #1 Business Development Manager on Law Firm Segment Team
       FY 2015 109% for CT Corporation
          Primary responsibility for driving profitable customer acquisition and sales growth
          Responsible for developing and implementing relationships with existing customer base as well as pursuing new
          customers of representation and compliance services, formation/qualification services, and other on demand services
          Leverage strategic planning in order to optimize revenue generation of sales efforts
          Participate in collecting and evaluating performance metrics by participating in in-depth and on-going analysis of
          departmental services, processes, and customer preferences; understanding the overall needs of the law firm channels
          and what factors contribute to success; assist with monitoring department metrics; assisting in the identification of
          relationships and trends in the data as well as factors influencing results; contributing to the development of solutions to
          maintain or improve customer satisfaction, increase revenue and/or decrease expenses.  May 2012 - July 2015 - Tampa & Southwest Florida Territory Manager          LexisNexis
      Successfully earned 2 Circle of Excellence company trips for achieving top sales results (2010, 2011).  Earned the Best Sales Teaming Award for the Region (2011).  FY 2014 Over 100% for LexisNexis
      FY 2012 Over 100% for LexisNexis
      Qualified and earned a Top Performer's Trip (2012 and 2014).  Created and implemented effective account/territory plans that included; developing and implementing a sales strategy
          considering new business growth, managing all resources necessary to drive new business; forecasting revenue;
          developing key contacts and business relationships within a new account including influential individual and high level
          decision makers.  Identified and qualified opportunities in order to successfully advance them through selling process to close.  Consistently identified and communicated effectively with executives or other high level officials to articulate competitive
          differentiators and provide a solution-based sales presentation.  Established and maintained excellent customer relationships at all levels, and acted as a liaison between sales support
          and our customers to ensure a positive onboarding process.  Developed strategic sales plans using business analysis tools to identify and track revenue trends, recognize sales
          opportunities, target specific sales activities, and analyze competitive threats within my territory.  January 2010 - April 2012 - Michigan & South Dakota Account Executive (Dayton, Ohio)          LexisNexis
        FY 2011 Over 100% for LexisNexis
        FY 2010 Over 100% for LexisNexis
        Secured the largest POS contract in the history of LexisNexis as an Account Executive ($75,123).  Created and implemented effective account/territory plans that included; developing and implementing a sales strategy
         considering new business growth, managing all resources necessary to drive new business; forecasting revenue;
         developing key contacts and business relationships within a new account including influential individual and high level
         decision makers.  Identified and qualified opportunities in order to successfully advance them through selling process to close.  Established and maintained excellent customer relationships at all levels, and acted as a liaison between sales support
         and our customers to ensure a positive onboarding process.  Customized pricing proposals that matched the LexisNexis solutions to the prospective customer's business needs.  Developed strategic sales plans using business analysis tools to identify and track revenue trends, recognize sales
         opportunities, target specific sales activities, and analyze competitive threats within my territory.         02/1998   to   12/2009     Executive Director    Company Name               08/1997   to   11/2005     Assistant Soccer    Company Name          Responsibilities included identification, analysis and recruitment of student athletes, planning and execution of practices, player
skill development, academic monitoring and counseling supporting a Division I college soccer program.  November 1994 - May 1998 Professional Athlete (Soccer Player)          Ohio
        Cincinnati Silverbacks of the NPSL (National Professional Soccer League)
        Dayton Dynamo of the NPSL
        Columbus Xoggz (USISL).         11/1994   to   02/2005     Director    Company Name          Dayton's largest and most comprehensive youth soccer organization.  Only Coach in the history of the state to earn highest coaches honor twice (2006, 2009)
     Manage the activities of 150 coaches, trainers and team managers.  Team leader for presentations delivered one-on-one and in both small and large group settings.  Taught thirty certified license courses graduating over 1000 professional coaches.  Successfully achieved day to day operational goals while focusing on long term strategic goals.  Conduct training and educational programs for thousands of players on such topics as fitness, nutrition, injury prevention,
        sport psychology and life skills.  Responsible for developing, reviewing, and updating all training and educational materials.  Demonstrated team building skills such as communication, empathy, motivation and problem resolution.  Trained and certified coaches to be fully prepared for National licensing courses.  Supervised and managed coaching staff within Olympic Development Program.  Established specific curriculums and educational presentations to be incorporated within district and state levels.  Instructed players at district, state and regional levels in order to achieve their fullest potential and achieve a position on
        United States National Team.          Education and Training     1995     Bachelor of Science  :   Education/Exercise Physiology    Wright State University   －   City  ,   State      Education/Exercise Physiology        Skills    academic, articulate, business analysis, Business Development, C, closing, Coach, coaching, competitive, counseling, customer satisfaction, driving, educational materials, educational programs, forecasting, injury prevention, team building, Team leader, Law, managing, enterprise, POS, presentations, pricing, problem resolution, processes, proposals, psychology, recruitment, selling, Sales, sales plans, sales support, strategy, strategic, strategic planning     ","Job Title: Full Stack Developer
Requirements: Strong background in aws, docker, express, javascript, mongodb, python, sql.
Experience: Minimum 2 years of relevant experience required.
Education: Bachelor's degree in Computer Science or related field required.
",,aws;docker;express;javascript;mongodb;python;sql,0,2,bachelor,bachelor,0.0,0.0,100.0,46.3,26.58,0,0,Weak,train,kaggle,BUSINESS-DEVELOPMENT,,,
PK001315,K00438,J00157,frontend,data_ml,"         ENGINEERING TEACHER       Professional Summary    To obtain a challenging position in the field of Engineering and to work within a team environment, where I can contribute my skills and experience to a client focused, dynamic organization.      Core Qualifications          Proficiency in  AutoCAD    Computer proficient      Microsoft Office    Autodesk Civil 3D    GIS    Construction cost estimating    HVAC Design    Autodesk Inventor Pro    Autodesk Revit                    Experience      Engineering Teacher   09/2014   to   Current     Company Name   City  ,   State       Update lesson plans each semester to stay relevant in the field of engineering and technology.  Utilize variety of teaching styles, such as group discussions, lectures and simulations to maximize student interest, participation, and comprehension.  Integrate creative learning strategies for students who are learning engineering design project presentations.  Provide students with hands-on CAD software activities and an overall concept of engineering and technology.  Assist in two robotic clubs for students who wish to excel in science, technology, engineering, and mathematics projects.  Attend a variety of ongoing professional development workshops centered on learning goals.  Sponsor in multiple seminar field trips for students who are interested in pursuing an engineering career path.          Civil CAD Supervisor   10/2013   to   09/2014     Company Name   City  ,   State       Provided hands on software training for each CAD drafter to utilize the latest version of Autodesk Civil 3D.  Supervised the CAD drafting department with design projects to ensure quality control and manage production.  Coordinated with professional engineers, surveyors, inspectors, consultants and construction managers concerning active projects.  Ensured all assign work to be completed in a timely manner and attended project management meetings to focus proactively on the scope or work for each project.          Adjunct Instructor   08/2013   to   Current     Company Name   City  ,   State       Teach students the basic understanding of blueprint reading and sketching for welding and machining math.  Develop and implement an effective unit lesson plans.  Provide weekly grade reports for each student to encourage them to achieve in their course study.  Utilize successful learning strategies that promote student engagement.  Fostered a classroom environment conducive to their learning ability and promoting excellent student/teacher interaction.          Program Chair   10/2010   to   10/2012     Company Name   City  ,   State       Served as a subject matter expert for students, instructional staff and advisory committees regarding academic curriculum and technical information.  Notified the Dean concerning student engagement and retention issues.  Assisted the Dean in determining classroom equipments for capital budgeting.  Analysis student course planning reviews and class schedules for each faculty member.  Developed and implemented student retention strategies.  Oversaw training and supervision for faculty performance.  Involved with the hiring process for screened and interviewed new candidates.  Participated in professional advisory committee meetings.  Motivated students to actively participate in all aspects of educational process.  Maintained teaching assignments as scheduled.  Setup and maintained grade book throughout each course.  Provided weekly feedback to students with grade reports and attendance reports.  Documented the high risk student with advisories and recorded in the school's academic database.          Civil Project Engineer   05/2005   to   09/2010     Company Name   City  ,   State       Planned and scheduled subdivision plats with the city and county planning and zoning commission meetings for approval and city pre-construction meetings for construction approval.  Coordinated projects with external clients, architects, surveyors, and public agencies.  Performed field evaluations with contractors and city inspectors to review construction for compliance with design intent.  Prepared feasibility studies, engineering cost estimates, bid proposals, drainage reports, engineering reports, construction documents, specifications, cut sheets, public utility permits, plats, As-Builts, addendums, submittals,  and analyzed geotechnical reports for civil engineering and subdivision projects.  Mentored proactively with the CAD group to execute construction documents for imperative deadlines, contractor's (RFI) Request for Information for project verification, trained the group to design pump lift stations, grade roadways, parking lots, soil erosion and sediment control designs, plan and profiles for sewer and storm lines, subdivision plats, land surveys, with the use of AutoCAD Land desktop.  Coached and trained the group to become team players, to work positively under pressure by prioritizing and managing multiple projects simultaneously, and encouraged them to handle cold calls and follow ups effectively to display good communication skills.  Coached CAD operators to quickly check their drawing proposed layout for proper dimensions, scheduling, labeling, and spelled check prior to final review and engineer construction document approval, assisted them in troubleshooting their CAD errors, user (pc) personal computers, pc system networking and to install AutoCAD relative software programs.  Supported field verification of photographic illustrations to CAD operators from scope phase to construction phase and final walk-thru phase.  Provided an energetic atmosphere towards CAD operators minister them to have a positive attitude towards other clients and to interact with their co-workers on wide range of projects.          Civil CAD Designer   03/2003   to   05/2005     Company Name   City  ,   State       Supervised CAD team to design civil plan and profiles, subdivisions, plats, survey roadway grading, storm drain, and sanitary sewer improvements with the use of AutoCAD Land desktop.  Provided pipe works and terrain surface, contour, and volume calculation for project engineers.  Exported / imported survey GPS collection data for construction stakeout and topographic layouts.  Supervised CAD team by teaching them to use good drafting standards and techniques, over saw their construction documents and assisted them in developing and maintaining a CAD detail library for a fast growing small business.  Introduced AutoLisp programming to enhance their AutoCAD skills.  Trained entry level CAD technicians to utilize the latest Land Desktop AutoCAD software and focused on their techniques of strength and weakness.          Mechanical HVAC Engineer   08/2000   to   05/2001     Company Name   City  ,   State       Coordinated with multi-disciplinary design teams in project development meetings and assisted on-site field evaluation to verify specification with project construction.  Prepared heating and cooling load calculations for mechanical HVAC systems with Trace 700 or Carrier software in sectors such as residential, commercial, semiconductor facilities, and pharmaceutical facilities buildings according to ASHRAE standards for Indoor Air Quality.  Designed mechanical and plumbing plans, and lift stations as per to specifications and codes in respect to the designed criteria for turn key projects with AutoCAD or Microstation.  Attended Trane and Carrier HVAC seminars for product knowledge in-depth training.  Lead and developed the CAD design team to undertake all work and to support projects, to assist project engineers by meeting their deadlines and mentoring them to always check their work.          Co-op Mechanical Engineer   01/1997   to   12/2000     Company Name   City  ,   State       Calculated mechanical HVAC heat loss and heat gain with the use of Elite HVAC software, sized supply and return duct layouts, diffusers, and designed plumbing risers.  Drafted and designed the mechanical electrical and plumbing plans with AutoCAD.  Drafted and designed electrical lighting layouts.  Sized the domestic water and condensate lines to adhere plumbing codes.  Scheduled roof top and make-up air units according to the specifications.  Collaborated with electrical engineers for building design impact and discrepancies.          Architectural Draftsman   01/1992   to   12/1997     Company Name   City  ,   State       Drafted and designed architectural plans and prepared project specifications.  Designed elevation views, wall section details, building section details, schedules, and typical drawing details.  Prepared shop drawings.  Review plans to comply with ADA and building code.  Attended clients meetings for scope of work.  Drafted and designed structural and civil construction plans.  Coordinated with MEP engineers, civil engineers, and structural engineers.  Field measured and inspected site work during construction phase and revised architectural plans as needed.          Education      Master of Education  :   Leadership   01/2014       Northcentral University   City  ,   State       Leadership        Bachelor of Science  :   Mechanical Engineering   05/2000       The University of Texas   City  ,   State       Mechanical Engineering        Associate of Applied Science  :   Drafting and Design Technology   06/1992       Texas State Technical College   City  ,   State       Drafting and Design Technology        High School Diploma     05/1988       Edinburg High School Independent School District            Professional Affiliations    Over 9 years of CAD management and 6 years project management experience. Recognizing the goals and priorities to exceed client expectation. Achievement oriented - continually setting high goals and striving toward excellence. Able to effectively communicate within different levels in the internal organization and converse with external professionals. Ability to organize and manage multiple projects with other disciplines. Great technical background and an outstanding analytical problem solver. Generate practical solutions, careful planning with proper contingencies for cost estimating. Achieved an American Society Plumbing Engineers certification. Over 10 years of civil, architectural, and mechanical electrical plumbing drafting and design experiences proficiently with AutoCAD.       Work History      Company Name                  Skills    Operating systems: Windows 7/XP/2000, Android, and MS-DOS
*Software: Autodesk Civil 3D, Autodesk AutoCAD, Autodesk Inventor Professional, Pro/E, Solidworks, GIS Analyst, Lidar data,  Autodesk Revit Architectural, Microstation, MathCAD, CAD/CAM, Fortran, Microsoft Office (Word, Excel, Outlook, Power point, Access, Publisher, and FrontPage), I-DEAS, Elite HVAC, Trace 700, Carrier, NC Programming, Adobe (Acrobat, Flash, and Photoshop), Internet Explorer, Firefox, and HTML, CSS, Wordpress.   ","Job Title: ML Engineer
Requirements: Strong background in aws, docker, git, numpy, pandas, pytorch.
Experience: Minimum 2 years of relevant experience required.
Education: Master's degree in Computer Science or related field required.
",css;html,aws;docker;git;numpy;pandas;pytorch,10,2,master,master,0.0,100.0,100.0,47.34,46.84,0,0,Weak,test,kaggle,TEACHER,,,
PK004622,K01540,J00040,data_ml,backend,"         DIRECTOR FINANCE AND FP&A           Executive Profile    I'm a senior finance leader who thrives when working closely with the executive team in removing obstacles to directing the company beyond targeted growth. Early in my career I learned the value of looking beyond how things are currently done in order to continually search for how we can do things better. Working in cooperation with senior leadership throughout the organization, my finance teams are built with this focus and the results are enhanced analytics and dynamic reporting tools.      Skill Highlights          * Leadership  Forecasting    Accounting  Financial Analysis / Reporting   Strategic Financial Planning Operations Management  Data Development  Process Improvement  Functional Integration  Budget Creation  Tool / System Development  Team Building / Management  System Integrations  Cost Control  Mergers & Acquisitions  Project Management  Turnarounds/Restructurings  International Hyperion Essbase * Hyperion Enterprise  Hyperion Retrieve  MS Access  MS Excel  MS PowerPoint  MS Word  FileMaker  Minitab  Storm  WordPerfect  4D  FAS 1000  Strategen  AccPac  BOSS  Business Objects  Daly & Wolcott  Great Plain Dynamics  Lawson  MacPac  OneGlobe  Oracle *  PeopleSoft  QuickBooks  SAP  Magnitude  TMS  nSIMMS  Monarch  Razorsight  Sage  SQL  Strategen      Small business development  Project management  Leadership/communication skills  Business operations organization  Budgeting expertise  Self-motivated  Customer-oriented           Professional Experience      Director Finance and FP&A     Company Name   －   City  ,   State      A.T.  Cross has a 169 year tradition of crafting fine writing instruments, A private equity firm held $120M global company, I was brought on board by the prior CFO to create a dynamic finance function as the company transitioned through two acquisitions.  Major Achievements: In my first three months at A.T.  Cross I developed an enhanced global budget tool that delivered budget on time and at the product sku level utilizing advanced MS Access.  Over my first nine months at A.T.  Cross I mapped five independent ERP systems and improved the consolidation process from a five week to a five day close.  Constrained by systems and with no capital investment required, I created robust modeling and reporting tool utilizing advanced MS Excel and MS Access skills allowing for detailed analysis at the transaction level that previously had not existed postponing a $7M capital expense over the next three years Prior to planned implementation of SalesForce, I am working closely with sales leadership to develop KPI reporting dashboard and lead tracking tool to drive revenue growth while saving $200K.  Co-leading supply chain review initiative including evaluation and improvement of supply chain and working capital KPI.  Creating modeling tools in co-led effort to review and improve product costing practices.          Senior Finance Consultant     Company Name   －   City  ,   State      Engaged with four companies over this period ranging from Granite City Electric a small, family-owned company to Staples, Sun Life Financial and Saint Gobain; I was brought in to hold interim senior finance roles and work closely with the executive teams through periods of transition.  Major Achievements:.  Even with robust ERP systems in place at Staples, the need to bridge various stand-alone systems was identified and I created an inventory database to track existing store assets while enabling real-time ""what-if"" analysis and cost planning related to proposed changes improving efficiency and predictive capabilities.  With multiple global ERP systems in place at Saint Gobain, the executive team was looking for a dynamic and robust ""one-stop"", menu-driven reporting tool that I created utilizing Business Objects, advanced Excel and VBA increasing analytical capabilities and key metric analysis.          Senior Finance Director     Company Name   －   City  ,   State      A provider of tailored, high capacity communications services, A private equity firm held company bought by Lightower Fiber Networks in 2012 for $2B, I was brought in to develop and lead the finance team and work with the executive team through the acquisitions of Con Ed Solution's (2007) and by RCN Communications (2008).  Major Achievements:.  Balancing the push and pull between sales efforts and maintaining margins was the focus of the Request for Proposal (RfP) tracking and analysis tool I developed to manage the contract review and approval process.  Integrating two processes performed using MS Excel and monitored individually, I created and linked a sales pricing database with a cost identification database to foster improved sales decisions by bringing finance, sales and technical operations together in a formalized review.  Telecommunications expenses represent 40% of total operating expenses at Sidera.  Ensuring the accurate tracking and timely payment of these customer impacting costs are crucial.  I created a circuit inventory tracking database to facilitate accurate cost analysis and reporting which resulted in a zero network outage rate over the subsequent two year period with $100K of estimated annual savings in penalties and fees.          Global Engagement & Mobility Solutions Manager     Company Name   －   City  ,   State            Worldwide Director of Finance    January 2005   to   January 2006     Company Name   －   City  ,   State      a publicly traded global $3.5BM company providing management and technology consulting services to large companies and governmental institutions.  I built and led finance function supporting deployment of more than 4,000 consulting resources across international borders to serve global clients, driving compliance with international immigration, income and social tax laws.  Major Achievements:.  Facing substantial fines, penalties and the possible discontinuation of operations I worked with external tax advisors, immigration providers, the International, Regional and Country Controllers, the Corporate Tax Department, Legal, the Payroll Department and my finance team to lead the process design behind the accounting related to 31 subsidiary countries.  The result was a tracking database and accounting tool saving millions in fines, penalties and lost revenues.  A publicly traded $1.3 billion global enterprise networking and security solutions with manufacturing plants in China and Mexico, Working closely with the Corporate Executive and Ireland manufacturing teams I led the accounting and finance operations for the Supply Chain Operations' six activity centers that served four 3Com regions.          Director of Finance    January 1997   to   January 2005     Company Name   －   City  ,   State      A $1B comprehensive provider of wireless communications and software solutions to the healthcare, government, large enterprise and emergency response sectors, Originally hired as an Assistant Controller, I experienced substantial professional growth achieving three promotions culminating in overseeing the global finance team including accounting, financial reporting and analysis while working closely with the Executive management team.  Major Achievements:.  Working with the Engineering and Technical Operations teams I created lease and licensing database solutions in order to maintain FCC regulatory compliance saving the company $1.2M in penalties and fines.  Through acquisition the company was operating 13 individual billing systems and the ability of senior management to make timely business decisions was hampered by a slow consolidation's process.  With the focus on closing the books and producing standard reporting, meaningful analysis was an after-thought.  In order to provide the leadership team with better tools I established a database solution mapping each individual billing system to my data warehouse with an export into Lawson that allowed for a timely and accurate close in less than five days.          Education      Master of Business Administration   :   Finance  ,   2016    University of Massachusetts   －   City  ,   State      Finance        Bachelor of Science   :   Accounting      Michigan State University   －   City  ,   State      Accounting        Skills    3Com, 4D, Accounting, AccPac, Acquisitions, billing system, billing systems, Budget, Business Objects, closing, consulting, contract review, Controller, cost analysis, Cost Control, costing, clients, data warehouse, database, driving, equity, ERP, Essbase, Excel and VBA, Executive management, senior management, FileMaker, finance, Financial, Financial Planning, financial reporting, Financial Analysis / Reporting, focus, Forecasting, Functional, government, Hyperion, inventory, Lawson, Team Building, Leadership, Legal, regulatory compliance, Mergers, MS Access, MS Excel, MS PowerPoint, MS Word, Minitab, modeling, Monarch, Enterprise, network, networking, Networks, next, Operations Management, Oracle, Payroll, PeopleSoft, pricing, process design, processes, Process Improvement, improve product, producing, Project Management, Proposal, QuickBooks, real-time, reporting, RfP, Sage, sales, SAP, SQL, Strategic, Sun, Supply Chain, tax laws, Tax, Telecommunications, WordPerfect   ","Job Title: Backend Developer
Requirements: Strong background in django, docker, git, java, mongodb, spring, spring boot.
Experience: Minimum 4 years of relevant experience required.
Education: Bachelor's degree in Computer Science or related field required.
",oracle;sql,django;docker;git;java;mongodb;spring;spring boot,169,4,master,bachelor,0.0,100.0,100.0,40.27,45.07,0,0,Weak,train,kaggle,FINANCE,,,
P002841,R00710,J00070,backend,backend,"Summary: Motivated engineer with 8 years of experience across full project lifecycles.
Technical Skills: django, fastapi, flask, mysql, python, spring, sql.
Experience: Total of 8 years experience in software development and team collaboration.
Education: M.Tech in Software Engineering.
","Job Title: Backend Developer
Requirements: Strong background in git, java, mongodb, postgresql, spring boot.
Experience: Minimum 5 years of relevant experience required.
Education: Bachelor's degree in Computer Science or related field required.
",django;fastapi;flask;mysql;python;spring;sql,git;java;mongodb;postgresql;spring boot,8,5,master,bachelor,0.0,100.0,100.0,40.04,45.01,0,0,Weak,train,synthetic,,,,
P002396,R00599,J00164,fullstack,fullstack,"Summary: Motivated engineer with 3 years of experience across full project lifecycles.
Technical Skills: aws, express, git, linux, mongodb, node, python, react, sql, typescript.
Experience: Total of 3 years experience in software development and team collaboration.
Education: Bachelor of Science in Information Technology.
","Job Title: Full Stack Developer
Requirements: Strong background in aws, docker, javascript, node, python.
Experience: Minimum 2 years of relevant experience required.
Education: Master's degree in Computer Science or related field required.
",aws;express;git;linux;mongodb;node;python;react;sql;typescript,aws;docker;javascript;node;python,3,2,bachelor,master,60.0,100.0,0.0,77.2,63.3,1,1,Average,test,synthetic,,,,
PK000230,K00076,J00166,other,frontend,"         DIRECTV HR RECRUITER/ ADMINISTRATION       Summary    My goal is to obtain a position where I can utilize and enhance my education and skills.      Highlights           Excellent communication skills    Self-directed  Accurate and detailed    Certified in Basic Life Support (BLS)      Electrocardiography Certification (EKG)       Independent worker   Strong organizational skills    Energetic work attitude  Courteous demeanor            Accomplishments      Recognized by peers and management for going above and beyond normal job functions.     Was named top leader while working at Alexander Dawson College Bound    Quality Assurance   Ensured quality of  food .  Quality of care for customers    Offered job promotion to management only  two  weeks after start date  Flexibly rotated between  four  different jobs for Mac Shack   Human Resources Increased employee new hires by 65%.         Experience      DIRECTV HR Recruiter/ Administration    11/2014   to   Current     Company Name   City  ,   State       Generate new hire paperwork   Keep all government documents up to date  Help with the new employees and documentation  Make copies, badges, and packets  Transfer 125  MSO sheets into the computer per week  Post job ads to bring in candidates for open positions  Call and interview candidates over the phone  Scheduled and confirmed appointments for management team   Assist multiple managers with office issues and staff issues   Coordinated department functions for team of  10   employees      Updated employee accounts and information regularly       Create databases and spreadsheets to improve inventory management and reporting accuracy              Develop more efficient filing systems     Coordinate admission processes and prepare agreement packets     Handle and process confidential employee information            Hostess   09/2014   to   11/2014     Company Name   City  ,   State      Tasks as Hostess:    Friendly greeted customers   Professionally answered the phone  Had complete knowledge of the entire restaurant and menu   Completed cleaning checklists   Guided guests to appropriate tables   Helped book reservations for large parties and group  Ensured large parties were taking care of and satisfied   Efficiently used OpenTable to take reservations and seat guests  Dealt with customer issues calmly, quickly, and professionally           Hostess/Cashier/Busser/Food Runner/ Expo   09/2013   to   09/2014     Company Name   City  ,   State      Tasks as Hostess/Cashier/Busser/Food Runner/Expo:  Cashier/Hostess:    Professionalism   Cooperated with fellow coworkers   Ability to multitask   Satisfied customer requests   Greeted customers in a friendly and welcoming manner   Answered telephones quickly and professionally  Completed daily checklists   Exceed customer and employer expectations  Reliable and willing to cover employees shifts    Food Runner/Busser:​    Delivered food in a timely manner   Insured a clean and orderly work environment  Dealt with customer complaints and issues  Helped keep customer complaints to a minimum   Responded to customers requests immediately  Answered phones and took customers orders   Expo:   Made salads and side dishes  Added final ingredients and toppings to food  Restocked all dishes and silverware  Efficiently communicated with cooks to ensure orders were correct  Made sure all counter spaces were clean and orderly  Completed cleaning checklist  Helped with customer complaints and issues           Event Coordinator: Coyote U-Night Community Fundraiser   02/2012       Company Name   City  ,   State       Brainstormed event ideas  Oversaw budget plans  Oversaw 5  coordinating groups  Responsible for advertisement distribution and media coverage  Responsible for communication with clientele  Coordinated with 100  teachers to help with fundraiser  Ensured safety for 2,000  people           Education      High School Diploma  :   Hospitality, Travel, and Tourism   June 2014       Southwest Career and Technical Academy   City  ,   State  ,   United States       Four-year Hospitality program: Minor in Marketing     ​Project Based Learning    Coursework in Hospitality and Tourism Management     Coursework in Marketing and Advertising         Coursework in Business, Marketing and Communications      Coursework in Marketing, Public Relations and Promotions Management      Coursework in Business Administration and Organizational Development     Coursework in Accounting, Financial Management and Event Planning      Coursework in Travel and Tourism        Hotel Management coursework       Coursework in Hotel Operations Management      Principles of Financial Accounting coursework      ​    Four year member of  DECA  Club         Four year Student Council member           Student body government representative            Nursing    College of Southern Nevada   City  ,   State  ,   United States       Pre-Nursing Major: Taking prerequisites    Courses completed:    Math 95,96  English 101,102,223  ALS College Success  Psychology 101  Sociology 101  Communications 101      3.75  GPA  ​​          Skills      Professional and friendly      Careful and active listener    Exceptional
 multi-tasker    Delivers exceptional customer service     Computer knowledge and skills​  Neat, clean and professional appearance  Reliable team worker  Engaging personality  Detail oriented  Personal skills  Conflict 
resolution  Accurate and detailed   Computer knowledge and skills​    ","Job Title: Frontend Developer
Requirements: Strong background in css, html, typescript, vue.
Experience: Minimum 2 years of relevant experience required.
Education: PhD or doctorate preferred.
",,css;html;typescript;vue,0,2,bachelor,phd,0.0,0.0,0.0,34.15,8.54,0,0,Weak,test,kaggle,HR,,,
P000059,R00014,J00188,fullstack,devops,"Summary: Software engineer with 2 years of experience building scalable applications.
Technical Skills: aws, docker, express, git, javascript, mongodb, python, react, sql.
Experience: 2 years of professional experience including design, testing and deployment.
Education: B.Tech in Computer Science.
","Job Title: DevOps Engineer
Requirements: Strong background in azure, gcp, github, linux, python.
Experience: Minimum 5 years of relevant experience required.
Education: Relevant practical experience valued; no strict degree requirement.
",aws;docker;express;git;javascript;mongodb;python;react;sql,azure;gcp;github;linux;python,2,5,bachelor,none,20.0,40.0,100.0,50.11,43.53,0,0,Weak,train,synthetic,,,,
PK001737,K00579,J00104,other,fullstack,"         SR. BUSINESS DEVELOPMENT MANAGER         Professional Summary     Highly organized sales professional with 12 years of inside and outside sales. Exceptional Outside Sales Representative who consistently achieves annual sales quotas and increases the overall customer base in several fields including telecom, advertising, and software solutions. Effectively grows brand awareness through increased market penetration and new market development. Experienced in presenting and selling to senior level(CEO's, CFO's, etc) decision makers in various types of verticals including technology, healthcare, entertainment, logistics, retail chains, hospitality, etc.       Work History      Sr. Business Development Manager     04/2015   to   Current      Company Name   –   City  ,   State      Surpassed annual quota by 125% in 2015.  Scheduled and attended at least 10 appointments per week.  Organized joint sale calls with current customers and outside vendors.  Including the W hotel, Atlanta Hawks, TruGreen, LG, etc.  Vast knowledge and use of Salesfore.com.  Successful at working with senior level decision makers in various verticals including hospitality, technology, logistics, healthcare, contractors, etc.  Maintain strong ties with M2M/IoT Operations, IT, Sales Engineering, Accounting, and Legal teams in support of your customers.  Interact with Finance & Operations to ensure compliance with financial obligations, Accounts Payable, credits.         Entrepreneur     11/2016   to   Current      Company Name   –   City  ,   State      Developed and implemented a comprehensive salesperson training program.  Prospected to obtain new accounts while maintaining relationships with existing accounts.  Directed targeted marketing efforts that introduced new products and promoted product visibility.  Optimized the Ride Ad website and all social media accounts to boost traffic to the sites.         Sr. Business Development Manager     04/2015   to   11/2016      Company Name   –   City  ,   State      Surpassed annual quota by 125% in 2015.  Scheduled and attended at least 10 appointments per week.  Organized joint sale calls with current customers and outside vendors.  Including the W hotel, Atlanta Hawks, TruGreen, LG, etc.  Vast knowledge and use of Salesfore.com.  Successful at working with senior level decision makers in various verticals including hospitality, technology, logistics, healthcare, contractors, etc.  Maintain strong ties with M2M/IoT Operations, IT, Sales Engineering, Accounting, and Legal teams in support of your customers.  Interact with Finance & Operations to ensure compliance with financial obligations, Accounts Payable, credits.         Business Account Executive     12/2013   to   04/2015      Company Name   –   City  ,   State      Exceeded quota on a monthly basis, averaging 140% to plan.  Handled the highest volume account in assigned territory by closing the.  EDUCATION.         Business Account Executive     12/2013   to   04/2015      Company Name   –   City  ,   State      Exceeded quota on a monthly basis, averaging 140% to plan.  Handled the highest volume account in assigned territory by closing the Wellstar Health Group(over 20 locations).  Ongoing generation of new leads through relationship building with 
property managers, building owners, referral partners, social media, cold calling and door to door sales.  Recognized with the ""triple threat award,"" over 100% data, 80% phone sales, and 60% TV sales.  Work with senior level decision makers in various verticals including 
hospitality, logistics, healthcare, retail, contractors, etc.  Manage a territory with a high activity and comprehensive business 
plan.          Senior Account Manager     04/2011   to   01/2014      Company Name   –   City  ,   State      Managed a portfolio of over 300 accounts generating $3 million in sales and revenue.  Led sales calls with team members to establish sales and customer retention goals.  Assisted clients in building networking sites to increasing their overall profitability in their business.  Maintaining excellent knowledge of our products and services(SaaS, websites, etc.) in order to understand customers' needs and provide solutions to those needs.  Work with senior level decision makers in various verticals including hospitality, logistics, healthcare, retail, contractors, etc.  Maintained an average retention rate at over 85%.         Sales Consultant     01/2009   to   03/2011      Company Name   –   City  ,   State      Established more than 30 new accounts, earning a combined profit of over $200k a year.  Recognized as top sales generator, increasing sales level by 45% in 2009 alone.  Received company Employee Performance Award after maintaining record sales achievement of 20% growth five months in a row.  Exceeded targeted sales goals by 175%.         Senior Account Executive     05/2006   to   04/2008      Company Name   –   City  ,   State      Adhered to all federal and state compliance guidelines relative to retail mortgage lending.  Interviewed an average of 40 mortgage loan applicants per month.  Received Employee of the Month Award for a 70% rate of closed loans.  Executed the loan origination process, including ordering credit reports, appraisals and preliminary title reports.  Provided expert financial advice on mortgages governmeand personal loans.  Closed or assisted in closing in nearly $10 million in loans.         Accomplishments      Ranked as a top performer, averaging 140% above sales quota each 
month.  Recipient of the Triple Threat Award at Comcast Business in 2014.  Managed a portfolio of over 300 accounts generating $3 million in sales 
and revenue at Networx Systems.  Handled the highest volume account in assigned territory at Comcast 
Business with selling and managing the Wellstar Health System.  Recipient of Account Manager of the Month Award multiple times at 
Networx Systems.  Earned the Winner's Circle Award in 2015.  Increased sales volume by adding two of the largest accounts(The W 
Hotel, LG) in the Southeast region.        Skills          Customer targeting  Contract negotiations  Prospecting  Internet marketing  Natural leader  Marketing and advertising  Strong work ethic      Talented negotiator  Conflict resolution techniques  Hiring, training and supervision  Operations management  Market research  Employee recruiting            Education      Associate of Arts  :      2002     Enterprise State Junior College    -
                                          Bachelor of Science  :      2006     Troy University    -
                          City  ,
                          State              Highlights    Accounting, Accounts Payable, business development, business
plan, closing, cold
calling, com, credit, CRM, clients, Finance, financial, Legal, logistics, managing, network, networking, profit, relationship building, retail, sales, Selling, Strategic, phone, TV, websites   ","Job Title: Full Stack Developer
Requirements: Strong background in express, javascript, mongodb, python, react.
Experience: Minimum 4 years of relevant experience required.
Education: Bachelor's degree in Computer Science or related field required.
",,express;javascript;mongodb;python;react,12,4,bachelor,bachelor,0.0,100.0,100.0,39.24,44.81,0,0,Weak,train,kaggle,BUSINESS-DEVELOPMENT,,,
P002645,R00661,J00171,frontend,frontend,"Summary: Software engineer with 5 years of experience building scalable applications.
Technical Skills: angular, git, github, html, javascript, react, typescript.
Experience: 5 years of professional experience including design, testing and deployment.
Education: MCA in Computer Applications.
","Job Title: Frontend Developer
Requirements: Strong background in git, github, typescript, vue.
Experience: Minimum 5 years of relevant experience required.
Education: Master's degree in Computer Science or related field required.
",angular;git;github;html;javascript;react;typescript,git;github;typescript;vue,5,5,master,master,75.0,100.0,100.0,84.27,86.07,1,3,Strong,train,synthetic,,,,
PK001795,K00598,J00138,other,devops,"         BUSINESS DEVELOPMENT MANAGER/PROGRAM DIRECTOR           Executive Profile    Marketing   and   sales   executive   who   thrives   in   energetic,   high-pressure,   competitive   environments.   Creative,results-orientated dynamic  professional  with extensive educational  and professional  expertise with  long  trackrecord of success in direct sales and brand management. 
Exceptional  problem   solver, natural   leader   and  skilled  mediator   who   excels   at  bringing  out   the  best   in  allemployees. Disciplined and versatile in resource management while facilitating growth in sales, marketing andbusiness enterprises to support corporate objectives.      Skill Highlights        Top-ranked sales executive leading largeNational account management organizations.Organizational psychology and managementExcellence in strategic business policy.sciences.Direct sales trainer and staff developmentPlanning and control.manager.Public and client relations.Marketing and economic policy.Revenue and market expansion. Resource optimization.Excellent communicator.Compelling leadership skills.Complex project negotiator.International business and marketing.Advanced problem solving abilities .              Professional Experience      Business Development Manager/Program Director    February 2014   to   Current     Company Name   -   City  ,   State      Designed and implemented a strategic marketing initiative for First Interstate Bank entitled, ""Bank of theFuture.""   Market share and revenue grew by over 300% and the program, which included the training ofbank employees in direct sales, was rolled out Nationally.Developed sales training protocols for ADP's new ""P.C.  Payroll"" product line which eventually dominated themarketplace.Recruited, trained and managed an agent sales force for AT&T's GBS Division which grew to in excess of250 million dollars in revenue per year.Built successful telecommunications company that quickly grew to 30-plus employees and 5 million dollarsin annual revenue.  Responsible for all aspects of the organization including direct sales.          Program Director    September 2011   to   January 2015     Company Name   -   City  ,   State            Senior Counselor    November 2008   to   August 2011     Company Name   -   City  ,   State            Substance Abuse Counselor    August 2006   to   November 2008     Company Name   -   City  ,   State            Substance Abuse Counselor    September 1993   to   August 2006     Company Name   -   City  ,   State            President/CEO    January 1990   to   May 1993     Company Name   -   City  ,   State     Chief Executive Officer of medium-size Telecommunications Corporation. Managed the day-to-day tactical and long-term strategic activities within the business.   Capitalized on industry changes to maximize company revenue.   Conducted cost, schedule, contract performance, variance and risk analysis.   Drafted business plans, budgets and quarterly and semi-annual business reviews.   Coached and mentored 38 staff members by offering constructive feedback and taking interest in their long-term career growth.  Conducted all sales training to insure for quality and effectiveness consistent with the mission and objectives of U.S. Telecom.   Established knowledge-sharing processes for 38 associates throughout the organization.   Increased monthly sales by 70% by implementing strategies to develop and expand existing customer base through up-selling and cross-selling   Managed budget forecasting, goal setting and performance reporting for all accounts.   Identified strategic partnerships and gathered market information to gain a competitive advantage.   Optimized current revenue streams by networking for additional business prospects with established clients.   Planned strategic brand-building events to expand the product portfolio.   Contacted new and existing customers to discuss how specific products could meet their needs.   Identified, coordinated and participated in client relationship-building activities and meetings.   Added value to marketing material by introducing creative advertising concepts.   Cultivated relationships with key players in various industries to create ongoing and mutually beneficial referral systems.   Answered customer questions regarding products, prices and availability.   Identified issues with existing marketing material to drive process improvements.   Developed growth plans by identifying key clients, key targets and priority service lines.   Leveraged lead generation tools to increase profitability and product presence in the marketplace.   Generated new sales opportunities through direct and telephone selling and emails.   Collaborated with account executives to penetrate new accounts, identify potential customers and coordinate product demonstrations.   Maintained up-to-date knowledge of industry, target accounts and competitive landscape.   Developed innovative business plans and sales strategies for vertical markets.   Coordinated and managed major proposal processes from initiation to implementation.   Generated business development awareness by implementing in-depth sales and marketing training programs.            Senior Territorial Manager    April 1988   to   January 1990     Company Name   -   City  ,   State     Spearheaded Agent Program, resulting in a 300% increase in revenue.   Spearheaded cross-functional initiative to achieve cross-selling and up-selling to new and existing customer base   Trained all sales agents to up-sell add-on services to existing customers, generating incremental revenue and creating relationship-selling.   Collaborated with other account managers to prepare and deliver performance updates and quarterly business reviews.   Monitored market conditions, product innovations and competitor activity, and adjusted account sales approach to address latest market developments.   Consistently secured new accounts, resulting in a 300% increase in year over year revenue.   Trained sales teams on educational products at seminars and special events.   Delivered exceptional account service to strengthen customer loyalty.   Negotiated details of contracts and payments and prepared sales contracts and order forms.   Led sales calls with team members to establish sales and customer retention goals.   Monitored customer preferences to determine focus of sales efforts.   Generated monthly and annual sales reports.   Created and directed sales team training and development programs.   Shared product knowledge with customers while making personal recommendations.   Trained in negotiations and time management.   Recommended and helped customers select merchandise based on their needs.   Extended customer subscriptions, offering discounts and promotions to ensure high customer retention rates.   Informed customers about sales and promotions in a friendly and engaging manner.   Trained new employees on company customer service policies and service level standards.           District Manager    May 1986   to   March 1988     Company Name   -   City  ,   State            Credit/Marketing Manager V.P    March 1984   to   April 1986     Company Name   -   City  ,   State            Education      Ph.D   :   Business Administration  ,   2003    California Coast University   -   City  ,   State      GPA:   GPA: 9 Summa Cum Laude    Business Administration GPA: 9 Strategic Business Policy, Marketing and Economic Policy, Organizational Psychology,
Cultural Dimensions of Management, Corporate Finance, Planning and Control, Management of Business and PublicOrganizations, Human Resource Management, Human Behavior in Organizations, Management Theory and PracticeCritical Thinking/Problem Solving and International Marketing. Summa Cum Laude        MBA   :   Business Administration  ,   2002    California Coast University   -   City  ,   State      GPA:   GPA: 0 Summa Cum Laude    Business Administration GPA: 0 Emphasis on Organizational Behavior, Managerial Decision Making, E-Business, Management Science,
Quantitative Methods, Human Relations, Financial and Marketing Management, Business Law, ComputerTechnology for Managers, The Research Process. Summa Cum Laude        Bachelor of Science   :   Business Administration Psychology, Sociology, Business Management, Organizational Theory and Behavior, Marketing,Economics and Communications  ,   2000    California Coast University   -   City  ,   State      GPA:   GPA: 0 Graduated Summa Cum Laude    Business Administration GPA: 0 Psychology, Sociology, Business Management, Organizational Theory and Behavior, Marketing,Economics and Communications Graduated Summa Cum Laude        Prerequisites for State Certification: Addictions Studies   :     2006            Case Management and Documentation, Addictions Studies
Hospital Corpsman/Psychiatric Technician   :     1980    Palo Verde Junior College   -   City  ,   State              Hospital Corpsman School, EMT-II, Psych Technician, Crisis Intervention
Certified Substance Abuse Counselor. All College Transcripts are available upon request.        United States Navy                  Interests    Volunteer at Pegasis Riding Academy for handicapped children and adults.Work with at-risk teens on substance abuse and gangs (CGA)      Additional Information      COMMUNITY SERVICE
Volunteer at Pegasis Riding Academy for handicapped children and adults.Work with at-risk teens on substance abuse and gangs (CGA)        Skills    account management, ADP, Business Law, Case Management, Corporate Finance, Counselor, Crisis Intervention, client relations, Decision Making, Dimensions, Direct sales, Documentation, E-Business, Financial, Human Resource Management, Human Relations, International business, International Marketing, leadership skills, Managerial, marketing, Market, Marketing Management, negotiator, communicator, optimization, Organizational, Payroll, P.C., problem solving, protocols, Psychology, Research, sales, sales training, Strategic, strategic marketing, Technician, telecommunications, trainer   ","Job Title: DevOps Engineer
Requirements: Strong background in azure, docker, git, python, sql.
Experience: Minimum 4 years of relevant experience required.
Education: Bachelor's degree in Computer Science or related field required.
",,azure;docker;git;python;sql,0,4,master,bachelor,0.0,0.0,100.0,38.7,24.67,0,0,Weak,test,kaggle,BUSINESS-DEVELOPMENT,,,
PK002877,K00959,J00055,other,backend,"         GIS COORDINATOR         Summary     Diligent hands-on leader, excellent at working with tight deadlines in pressurized work environments. Broad experience in government agencies domestically and abroad while drawing on concurring academia and research roles.       Accomplishments     Project Cooperation   Worked directly with USAid, and two universities to fulfill individual Master's degree requirements as well as much larger scope project objectives.    Communication   Modified technical agricultural data from field, to the the scientific community in the form of published papers, illustrated for seminars given to the public, before lastly translated into Swahili for local farmers.         Experience      Company Name    City  ,   State    GIS Coordinator   07/2015   to   Current       Used company public utility status to install small cell antennas for telecommunication carriers into the public right-of-way as new poles or attachments to existing light poles.   Tested spatial data for quality and created reports on those audits after Importing, integrating, updating and validating data from multiple sources.  Developed system documentation and user manuals on GIS best practices and functionality for a new employee onboarding packages.   Independently completed ad hoc requests including map generation, spatial analysis, and web publishing of map applications.          Company Name    City  ,   State    Research Associate   06/2012   to   08/2013       Coordinated with professors and staff at Sokoine University of Agriculture in Morogoro, Tanzania during summer session.  Conducted soil science laboratory analysis of soil alongside Tanzanian technicians and students for the growing seasons..          Company Name    City  ,   State    Graduate Teaching Assistant   08/2012   to   05/2013       Taught lectures and weekly laboratory exercises to seventy-five undergraduate students.  Assisted generation of lecture notes and laboratory tutorial materials using ArcGIS and QGIS.  Coordinated and supervised three graduate teaching assistants.          Company Name    City  ,   State    Biology Intern   03/2013   to   05/2013       Cleared ten acres of invasive plant species using manual removal with herbicide.  Maintained trails at four locations in southern Ohio and monitored water quality in streams, vernal pools, and river systems.  Completed frog and bird surveys to monitor wildlife populations.  Injected ash trees located within the park, tagged and recorded all injected trees using ArcGIS.          Company Name    City  ,   State    Seasonal Forestry Worker   04/2012   to   08/2012       Reduced threat or damage from Emerald Ash Borer through preventative injections using Arborjet treatments and applied growth inhibitor to trees under utility lines.  Planted 380 container trees and monitored growth and health.  Pruned 4,000 large trees using pole saws, power pole saws, shears and hand saws.  Removed 400 trees and ground 800 stumps using heavy machinery.          Company Name    City  ,   State    Research Assistant   01/2011   to   12/2012       Collected soil samples in no-till, conservation till, and conventional till plots.  Evaluated carbon and nitrogen levels in diluted runoff samples.  Determined soil quality, plant available water, and bulk density of cores.          Company Name    City  ,   State    Trail Logistics Intern   06/2011   to   08/2011       Reported backcountry trail hours worked and miles accomplished.  Collaborated with California Conservation Corps participants and management to achieve mission objectives including: trail clearing, safety demonstrations, social skills training, public affairs, and logistical support.  Aided the backcountry packer with long-distance supply organization travelling over 400 miles on horseback and a string of four mules.  Checked fire and camping permits of hikers met on trail.          Company Name    City  ,   State    Secretary   06/2010   to   09/2010       Coordinated and communicated with Sandusky County court system and judges to schedule all court dates and client meetings.  Answered incoming calls, responded to emails, created client MS Excel spreadsheets.  Kept records of court decisions and payments dating back 5 years.  Drafted legal documents and organized client interviews.          Education      Masters of Science  :  Environmental Science   2015     The Ohio State University  ,   City  ,   State        Impact of Management on Soil Fertility and Rice Yields in Smallholder Farms in Tanzania           Bachelor of Science  :  Environmental Policy and Management   2012     The Ohio State University  ,   City  ,   State              Languages      Semi-fluent Spanish  Conversational Swahili        Additional Information     Honors and Awards: National Championship Titles Equestrian Team, 2011, 2012, Dean's list, AmeriCorps Scholar 4-H Spirit of Leadership, 2009 4-H Ten Year Member Award, 2013 recipient of $11,000 Coca-Cola Sustainability Grant        Skills     analytical skills, quality control, research, safety, statistics, surveys, teaching, water quality, soil fertility    ","Job Title: Backend Developer
Requirements: Strong background in aws, flask, java, linux, python, spring boot.
Experience: Minimum 4 years of relevant experience required.
Education: Master's degree in Computer Science or related field required.
",,aws;flask;java;linux;python;spring boot,5,4,master,master,0.0,100.0,100.0,37.85,44.46,0,0,Weak,train,kaggle,AGRICULTURE,,,
P002500,R00625,J00000,backend,backend,"Summary: Results-driven developer with 6 years of hands-on industry experience.
Technical Skills: django, fastapi, git, java, linux, mongodb, mysql, python, spring boot, sql.
Experience: Total of 6 years experience in software development and team collaboration.
Education: B.Tech in Computer Science.
","Job Title: Backend Developer
Requirements: Strong background in aws, fastapi, flask, git, linux, spring, sql.
Experience: Minimum 3 years of relevant experience required.
Education: Bachelor's degree in Computer Science or related field required.
",django;fastapi;git;java;linux;mongodb;mysql;python;spring boot;sql,aws;fastapi;flask;git;linux;spring;sql,6,3,bachelor,bachelor,57.14,100.0,100.0,71.71,75.79,1,2,Good,train,synthetic,,,,
P001772,R00443,J00138,devops,devops,"Summary: Motivated engineer with 4 years of experience across full project lifecycles.
Technical Skills: gcp, git, kubernetes, linux, sql.
Experience: 4 years of professional experience including design, testing and deployment.
Education: BCA in Computer Applications.
","Job Title: DevOps Engineer
Requirements: Strong background in azure, docker, git, python, sql.
Experience: Minimum 4 years of relevant experience required.
Education: Bachelor's degree in Computer Science or related field required.
",gcp;git;kubernetes;linux;sql,azure;docker;git;python;sql,4,4,bachelor,bachelor,40.0,100.0,100.0,68.21,68.05,1,1,Average,train,synthetic,,,,
PK004141,K01380,J00085,other,backend,"         EXECUTIVE CHEF       Executive Profile    Award winning executive chef with comprehensive experience in kitchen, banquets, and a-la-carte operations, for hotels, resorts and restaurants. Culinary innovator known for producing top quality, creative products contributing to revenue growth. Proven ability to lead successful multi-outlets, fine dining and high volume operations. Expertise Multi-Outlet/High Volume Operations		* Budgeting/P&L Management Staff Training/Leadership/Supervision		* Sanitation and Quality Control Creative Menu Development & Research	* Service & Marketing Experience Price Structuring and Cost Containment		* Inventory/Purchasing Team Building					* Guest Relations       Skill Highlights          Leadership/communication skills  Product development  Menu Development  New product delivery  Budgeting expertise  Employee relations  Self-motivated  Customer-oriented      Staff Training  Staff Retention  Team Building  Staff Motivation  Cost Controlling             Core Accomplishments      Project Management:     Initiated Inventory control system, FoodTrac which resulted in cost savings     Human Resources:     Spearheaded new CIA Culinary Training program which increased retention.     Operations Management:     Managed Food Safety Program.   Handled all functions related to Food and Beverage.            Professional Experience      Executive Chef   06/2003   to   01/2015     Company Name   City  ,   State       559.935.0717 Flagship Restaurant to promote Harris Ranch Agricultural products; Food and Beverage Revenue 13 million, 500,000 plus guest per year.  Concept: ""Gate to Plate and Farm to Table"" Seasonal Menu Changes based off local farm product and new beef items.  Three Restaurants, Banquet Facility, and Off Site Cater-Out.  Created new revenue streams through Culinary Classes for the public.  Accountable for culinary department including overall customer satisfaction.  Supervised 90 culinary individuals included 5 sous chefs, 8 supervisors, purchasing department and line staff.  7th busiest independently owned restaurant in California and the 67th busiest independently owned restaurant in United States.  Promoted Harris Ranch by means of television appearances, supermarkets, Sunset magazine, food shows, cooking classes and culinary schools.  Played a key role in entertaining current and future clients from HRBC, ""Choose Your Own Steak"" and tour of the restaurant.  Introduced and implemented Food Trac, inventory control system.  Produce annual budget and supplied detailed information for Cap X along with ROI justifications.  Hotel Complex consisted of: Gas Station, Subway Franchise, Air Strip, RV Park and Hotel.  Harris Ranch Entities: Harris Ranch Beef Company, Harris Ranch Feed Lot, Harris Ranch Farm (Fruits, nuts and vegetables), Wine Vineyards, and Horse Division.           Kitchen Manager   01/2001   to   01/2003     Company Name   City  ,   State       High-end retirement community, up to 300 guest, and was the model for future properties.  Developed new seasonal menus based off local farm product for healthy alternatives.  Two Restaurants, Banquet Facility, and Off Site Cater-Out.  Promoted Love Management Communities by means of television appearances, newspaper, resort magazine, food shows, cooking classes and Chamber of Commerce.  Played a key role in entertaining current and future clients Produce annual budget and supplied detailed information for Cap X along with ROI justifications.          Executive Chef   06/1997   to   07/2001     Company Name   City  ,   State       Flagship to promote Harris Ranch Agricultural products; Food and Beverage Revenue 13 million, 500,000 plus guest per year.  Concept: ""Gate to Plate and Farm to Table"" Seasonal Menu Changes based off local farm product and new beef items.  Three Restaurants, Banquet Facility, and Off Site Cater-Out.  Supervised 90 culinary individuals included 6 sous chefs, 8 supervisors, purchasing department and line staff.  Promoted Harris Ranch Beef by means of television appearances, supermarkets, Sunset magazine, food shows, cooking classes and culinary schools.  Played a key role in entertaining current and future clients from HRBC, ""Choose Your Own Steak"" and tour of the restaurant.  Worked closely with Harris Ranch Beef Company on cuttings, beef specs, new product lines, aging of primal cuts, developing and test new pre-cooked items.  Introduced and implemented Food Trac, inventory control system.  Produce annual budget and supplied detailed information for Cap X along with ROI justifications.  Hotel Complex consisted of: Gas Station, Subway Franchise, Air Strip, RV Park and Hotel.  Harris Ranch Entities: Harris Ranch Beef Company, Harris Ranch Feed Lot, Harris Ranch Farm (Fruits, nuts and vegetables), Wine Vineyards, and Horse Division.          Executive Chef   01/1995   to   01/1997     Company Name   City  ,   State       Was hired on to promote their 100 Year Anniversary.  One of the first resort hotels on the west coast of Florida.  Four Restaurants, Banquet Facilities, Golf Course and a Yacht.  Researched and promoted 100 year anniversary, ice cream social, Hormel, Coleman Mustard, Quaker Oats, menus from years ago, and old newspaper articles.  Supervised 60 culinary individuals included 3 sous chefs, 2 supervisors, purchasing department and line staff.  Food and Beverage Revenue 7.5 million Red Lion Inn and Hotels: Fess Parker Resort, Santa Barbara California, Red Lion Inn at Quay Vancouver Washington, Red Lion Janzen Beach, Portland Oregon Worked closely with the corporate office, high volume in banquets and restaurant revenues.          Executive Chef   01/1985   to   01/1994     Company Name   City  ,   State       very high-end destination, and was first class.  Introduced and implemented 6 new conceptual concepts in Hotels and Restaurants Company wide.  Would evaluate Red Lion properties for to ensure all guidelines were being followed.  Red Lion Janzen Beach, largest banquet facility south of Seattle and north of San Francisco.  Notable: Nike's International Sales meeting and National Women in Action Conference Was awarded the POP and PIP programs 6 years in a row.  Red Lion Inn at the Quay Main Concept: Seafood Restaurant, Pacific Sea Foods number 1 customer in the Pacific Northwest.  Casa Marina, Key West Florida.          Executive Sous Chef   01/1983   to   01/1985     Company Name   City  ,   State             Executive Banquet Chef   01/1981   to   01/1983     Company Name   City  ,   State             Education      Associate of Arts  :   Culinary Arts   1982       Saint Augustine Culinary School   City  ,   State                  City                 Skills     budget, Concept, cooking, clients, International Sales, inventory control, office, newspaper, purchasing, San, television, articles    ","Job Title: Backend Developer
Requirements: Strong background in fastapi, flask, linux, postgresql, spring.
Experience: Minimum 5 years of relevant experience required.
Education: Relevant practical experience valued; no strict degree requirement.
",,fastapi;flask;linux;postgresql;spring,100,5,bachelor,none,0.0,100.0,100.0,53.82,48.45,0,0,Weak,train,kaggle,CHEF,,,
PK004209,K01403,J00186,other,frontend,"         SUSHI CHEF           Experience      Sushi Chef  ,     05/2018   to   04/2019     Company Name   –   City  ,   State      Working for SnowFox sushi inside a King Soopers.  Chef responsibilities include making rolls in the
morning for the rest of the day, prepping all the roll ingredients in the afternoon for the next days
morning shift, and putting away the order when it arrives.         Evening Cook/Breakfast Cook  ,     04/2016   to   01/2017     Company Name   –   City  ,   State      Worked at The Winslow as an evening cook three nights a week and two mornings a week working
as the morning cook.  Cooper R.  Snook is the head supervisor of the kitchen who I thoroughly enjoy
working with and who taught me a lot of what I know now.         Cook  ,     07/2014   to   12/2015     Company Name   –   City  ,   State      This was the job that I thoroughly enjoyed and learned a lot about myself as an individual and I
captured my work ethic.  My beginning duties included but were not limited to delivery orders.  I
excelled with this venture and by my end date I held the title of Assistant Manager.         Cook  ,     05/2014   to   07/2014     Company Name   –   City  ,   State      A beginner job out of high school that I enjoyed and am glad I had the opportunity to work here.  It was
a face paced job that challenged me in many aspects of the food industry.  Health and safety with food
were very important factors for the tasks at hand.  Learning and applying health department codes
were a challenge, but I feel I gained knowledge about different avenues of this business.         Receptionist  ,     08/2012   to   05/2014     Company Name   –   City  ,   State      I was awarded the opportunity to be employed at Poudre High School for my first job.  I was an
assistant receptionist to the front office.  I benefited from this position in many ways.  I was learned how
to interact with very diverse group of individuals.  My duties included assisting parents, students, staff
and outside visitors with any information or direction that was needed.  I benefited from the position in
many ways, however the most important was learning to be a professional under pressure.         Work History      Sushi Chef  ,   05/2018   to   04/2019     Company Name   –   City  ,   State      Working for SnowFox sushi inside a King Soopers.  Chef responsibilities include making rolls in the
morning for the rest of the day, prepping all the roll ingredients in the afternoon for the next days
morning shift, and putting away the order when it arrives.         Evening Cook/Breakfast Cook  ,   04/2016   to   01/2017     Company Name   –   City  ,   State      Worked at The Winslow as an evening cook three nights a week and two mornings a week working
as the morning cook.  Cooper R.  Snook is the head supervisor of the kitchen who I thoroughly enjoy
working with and who taught me a lot of what I know now.         Cook  ,   07/2014   to   12/2015     Company Name   –   City  ,   State      This was the job that I thoroughly enjoyed and learned a lot about myself as an individual and I
captured my work ethic.  My beginning duties included but were not limited to delivery orders.  I
excelled with this venture and by my end date I held the title of Assistant Manager.         Cook  ,   05/2014   to   07/2014     Company Name   –   City  ,   State      A beginner job out of high school that I enjoyed and am glad I had the opportunity to work here.  It was
a face paced job that challenged me in many aspects of the food industry.  Health and safety with food
were very important factors for the tasks at hand.  Learning and applying health department codes
were a challenge, but I feel I gained knowledge about different avenues of this business.         Receptionist  ,   08/2012   to   05/2014     Company Name   –   City  ,   State      I was awarded the opportunity to be employed at Poudre High School for my first job.  I was an
assistant receptionist to the front office.  I benefited from this position in many ways.  I was learned how
to interact with very diverse group of individuals.  My duties included assisting parents, students, staff
and outside visitors with any information or direction that was needed.  I benefited from the position in
many ways, however the most important was learning to be a professional under pressure.         Education      High school diploma        Poudre High School               CIS  :   Computer Information Systems      Front Range Community College   -   City  ,   State           Summary    My name is Evan Elias, I have recently made the important decision about my career. Computers are
going fast and the world of computers is expanding to all the corners of the earth. I want to be part of
this ever-evolving staple of humanity. I also want to be able to cook and provide for people who cannot
do it themselves and be a contributor to technology in my course of life. I have taken many classes on
programming and taught myself about the IT aspect of computers. I am very strong in math and I like
to solve problems. I have taken many cooking classes and have worked in every position in a kitchen.      Highlights          I am very good under pressure from the experiences in the restaurant industry. I am very good with  Technology whether it be solving a simple internet bug or it being a big list of coding.      Assistant Manager  Delivery  Direction  Front office  Next  CODING  Receptionist  Safety  Supervisor            Skills     Assistant Manager, delivery, direction, front office, next, CODING, receptionist, safety, supervisor    ","Job Title: Frontend Developer
Requirements: Strong background in angular, github, javascript, typescript.
Experience: Minimum 3 years of relevant experience required.
Education: Master's degree in Computer Science or related field required.
",,angular;github;javascript;typescript,0,3,bachelor,master,0.0,0.0,0.0,38.63,9.66,0,0,Weak,train,kaggle,CHEF,,,
P001977,R00494,J00129,fullstack,fullstack,"Summary: Recent graduate seeking entry-level opportunity with strong project work.
Technical Skills: aws, express, javascript, linux, mongodb, sql.
Experience: Academic projects and internships covering design and implementation.
Education: BCA in Computer Applications.
","Job Title: Full Stack Developer
Requirements: Strong background in docker, javascript, python, react, sql, typescript.
Experience: Minimum 1 years of relevant experience required.
Education: PhD or doctorate preferred.
",aws;express;javascript;linux;mongodb;sql,docker;javascript;python;react;sql;typescript,0,1,bachelor,phd,33.33,0.0,0.0,66.62,29.99,0,0,Weak,train,synthetic,,,,
P001026,R00256,J00034,frontend,fullstack,"Summary: Results-driven developer with 2 years of hands-on industry experience.
Technical Skills: angular, express, linux, node, react, typescript, vue.
Experience: Total of 2 years experience in software development and team collaboration.
Education: Master of Science in Data Science.
","Job Title: Full Stack Developer
Requirements: Strong background in docker, express, git, node, sql.
Experience: Minimum 2 years of relevant experience required.
Education: Master's degree in Computer Science or related field required.
",angular;express;linux;node;react;typescript;vue,docker;express;git;node;sql,2,2,master,master,40.0,100.0,100.0,53.56,64.39,1,1,Average,train,synthetic,,,,
PK001487,K00495,J00123,other,devops,"         PATIENT HEALTH ADVOCATE       Summary    As a Patient Health Advocate, I am highly motivated and qualified in customer service.  By establishing a quick rapport and utilizing both a calming and inquisitive style, I am confident that my many years of experience will prove to be an asset.  I am seeking a position that will provide a variety of new skills and experience.      Skills          Client relations specialist  Conflict resolution techniques  Focused on customer satisfaction  Skilled multi-tasker         High customer service standards  Call center management experience  Telecommunications knowledge  Proficient with Microsoft Office Suite            Skills     Careful and active listener  Professional and friendly,  Multi-tasking,  Computer Proficiency, Customer Needs Assessment, Customer Service, Data Collection, Data Entry, Documentation, Email, Typing, Microsoft Excel, Microsoft Office Suite, Microsoft Outlook         Experience     November 2016   to   Current     Company Name    City  ,   State    Patient Health Advocate        Ability to motivate patients to utilize therapy equipment in accordance with their physician's direction.  Combined skills encouraging complying with equipment utilization while facilitating an effective and efficient resolution that the patient accepts and can adhere to.  Manage all aspects of patient compliance monitoring for a specified regional and/or state demographic using patient monitoring applications and resources.  Use application to manage administration features, patient administration/data (loading and correcting usage data, creating or editing patient accounts) prioritizing work assignments.  Conduct field office intervention calls to assist staff with specific patient support to overcome barriers and improve their  therapy usage.  Create work orders and schedule patients for field office visits with appropriately trained staff.  Promptly and professionally respond to incoming telephone calls and emails from patients, employees and referral sources.  Monitor patient concerns, patient satisfaction and grievance issues for investigation and resolution.  Assist management in developing solutions to better enhance work flows and process efficiency.         September 2010   to   November 2016     Company Name    City  ,   State    Senior Customer Qualification specialist        Respond to telephone, fax and EDI inquiries and orders from referral sources and homecare patients.  Document referral request for coordination of care.  Provide information on equipment supplies and services.  Assist walk-in patients with the selection of equipment, supplies and services.  Demonstrate professional etiquette and courtesy when interfacing with customers.  Resolve patient/customer complaints by identifying problems and coordinating appropriate corrective action.  Assesses patient needs and promotes company products and services.  Complies with and adheres to all regulatory compliance areas, policies and procedures and ""best practices"".         June 2010   to   September 2010     Company Name    City  ,   State    Customer Service Associate/Cashier        Receives payment from customers for the purchase of merchandise.  Operates a cash register and manages cash to no variances.  Provides service to customers.  Processes customer sales to include accepting payment, packs merchandise and issues receipts and change.  Maintains the appearance of store which may include, stocking and performing general housekeeping duties.         November 2008   to   May 2010     Company Name    City  ,   State    Customer Service Supervisor        Supervise a Child Support customer service call center.  Duties included maintaining daily statistics of the unit and monitoring daily performance of service representatives and providing constructive criticism to help them improve their skills.  Serve as a resource to others in the resolution of complex problems and issues using ACSES software.  Bi-weekly submission of payroll.  Hire new employees and administer disciplinary action up to and including termination.  Supervise the daily activity of the call center policy and procedures.         April 2006   to   November 2008     Company Name    City  ,   State    Case Manager        Responsibilities included working with families low-income families to obtain child care assistance.  Semi-annual reviews of cases to determine eligibility for assistance.  Managing new client orientations and communicating daily with clients about the status of their case.          Education and Training     1985     Alameda High School   City  ,   State  ,   United States    General   High School Diploma         ","Job Title: DevOps Engineer
Requirements: Strong background in aws, docker, gcp, git, kubernetes, linux, python.
Experience: Minimum 4 years of relevant experience required.
Education: Master's degree in Computer Science or related field required.
",,aws;docker;gcp;git;kubernetes;linux;python,0,4,bachelor,master,0.0,0.0,0.0,34.51,8.63,0,0,Weak,val,kaggle,ADVOCATE,,,
PK000101,K00033,J00163,other,devops,"         HR CONSULTANT       Summary     Detail-oriented 25 years human resources professional who excels under tight deadlines, while anticipating and averting potential problems by proactively streamlining processes to find the perfect applicant.       Highlights          PHR Certified Professionals in Human Resources Association  Excellent interpersonal and coaching skills  Recruiting and selection techniques  National Human Resources Association  Talent assessments  Hiring recommendations  Background checks  Training and development      Hiring and retention  Compensation/payroll  Employee relations  Regulatory compliance  Affirmative Action compliance  New hire orientation  Mediation expertise  Exceptional interpersonal skills  PeopleFluent/Taleo expert            Accomplishments     Human Resources   Reduced employee turnover by 18%.  Led the Staffing Planning Committee for years.  Created a rewards and incentive program that was cited as the driving force behind branch employee retention rate.  Implemented a new hire  training program for Branch operations specialists.  Supervised HR interns and provided assistance in resume building, training and career path development.  Designed a standard exit process and interview survey that was implemented permanently.Revamped the orientation process for all new hires, which was implemented company-wide.        Experience     07/2015   to   Current     HR Consultant    Company Name   －   City  ,   State     HR and Career Consultant  Consult fortune 500 companies in HR  Career consultant for potential applicants  Executive Recruiting for Banking Professionals        10/2014   to   05/2015     Director of Customer Strategies-Heart Walks    Company Name   －   City  ,   State      Recruited and interviewed applicants for Customer Strategies Team.  Directed  and managed to maximize positive customer experience for all Heart Walks.  Identified staff vacancies and recruited, interviewed and selected applicants.  Answered employee questions regarding Heart Walks and resolved any issues.  Served as a link between management and employees by handling questions, interpreting and administering contracts and helping resolve work-related problems.  Defined strategy and business plan for Heart Walks for the Southwest Affiliate including 6 states.   Executed integrated advertising campaign across multiple media channels.  Implemented and evolved high-impact strategies to target new business opportunities and new markets.  Created the look and feel of the organization's online presence in social media forums.         06/2014   to   05/2015     Human Resources-Recruiter    Company Name   －   City  ,   State      Recruited and interviewed 100-200  applicants per month.  Advised managers on organizational policy matters and recommend needed changes.  Directed personnel, training and labor relations activities.  Identified staff vacancies and recruited, interviewed and selected applicants.  Reviewed federal and state laws to confirm and enforce company compliance.  Addressed inquires from employees and management regarding new-hire activity and ongoing employee relation issues.  Created and modified job descriptions within all departments.  Worked with senior-level management to create fair and consistent HR policies and procedures.  Worked with HR advisors and HR representatives on establishing consistent hiring practices.  Facilitated monthly meetings to develop strategies that would positively influence workplace relationships.  Processed all salary changes stemming from merit increases, promotions, bonuses and pay adjustments.  Conducted telephone and onsite exit interviews for all employees.  Answered employee questions during the entrance and exit interview processes.  Worked closely with HR business partners to facilitate year-end talent reviews and articulate team strengths.  Selected and interviewed candidates for all available positions.Created job descriptions to attract a targeted talent pool within the market wage range.  All social media and military recruitment.          09/2012   to   05/2014     Talent Attraction    Company Name   －   City  ,   State       Conduct reference or background checks on job applicants.  Conduct exit interviews and ensure that necessary employment termination paperwork is completed.  Confer with management to develop or implement personnel policies or procedures.  Contact job applicants to inform them of the status of their applications.  Develop or implement recruiting strategies to meet current or anticipated staffing needs.  Hire employees and process hiring-related paperwork.  Inform job applicants of details such as duties and responsibilities, compensation, benefits, schedules, working conditions, or promotion opportunities.  Interpret and explain human resources policies, procedures, laws, standards, or regulations.  Interview job applicants to obtain information on work history, training, education, orjob skills.  Maintain and update human resources documents, such as organizational charts, employee handbooks or directories, or performance evaluation forms.  Maintain current knowledge of Equal Employment Opportunity (EEO) and affirmative action guidelines and laws, such as the Americans with Disabilities Act (ADA).  Perform searches for qualified job candidates, using sources such as computer databases, networking, Internet recruiting resources, media advertisements, job fairs, recruiting firms, or employee referrals.  Prepare or maintain employment records related to events such as hiring, termination, leaves, transfers, or promotions, using human resources management system software.  Provide management with information or training related to interviewing, performance appraisals, counseling techniques, or documentation of performance issues.  Review employment applications and job orders to match applicants with job requirements.  Schedule or administer skill, intelligence, psychological, or drug tests for current or prospective employees.  Schedule or conduct new employee orientations.  Select qualified job applicants or refer them to managers, making hiring recommendations when appropriate.  Advise management on organizing, preparing, or implementing recruiting or retention programs.  Coordinate with outside staffing agencies to secure temporary employees, based on departmental needs.  Evaluate recruitment or selection criteria to ensure conformance to professional, statistical, or testing standards, recommending revisions, as needed.  Evaluate selection or testing techniques by conducting research or follow-up activities and conferring with management or supervisory personnel.  Review and evaluate applicant qualifications or eligibility for specified licensing, according to established guidelines and designated licensing codes.  Perform difficult staffing duties, including dealing with understaffed, refereeing disputes, firing employees, and administering disciplinary procedures.  Plan and conduct new employee orientation to foster positive attitude toward organizational objectives.    Advise managers on organizational policy matters such as equal employment opportunity and sexual harassment, and recommend needed changes.  Analyze and modify compensation and benefits policies to establish competitive programs and ensure compliance with legal requirements.  Plan and conduct new employee orientation to foster positive attitude toward organizational objectives.  Identify staff vacancies and recruit, interview and select applicants.  Plan, direct, supervise, and coordinate work activities of subordinates and staff relating to employment, compensation, labor relations, and employee relations.  Plan, organize, direct, control or coordinate the personnel, training, or labor relations activities of an organization.  Represent organization at personnel-related hearings and investigations.  Administer compensation, benefits and performance management systems, and safety and recreation programs.  Provide current and prospective employees with information about policies, job duties, working conditions, wages, opportunities for promotion and employee benefits.  Analyze statistical data and reports to identify and determine causes of personnel problems and develop recommendations for improvement of organization's personnel policies and practices.  Prepare and follow budgets for personnel operations.  Maintain records and compile statistical reports concerning personnel-related data such as hires, transfers, performance appraisals, and absenteeism rates.  Analyze training needs to design employee development, language training and health and safety programs.  Conduct exit interviews to identify reasons for employee termination.  Oversee the evaluation, classification and rating of occupations and job positions.  Prepare personnel forecast to project employment needs.  Allocate human resources, ensuring appropriate matches between personnel.  Develop, administer and evaluate applicant tests.  Provide terminated employees with outplacement or relocation assistance.         02/1999   to   05/2012     Assistant Vice-President-Human Resources    Company Name   －   City  ,   State       Develop or implement recruiting strategies to meet current or anticipated staffing needs.  Hire employees and process hiring-related paperwork.  Contact job applicants to inform them of the status of their applications.  Confer with management to develop or implement personnel policies or procedures.  Conduct reference or background checks on job applicants.  Analyze employment-related data and prepare required reports.  Conduct exit interviews and ensure that necessary employment termination paperwork is completed.  Inform job applicants of details such as duties and responsibilities, compensation, benefits, schedules, working conditions, or promotion opportunities.  Interpret and explain human resources policies, procedures, laws, standards, or regulations.  Interview job applicants to obtain information on work history, training, education, or job skills.  Maintain and update human resources documents, such as organizational charts, employee handbooks or directories, or performance evaluation forms.  Maintain current knowledge of Equal Employment Opportunity (EEO) and affirmative action guidelines and laws, such as the Americans with Disabilities Act ADA).  Perform searches for qualified job candidates, using sources such as computer databases, networking, Internet recruiting resources, media advertisements, job fairs, recruiting firms, or employee referrals.  Prepare or maintain employment records related to events such as hiring, termination, leaves, transfers, or promotions, using human resources management system software.   Provide management with information or training related to interviewing, performance appraisals, counseling techniques, or documentation of performance issues.  Review employment applications and job orders to match applicants with job requirements.  Schedule or administer skill, intelligence, psychological, or drug tests for current or prospective employees.  Schedule or conduct new employee orientations.  Select qualified job applicants or refer them to managers, making hiring recommendations when appropriate.  Advise management on organizing, preparing, or implementing recruiting or retention programs.  Coordinate with outside staffing agencies to secure temporary employees, based on departmental needs.  Evaluate recruitment or selection criteria to ensure conformance to professional, statistical, or testing standards, recommending revisions, as needed.  Review and evaluate applicant qualifications or eligibility for specified licensing, according to established guidelines and designated licensing codes.          Interests     Volunteer of the Year award, Austin, TX 2012          Education          Bachelors  :   BAAS    Dallas Baptist University   －   City  ,   State  ,   United States     PHR State Certified  Professional of Human Resources             High School Diploma      Leland High School   －   City  ,   State              Skills     ADA, advertisements, benefits, budgets, charts, competitive, counseling, databases, documentation, employee relations, firing, forms, hiring, human resources management, human resources, labor relations, legal, networking, organizing, organizational, performance appraisals, performance appraisals, recruiting, recruitment, research, safety, staffing, supervisory, employee development, employee handbooks.          Additional Information      ADDITIONAL SKILLS      *   Volunteer of the Year award, Austin, TX 2012      *   PHR State Certified ,United States     ","Job Title: DevOps Engineer
Requirements: Strong background in aws, azure, github, kubernetes, linux, python, sql.
Experience: Minimum 1 years of relevant experience required.
Education: Bachelor's degree in Computer Science or related field required.
",,aws;azure;github;kubernetes;linux;python;sql,25,1,bachelor,bachelor,0.0,100.0,100.0,45.2,46.3,0,0,Weak,test,kaggle,HR,,,
P002413,R00603,J00088,devops,devops,"Summary: Results-driven developer with 4 years of hands-on industry experience.
Technical Skills: aws, docker, gcp, python, sql.
Experience: Total of 4 years experience in software development and team collaboration.
Education: PhD in Machine Learning.
","Job Title: DevOps Engineer
Requirements: Strong background in azure, git, github, linux, python, sql.
Experience: Minimum 2 years of relevant experience required.
Education: Bachelor's degree in Computer Science or related field required.
",aws;docker;gcp;python;sql,azure;git;github;linux;python;sql,4,2,phd,bachelor,33.33,100.0,100.0,66.85,65.05,1,1,Average,train,synthetic,,,,
PK001038,K00346,J00048,other,devops,"         TEACHER         Summary    My applied experience in elementary level teaching combined with my B.A in History/Music as well Alt. Certification (K-5), makes me a worthy contender for a teacher position at your school .Utilizing my skills and expertise, I am eager to become a key member of your team.
As specified in the enclosed resume, I offer you the following attributes in order to contribute to your ongoing success:
* Well versed in assisting children in build social, cognitive, emotional, and physical skills. * Adept at providing a stimulating conducive classroom environment. * Special talent for utilizing the highest quality teaching resources and classroom materials.
It is paramount that in order to become the best teacher, good interaction with the students is essential - aside from imparting good knowledge. The expectation of what the students think and how they would think in a particular state of affairs is equally important in my point of view.
In addition, I apply an innovative teaching approach which includes the incorporation of 21st century skill sets that will prepare my students to compete with other students both nationally and internationally. 
Of all my strengths, I take extreme pride in the patience and dedication required to meet the needs of children from socially and culturally diverse backgrounds. My insight not only comes from my years in the classroom as a teacher, but also from my years a pupil. Having lived abroad for many of my formative years, as well as some after college, I understand the delicate balance that is needed to make learning inclusive to all. CERTIFIED ELEMENTARY SCHOOL TEACHER (Grades 1-5)
Level 2 Teaching Certification (Louisiana)
Dedicated elementary teacher with a passion for teaching, learning and student success, while offering a proven track record of commended performance teaching in the elementary classroom, with an unwavering commitment to optimizing student and school success.  Extensive background in serving the educational needs of culturally, racially, and socio-economically diverse students in Title I schools.  Flexible and creative educational professional with seven plus years teaching with a unique ability to explain complicated concepts in an easily understandable manner.        Experience      Company Name     August 2015   to   Current     Teacher   City  ,   State      Implemented diverse approaches to ensure understanding of course material and overall academic success.  Analyzed student learning and plan and administer a variety of appropriate assessments.  Ensured effective and positive parent communication.  Participate in on-going planning development and evaluation of curriculum.  Use a variety of instructional strategies to provide equity and excellence to students of all ability levels.  Work cooperatively with other teachers in developing and sharing curriculum strategies.          Company Name     August 2010   to   May 2015     Teacher   City  ,   State      4th grade Math, ELA).  Planned, implemented, monitored and assessed a classroom instructional program which was consistent with the Jackson Parish School Board regulations and Louisiana Board of Education.  Worked with other teachers and administrators to evaluate and revise elementary school programs.  Encouraged students with special academic interests to fully pursue those subjects.  Planned, implemented and thoroughly monitored 504 and Special Education accommodations for students with learning exceptionalities.  Presented various techniques and strategies for delivery of classroom instructions using manipulative and hands-on approaches in Math, and Science.          Company Name     August 2007   to   July 2010     Teacher   City  ,   State      Worked with interdisciplinary team members to evaluate children's progress and recommend appropriate learning plans.  Monitored students' educational progress with individual charts and files.  Nurtured a supportive learning environment that was often used as a model for other classrooms.          Company Name     May 2008   to   September 2008     Teacher           Coordinated communications between students and school administration to create an effective and culturally-sensitive learning environment.  Developed and taught a curriculum to improve students' conversational abilities.  Improved instruction methods by using a variety of assessment tools and strategies.          Education and Training      Grambling State University   2010             City  ,   State  ,   USA    Elementary Education (1-5)        Louisiana Tech University     2007       Bachelor of Arts  :   History Music Education    City  ,   State  ,   USA    History Music Education        Interests    AFFILIATIONS
Tau Beta Sigma, Sigma Alpha Iota, La Tech University Band, Southwest Region Horn Ensemble, 4-H Sponsor        Personal Information    As a passionate elementary school teacher, I would welcome the chance to meet with you to discuss how my education, expertise and capabilities would be beneficial for your school. I can be reached at 318-243-9294 to set up a meeting time.      Additional Information      As a passionate elementary school teacher, I would welcome the chance to meet with you to discuss how my education, expertise and capabilities would be beneficial for your school. I can be reached at 318-243-9294 to set up a meeting time.  Eagle/DNC 
AFFILIATIONS
Tau Beta Sigma, Sigma Alpha Iota, La Tech University Band, Southwest Region Horn Ensemble, 4-H Sponsor        Skills    academic, charts, delivery, equity, instruction, Lesson Planning, Math, Microsoft Office, progress, Reporting   ","Job Title: DevOps Engineer
Requirements: Strong background in azure, gcp, git, linux, python.
Experience: Minimum 4 years of relevant experience required.
Education: Bachelor's degree in Computer Science or related field required.
",,azure;gcp;git;linux;python,0,4,bachelor,bachelor,0.0,0.0,100.0,43.22,25.81,0,0,Weak,test,kaggle,TEACHER,,,
PK006221,K02073,J00040,other,backend,"         MANAGER OF PUBLIC RELATIONS AND COMMUNICATION       Summary    Creative thinker, who is not afraid to work outside her comfort zone. Motivated team player, results orientated with a focus on achievement. Seeking to develop her career and is currently looking for a suitable position with an organization that values diversity and hard work. Areas of Expertise:  		project management Administration and Management Conflict management Youth programming Critical Thinking Spotting opportunities and identifying threats Personal Skills:		Judgment and Decision Making Team Player Social Perceptiveness Active learner Adapt to working in diverse environment       Highlights          Program management  Administration   Conflict management   Youth programming       Collaborative manager  Analytical thinker  Spotting opportunities and identifying threats  Team Player  Adapt to working in diverse and  environment             Experience      Manager of Public Relations and Communication     Nov 2013   to   Jan 2015      Company Name   －   City  ,   State     •Led the development and implementation of overall Public Relations Strategies  •Developed proactive relationships with government, the media and other stakeholders.  •Managed the organization of Group VIP visits and arranged meetings requested with authorities including President's Office, Prime Minister's Office as well as Ministry of Oil and Minerals and Attend Group VIP meetings.  •Managed and supervised the content of the Company's website  •Supervised the establishment of advertising and publicity materials in stands/exhibits required in the Company's participation in relevant conferences  •Integrated Public Relations activities into overall promotional campaigns to support the Company's objectives and collaborate with other cross-functional divisions/departments for this end. •Established positive professional ties with Public Relations personnel in shareholder companies to ensure consistency and alignment of PR messages and initiatives.         Team Leader Democracy and Governance     Jan 2010   to   Jan 2013      Company Name   －   City  ,   State     Served as a democracy expert tracking all levels of policy, technical, developments, legislative and legal changes in the democracy and governance arenas affecting USAID's activities and objectives in Yemen.  Advised the USAID management team on projects developments and possible programmatic impact.  Drafted concept papers,  designed documents, project papers, terms of reference and other relevant documents for proposed new activities.  Provided input and analysis towards the development of the USAID Yemen overall democracy and governance sectoral strategy.  Oversaw and managed US government investments in DG and monitored and evaluated implementation against contractual obligations.  Areas of work include gender equality, anti-corruption, elections, parliament, civil society, peaceful conflict mitigation, and youth civic engagement.  Assisted in the design of the USAID's ""Yemen Stability Initiative"" aimed at tackling root cause of violent conflicts in the tribal areas through provision of economic opportunities for youth, vocational training, and peaceful conflict mitigation skills and tools.  Worked closely with Key government offices including: Supreme National Authority for Combating Corruption, High Tender Board, Central Organization for Control and Audit, Ministry of Finance and Ministry of Planning among others, Parliament, Supreme Commission for Election and Referendum and Ministry of Local Administration.  Managed key USAID projects with the following implementer: NDI, IFES, ADRA, Save the Children, MSI, UNDP and Partners for Democratic Change.  Liaised with donors and embassies representatives to advance the Democratic reforms agenda for Yemen.         Public Affairs Specialist     Dec 2000   to   Nov 2002      Company Name   －   City  ,   State     Developed and implemented the Democracy Small Grants program which funded local non-state actors in Yemen in the areas of education, gender equity, youth, economic development and democracy.  Organized and implemented cultural programs and provided follow up on all educational and cultural programs.  Cultivated a solid network among public institutions and leaders in the civic sector around the country.  Designed the capacity building training for NGOs in remote parts of Yemen.  Supported the funding of key civic projects including: Children Parliament, NGOs Directory in Yemen, First Educational Yemeni Cartoon, Children Library, and Women Income Generation project and Youth Community Participation.  Was awarded the Foreign Service National award of the Year 2003 for high achievement in the outreach to the civil society and positive outcome and impact of the program.         Child Project Officer     May 1999   to   Nov 2000      Company Name   －   City  ,   State     Served as Project Officer in the Community Based Rehabilitation and Inclusive Education project for children with disabilities.  Managed program activities at rural areas and oversaw training and recruitment of local staff for the local rehabilitation offices in each area.  Conducted surveys and evaluation of program impact and advised management of outcomes.  Worked closely with donors to ensure synergy among on-going projects in the four targeted governorates.  Liaised and coordinated with organization branches, Yemeni ministries, NGO representation and local and external consultants.         Education      M.A  ,   Arts   June 1996     Colorado State University   －   City  ,   State     Arts       Additional Information      Awards Nov 2009    Youth Leaders Award, Save the Children, Sanaa Nov 2007    US Department of State, Swanee Hunt Award for Advancing Women's Role in Policy 		      Formulation, Washington DC Nov 2006   US Department of State Superior Honor Award, Sanaa May 2006  US Department of State Meritorious Honor Award,  Sanaa May 2005  US Department of State Certificate of Appreciation, Sanaa         Skills    advertising, concept, conferences, content, equity, Finance, functional, government, Grants, investments, legal, materials, meetings, Office, MSI, network, Oct, Oil, PDM, personnel, PR, Prime Minister, Programming, Project Design and Management, Public Relations, publicity, recruitment, Rehabilitation, strategy, Supervision, surveys, Tender, website   ","Job Title: Backend Developer
Requirements: Strong background in django, docker, git, java, mongodb, spring, spring boot.
Experience: Minimum 4 years of relevant experience required.
Education: Bachelor's degree in Computer Science or related field required.
",,django;docker;git;java;mongodb;spring;spring boot,0,4,bachelor,bachelor,0.0,0.0,100.0,38.74,24.68,0,0,Weak,val,kaggle,PUBLIC-RELATIONS,,,
P001559,R00389,J00160,fullstack,backend,"Summary: Motivated engineer with 6 years of experience across full project lifecycles.
Technical Skills: aws, docker, linux, mongodb, node, react, sql, typescript.
Experience: Worked for 6 years as a software engineer delivering production systems.
Education: BCA in Computer Applications.
","Job Title: Backend Developer
Requirements: Strong background in aws, django, flask, git, python, spring, sql.
Experience: Minimum 3 years of relevant experience required.
Education: PhD or doctorate preferred.
",aws;docker;linux;mongodb;node;react;sql;typescript,aws;django;flask;git;python;spring;sql,6,3,bachelor,phd,28.57,100.0,0.0,57.93,45.91,0,0,Weak,train,synthetic,,,,
P001372,R00343,J00138,devops,devops,"Summary: Motivated engineer with 1 years of experience across full project lifecycles.
Technical Skills: aws, azure, gcp, git, github, kubernetes, linux, sql.
Experience: 1 years of professional experience including design, testing and deployment.
Education: BCA in Computer Applications.
","Job Title: DevOps Engineer
Requirements: Strong background in azure, docker, git, python, sql.
Experience: Minimum 4 years of relevant experience required.
Education: Bachelor's degree in Computer Science or related field required.
",aws;azure;gcp;git;github;kubernetes;linux;sql,azure;docker;git;python;sql,1,4,bachelor,bachelor,60.0,25.0,100.0,84.91,65.23,1,1,Average,val,synthetic,,,,
P001500,R00375,J00145,backend,backend,"Summary: Motivated engineer with 4 years of experience across full project lifecycles.
Technical Skills: aws, docker, fastapi, git, linux, mongodb, postgresql, python, spring boot.
Experience: 4 years of professional experience including design, testing and deployment.
Education: MCA in Computer Applications.
","Job Title: Backend Developer
Requirements: Strong background in aws, django, flask, spring.
Experience: Minimum 3 years of relevant experience required.
Education: Master's degree in Computer Science or related field required.
",aws;docker;fastapi;git;linux;mongodb;postgresql;python;spring boot,aws;django;flask;spring,4,3,master,master,25.0,100.0,100.0,54.63,58.66,0,1,Average,val,synthetic,,,,
P001512,R00378,J00083,devops,devops,"Summary: Recent graduate seeking entry-level opportunity with strong project work.
Technical Skills: azure, docker, git, github, kubernetes, linux, sql.
Experience: Academic projects and internships covering design and implementation.
Education: MCA in Computer Applications.
","Job Title: DevOps Engineer
Requirements: Strong background in azure, docker, gcp, git, linux, sql.
Experience: Minimum 3 years of relevant experience required.
Education: Bachelor's degree in Computer Science or related field required.
",azure;docker;git;github;kubernetes;linux;sql,azure;docker;gcp;git;linux;sql,0,3,master,bachelor,83.33,0.0,100.0,85.37,69.68,1,1,Average,val,synthetic,,,,
PK005974,K01991,J00114,other,fullstack,"         NEW CONSTRUCTION / AFE MAINTENANCE MANAGER         Summary    23 years in the Industry, with 18 years of Management / Supervisory experience in Shutdowns, T/A's, and Project related work. Safety statistics for all projects are always at the highest level. Proven track record as Manager / Supervisor managing a variety of construction teams and projects with a <0.5 trir.="""" my="""" experience is="""" within all="""" complexes of="""" the="""" benicia="""" refinery.="""" extensive="""" background="""" in="""" many="""" areas="""" of="""" construction="""" have="""" given="""" me="""" the="""" knowledge="""" and="""" skill="""" to="""" effectively="""" function="""" as="""" the="""" safety="""" manager="""" for="""" the="""" plant.="""" recognized="""" strong="""" team="""" leadership="""" skills="""" and="""" relationships="""" with="""" contract="""" groups,="""" both="""" union/non-union="""" trades.="""" my="""" integrity,="""" reputation="""" and="""" credibility="""" as="""" a="""" leader="""" are what our="""" plant="""" needs="""" to="""" influence="""" safety="""" processes="""" and="""" programs="""" for="""" the="""" betterment="""" of="""" our="""" workforce.="""" i="""" am="""" a="""" proven="""" liaison="""" between="""" plant="""" work="""" groups.="""" results-oriented="""" manager="""" that="""" works="""" efficiently="""" and="""" effectively="""" to="""" complete="""" projects="""" safely,="""" on="""" time="""" and="""" within="""" budget.="""" analytical="""" nature="""" and="""" skills="""" of="""" predicting="""" and="""" vetting="""" construction="""" projects="""" benefits="""" the="""" safety="""" manager="""" position="""" i="""" am="""" applying="""" for.="""" self-starter="""" with="""" a="""" positive,="""" can-do="""" attitude="""" who="""" is="""" driven="""" to="""" learn,="""" improve="""" and="""" succeed="""" and="""" ""move="""" the="""">       Highlights          Safety Plans / Programs  Strong Interpersonal skills  Safety Standards / Procedures  Good Communication skills  Excellent written/verbal skills  Credible Leader, with the highest level of Integrity   Strong Team work, discipline, accountability, competitiveness, and pride  MS Proficient  Strong Leadership abilities  Excellent Execution abilities       Resource allocation  Budget / Cost control  Volunteerism/ Executing Crew Projects: Our crew was big on Adopt-A-Family, Giving tree and community involvement projects. Some of the community projects were Fisher House, Omega Boys and Girls Club, Loma Vista Farms, Cruise for a Cause as well as Hooked on A Cause to name a few. New Projects this year are working with the Solano County Food Bank.             Accomplishments      Building an Organization to handle 5 year  tank plans  Leveled out our current 5 year Tank plan  Building a 10 year strategic plan to standardize reporting  Instituted 3 week look aheads for leveling out manpower and head count control, which resulted in significant cost control measures.  2008-2010: Managed Off-Site Battery Limits Projects, which included site clearing for the construction of four new units within the Valero Benicia Refinery. I was an Operations Supervisor with a vast track record of running safe and successful T/A's for the previous 10 years. Volunteered to take on a lead role as a team player, to improve my knowledge and experience, and trained for this position, having managed so may T/A's, squats and previous unit emergencies. Handled very large workloads with success. Previous T/A management with head counts (200 employees). Effectively managed construction crews of various trades during our VIP Project with head counts of 500 construction employees, supervisors and managers in parallel. Executed work managing supervisors from VLO/Eichleay/Harvest Eng. To successfully complete the project. Systematically closed out all projects per refinery standard procedures/ turnover packages. The project began with and included the following  Safety: Standardized our Site Safety Plan. The Safe Plan template was designed to ramp up and down to follow the VIP Project schedule/headcount. Safety Plan encompassed the VIP OSBL Project, Butamer ISBL Project, FBS OSBL/ISBL Project, and provisions for the new H2 plant. Safety Teams for each of these project utilized my plan to help ensure the Safety of all construction crews  Construction: Successfully managed all Outside Battery Limits (OSBL)/ Inside Battery Limits (ISBL) projects, FGS OSBL, Utilities Upgrades, and the H2 unit prep. Volunteered to assume the role of Butamer Mechanical Coordinator (ISBL), as my workload lightened up. Already heavily involved in the construction phases of all projects, and familiar with the crews coming on board, so it made sense  Successfully managed Union and Non-Union crews on the same jobsite without any mentions of strikes        Experience      Company Name    City  ,   State    New Construction / AFE Maintenance Manager   02/2015   to   Current       Effectively directs the Safety and Health program / processes in our work group.  Leads weekly relevant Safety Meetings with Contractors / Employees to ensure a top down approach.  Maintains top performance in our Safety VPP Football Program  Working to develop Project Manager's in Capital to help improve execution  Strong and effective Liaison between Operations, Project Engineering and Construction Team.  Produced an evergreen tank plan that will get us back in compliance in 4 years.  Producing a 10 year strategic plan for effective / efficient budget controls  Manages 7 employees, providing mentoring to promote career paths and upward movement  Maintains Environmental compliance  Participates in Constructability and Model reviews  Participates in bidding process, job walk-downs and awarding of contracts with various contractors.  Manages Construction schedule activities, manpower loading, and resource loading  Participates in Forecasts, Budget Reviews, Cost control, Efficiencies  Accepted New Contractor reviews Lead to minimize double work amongst Managers  Performing contractor reviews to increase number of specialty contractors for tank plans          Company Name    City  ,   State    Operations Superintendent   07/2011   to   02/2015       Managed plants Operations to ensure we remained at target rates  Maintained safe, stable and reliable operations/ operating envelopes.  Maintained environmental compliance  Managed 40-50 employees on shift.  Provided mentoring for developing employees. Trained 2 S/S step ups, was working on 3rd. 4th and 5th are in line. Crew development as a whole was by far above peer work groups. CBO's were progressing at a better than average rate as well as new OS's. Crew 4 embraced the new organizational structure and worked hard to promote it amongst peers.  Certified Qualified Individual in the area of Oil Spill Response. Experienced with On Land/ Water Division Leader, Situation Control Leader, Planning Section Deputy, planning Section Chief Positions.  Assumed Incident Commander Role during refinery emergencies.  Implemented Refinery Clean Sweeps for housekeeping amongst crews.  Completed OS Manual update, S/S sign off package upgrade and Implemented Crew tool box program.          Company Name    City  ,   State    Operations Supervisor   11/2010   to   07/2011     Backfilled Team 3 OS while their OS planned for TA before being drafted to the PS TA in 4Q2010.        Company Name    City  ,   State    New Construction Mechanical Coordinator   04/2008   to   11/2010       Built and implemented the site safety plan for the VIP Project.  Managed all construction deliverables in my area.  Created/ extended/ tracked all MOC's to ensure compliance.  Hired all Mechanical Supervisors to assist with OSBL workload.  Developed employee work schedule/ vacation schedule/ EPR's.  Completed and participated in safety, constructability, feasibility, progress, and update meetings  Exposed to bidding process, job walk-downs and awarding of contracts with various contractors for OSBL work.  Participated in Constructability and Model reviews (FGS/ Goggle Valves/ Ducting)  Managed Construction schedule activities, manpower loading, and resource loading.  Strong and effective Liaison between Operations, Project Engineering and Construction Team.  Implemented Budget Reviews, Cost control, Efficiencies  Ensure QA/QC of all responsible areas to Refinery/ Construction standards  Directed all civil work for all sites.  Zero recordable injuries for all of my projects.          Company Name    City  ,   State    Step Up Operations Superintendent   06/2006   to   07/2008       Began Training in 05' and qualified in 06'.  Backfilled for all S/S's for vacations, special projects and T/A's  Developed my overall Refinery knowledge while stepping up          Education      High School Diploma  :  Industrial Maintenance Mechanic    De Anza High School  ,   City  ,   State  ,   US    High School Diploma- Industrial Maintenance Mechanic De Anza High School- El Sobrante, CA, USA        Professional Affiliations    Active Fire Dept. member -2012, Honorary Member to Present      Certifications      Emergency Response  Active Fire Dept. member from 2000-2012, Honorary Member to Present  Safety Officer   Incident 100, 200, 300 and 700 courses  Strategy and Tactics  Advanced Fire FightingFoam school   Wild Lands Fire Fighting  Rope Rescue 1- Advanced Specialty Rope Schools  Qualified Haz Mat Technician  Qualified to operate various Fire Fighting Apparatus/ Equipment  Certified in many Emergency Response courses  Competed in the IRTS Competition in 2000 and 2002 (High Angle rescue)  Rope 1 Rescue Qualified  Certified Qualified Individual in the area of Oil Spill Response.  Certified Qualified Individual (Oil Spill Response) Experienced with On Land / Water Division Leader, Situation Control Leader, Planning Section Deputy, planning Section Chief Positions        Skills    Site Safety / Safety Standards, Site Assessments, Liaison, Operations, Environmental Compliance, Mentoring, Site Assessments, Budget / Forecasts, Construction Schedules / Integration, Contracts, Cost Control, QA/QC, Emergency Response, Leadership Skills, Proactive Problem Solving, Self Motivated, Team Building, Team Player, Excellent Written skills, Industrial Maintenance.   ","Job Title: Full Stack Developer
Requirements: Strong background in git, node, react, sql.
Experience: Minimum 1 years of relevant experience required.
Education: Bachelor's degree in Computer Science or related field required.
",,git;node;react;sql,23,1,bachelor,bachelor,0.0,100.0,100.0,45.22,46.3,0,0,Weak,val,kaggle,CONSTRUCTION,,,
PK006646,K02215,J00166,other,frontend,"         VICE PRESIDENT OF MEMBERSHIP         Professional Summary    Talented business development professional with over 10 years of experience in different facets of Business Development, including sales, marketing, and product management. Outstanding communicator with the natural ability to build and develop strategic relationships with key contacts, including corporations, foundations, endowments, and high-net worth individuals. Proven track record securing new business.      Core Qualifications        Proficient in the Moves Management Fundraising Process
*Proficient in MAC OS, Windows Vista and XP, MS Office (Word, PowerPoint, Excel, Access, Project, and Outlook), Advanced Internet Skills            Experience        01/2015   to   Current    Company Name   －   City  ,   State      Design a fund development plan using move management, including social media campaign.  Manage a portfolio of manager donors and prospects.  Participate in various national events to promote the organization including national legislative days and United Nation days.          Vice President of Membership  ,   06/2013   to   Current    Company Name   －   City  ,   State      Design, implement and facilitate a strategic membership development plan Collaborate with fundraising and public relations committees to further develop the brand of NCBW Coordinate Community Relations activities Implement and facilitate a strategic membership development plan for NCBW Participate in various community events and projects to promote the organization Manage membership retention and reclamation strategies.          Board of Directors  ,   06/2013   to   Current    Company Name   －   City  ,   State      Collaborate with sales and grow new chamber members in the East area of Charlotte Develop relationships with top business stakeholders in the east Charlotte region Initiate and provide leadership in the development of programming in the chapter that promotes the objectives of the Chamber of Commerce, and motivate others to reinvest in the initiatives within the business community Develop chapter sponsors to fund programming and chamber events Coordinate Community Relations activities October.          Commercial Relationship Manager  ,   06/2013   to   Current    Company Name   －   City  ,   State      Manage business relationships for business clients that are between 5 to 15 Million in revenues Maintains primary relationship contact for a portfolio of 75 existing clients Delivered year over year growth of 20% Identifies and facilitate the cross-selling effort of all bank's services.  Monitor on an ongoing basis, information concerning customer performance, abilities, and the industry to determine that loan is an acceptable risk Participate in various community organizations and projects to promote the image of the bank Develop relationship with community partners to further build the brand and develop business for SunTrust.          Work Officer, Assistant Vice President  ,   06/2012   to   06/2013    Company Name   －   City  ,   State      Increased active SunTrust at Work company participants through outside sales calls within the market to gain new business clients and maintain and expand existing bank retail, business banking, commercial and other line of business client relationships.  Developed a regional business plan for SunTrust at Work account acquisition Onboarded  62 new SunTrust at Work companies since mid-July 2012 Created and Delivered internal training and scripting for SunTrust at Work for retail area teams Work on internal marketing taskforce and consulted with training company on internal SunTrust at Work training objectives and execution Perform and schedule onsite employee educational financial literacy seminars and account enrollments.          Sales Officer, Assistant Vice President  ,   02/2010   to   06/2012    Company Name   －   City  ,   State      Developed regional BB&T @ Work account acquisition business plan and executed internal training for retail team Grew transactional accounts and retail health savings accounts portfolio by 3,136 and grew account balances by $8,999,043 in 2011 through onsite employee presentations through the BB&T @ Work Program.  Delivered 1.2 million in fee based revenue through the BB&T @ Work program retail account portfolio.  Ranked number 3 region out of 36 regions for February 2012 having over 600 accounts and $1.96 million dollars in account balances.  Manage relationship bankers in 23 branches in the BB&T @ Work relationship banker champion program capitalize on existing commercial and corporate BB&T relationships Conduct outside sales calls within the market to gain new business clients and maintain and expand existing retail and business banking client relationships Perform onsite employee educational financial literacy seminars.          Business Development Representative, Assistant Vice President  ,   07/2005   to   01/2010    Company Name   －   City  ,   State      Recruited into BB&T's award winning and nationally recognized Leadership Development Program.  Graduated and became a Business Development Representative responsible for increasing awareness of BB&T's Payroll Services Division and growing revenues within a geographical defined territory to include the staff of 42 branches.  Opened a completely unworked market, surpassing sales goals in spite of no market share and two payroll software releases within a 2 years period.  Grew fee based revenue annually of $160,000 per year in the Business Development role.  Coordinated and conducted product knowledge meetings throughout region so that bankers are more effective at identifying clients and making appropriate recommendations Developed education tools, marketing supplies, and presentation materials to effectively illustrate, communicate, and sell the concepts regarding payroll task and outsourcing Acted as a liaison between BB&T Payroll Services Corporate Office and BB&T's Mid-South & North Florida Banking Networks communicating company updates, changes with product & service offerings, region trends, and successes.          Education      Bachelor of Arts  :  Business Administration Marketing Concentration & History  ,  May 2005    Salem College   －   City  ,   State      Business Administration Marketing Concentration & History        Masters  :  Business Administration  ,  May 2012    Georgia Southern University   －   City  ,   State      Business Administration        Professional Affiliations    Graduate of Farr and Associates, Mastering Leadership Dynamics, 2010
*National Coalition of 100 Black Women-National Board of Directors 2016
*Charlotte Chamber of Commerce- East Charlotte Chapter Chairperson, 2016      Skills    banking, develop business, Business Development, business plan, Community Relations, client, clients, financial, Fundraising, image, Internet Skills, leadership, Leadership Development, MAC OS, marketing, market, materials, meetings, Access, Excel, MS Office, Office, Outlook, PowerPoint, Windows, Word, Networks, outside sales, Payroll, presentations, programming, public relations, retail, selling, sales, seminars, scripting, strategic, Vista   ","Job Title: Frontend Developer
Requirements: Strong background in css, html, typescript, vue.
Experience: Minimum 2 years of relevant experience required.
Education: PhD or doctorate preferred.
",,css;html;typescript;vue,10,2,bachelor,phd,0.0,100.0,0.0,36.85,29.21,0,0,Weak,val,kaggle,BANKING,,,
P002811,R00702,J00112,data_ml,data_ml,"Summary: Results-driven developer with 1 years of hands-on industry experience.
Technical Skills: aws, mysql, numpy, pytorch, sql, tensorflow.
Experience: Total of 1 years experience in software development and team collaboration.
Education: Bachelor of Science in Information Technology.
","Job Title: ML Engineer
Requirements: Strong background in git, pandas, pytorch, tensorflow.
Experience: Minimum 3 years of relevant experience required.
Education: Bachelor's degree in Computer Science or related field required.
",aws;mysql;numpy;pytorch;sql;tensorflow,git;pandas;pytorch;tensorflow,1,3,bachelor,bachelor,50.0,33.33,100.0,75.43,60.52,1,1,Average,train,synthetic,,,,
P002179,R00544,J00035,fullstack,backend,"Summary: Motivated engineer with 6 years of experience across full project lifecycles.
Technical Skills: aws, docker, express, git, mongodb, python, react, sql, typescript.
Experience: Worked for 6 years as a software engineer delivering production systems.
Education: BCA in Computer Applications.
","Job Title: Backend Developer
Requirements: Strong background in aws, flask, linux, mongodb, mysql, spring boot.
Experience: Minimum 1 years of relevant experience required.
Education: Bachelor's degree in Computer Science or related field required.
",aws;docker;express;git;mongodb;python;react;sql;typescript,aws;flask;linux;mongodb;mysql;spring boot,6,1,bachelor,bachelor,33.33,100.0,100.0,53.41,61.69,1,1,Average,test,synthetic,,,,
P000214,R00053,J00021,devops,frontend,"Summary: Software engineer with 4 years of experience building scalable applications.
Technical Skills: aws, azure, gcp, git, sql.
Experience: Worked for 4 years as a software engineer delivering production systems.
Education: MCA in Computer Applications.
","Job Title: Frontend Developer
Requirements: Strong background in angular, git, github, html, javascript.
Experience: Minimum 2 years of relevant experience required.
Education: Relevant practical experience valued; no strict degree requirement.
",aws;azure;gcp;git;sql,angular;git;github;html;javascript,4,2,master,none,20.0,100.0,100.0,44.19,54.05,0,1,Average,train,synthetic,,,,
PK001287,K00429,J00179,other,fullstack,"         KINDERGARTEN TEACHER           Summary    I have been an elementary educator for Henrico County Public Schools for 16 years. I have taught Head Start, Federal Preschool Programs, first grade and kindergarten. Prior to my teaching career, I worked in administration and management and have experience with accounting, ordering, payroll, computer systems, scheduling and interacting with the general public in multiple capacities.      Skills           Meticulous attention to detail     Professional communication  Conflict resolution techniques  Strong problem solver         Account Reconciliations   Cost accounting   Flexible and adaptive  Intimate knowledge of school system            Experience      Kindergarten Teacher    August 2011   to   Current     Company Name   －   City  ,   State      Served as Team leader for three years.  Served as collab partner with special education specialist for three years.   Encouraged students to persevere with challenging tasks.      Set and communicated ground rules for the classroom based on respect and personal responsibility.        Mentored and counseled students with adjustment and academic problems.          Took appropriate disciplinary measures when students misbehaved.            Differentiated instruction according to student ability and skill level.          Encouraged children to be understanding of others.   Promoted good behaviors, accountability and social responsibility.            Head Start/Federal Preschool Programs Teacher    August 2006   to   July 2011     Company Name   －   City  ,   State       Encouraged parents to take an active role in their child's education.      Encouraged students to explore issues in their lives and in the world around them.      Enhanced reading skills through the use of children's literature, reader's theater and story time.     Delegated tasks to teacher assistants and volunteers.     Established positive relationships with students, parents, fellow teachers and school administrators.       Taught students in various stages of cognitive, linguistic, social and emotional development.               First Grade Teacher    November 2003   to   July 2006     Company Name   －   City  ,   State      Served as team leader for one year.  Served as collab teacher with special education specialists for one year.       Strengthened parent-teacher and parent-child communication by holding regular parent-teacher conferences.        Created lesson plans in accordance with state curriculum and school-wide curriculum standards.       Taught students to exercise problem solving methodology and techniques during tests.        Observed and assessed student performance and kept thorough records of progress.            Head Start Teacher    August 2001   to   November 2003     Company Name   －   City  ,   State      Visited family homes twice yearly.    Supervised children on monthly field trips to local parks, museums and zoos.    Conducted monthly parent meetings.  Adhered to Federal Head Start guidelines such as family 				style dining, developing individual student plans, and daily 				centers.  Supervised and assigned daily duties to classroom assistant.  Attended after school functions to help build a stronger 				   community/school  relationship.          Interventionist    January 2001   to   June 2001     Company Name   －   City  ,   State      Provided supplemental teaching to small groups of students who needed extra assistance based on state testing results.  Created lessons based on state requirements.   Observed and assessed student performance and kept thorough records of progress.     Encouraged students to persevere with challenging tasks.            Assistant Manager    July 1998   to   August 2000     Company Name   －   City  ,   State      Managed a retail foods grocery store during
assigned shifts.   Oversaw store operations, including staff assignments and production lists.      Assessed customer needs and responded to questions.     Managed ordering for the store and represented store at national trade shows.  Developed staff schedules.  Managed payroll as backup to manager.          Lead Teller    June 1996   to   July 1997     Company Name   －   City  ,   State      Excelled in greeting customers and providing quality customer service.   Executed accounts receivable reporting enhancements and reconciliation procedures.     Received, recorded, and banked cash, checks, and vouchers as well as reconciled records of bank transactions.             Administrative Assistant    January 1994   to   June 1996     Company Name   －   City  ,   State       Managed the receptionist area, including greeting visitors and responding to telephone and in-person requests for information.      Maintained electronic and paper files.        Maintained the front desk and reception area in a neat and organized fashion.       Dispersed incoming mail to correct recipients throughout the office.     Made copies, sent faxes and handled incoming and outgoing correspondence.            Education and Training        Master of Teaching (M.T.)  ,   December 2000    Virginia Commonwealth University   －   City  ,   State  ,   US    Early education: Pre-K through fourth grade         Bachelor of Science   :   Psychology  ,   1997    Virginia Commonwealth University   －   City  ,   State  ,   US            Credentials    Commonwealth of Virginia Teaching license, # PGP-562282, renewed in 2016   ","Job Title: Full Stack Developer
Requirements: Strong background in express, git, mongodb, sql, typescript.
Experience: Minimum 2 years of relevant experience required.
Education: Relevant practical experience valued; no strict degree requirement.
",,express;git;mongodb;sql;typescript,16,2,master,none,0.0,100.0,100.0,39.91,44.98,0,0,Weak,train,kaggle,TEACHER,,,
P000627,R00156,J00068,frontend,devops,"Summary: Results-driven developer with 7 years of hands-on industry experience.
Technical Skills: express, git, github, html, javascript, vue.
Experience: Worked for 7 years as a software engineer delivering production systems.
Education: MCA in Computer Applications.
","Job Title: DevOps Engineer
Requirements: Strong background in aws, docker, gcp, github, kubernetes, linux, sql.
Experience: Minimum 2 years of relevant experience required.
Education: Bachelor's degree in Computer Science or related field required.
",express;git;github;html;javascript;vue,aws;docker;gcp;github;kubernetes;linux;sql,7,2,master,bachelor,14.29,100.0,100.0,44.07,51.73,0,1,Average,train,synthetic,,,,
P001554,R00388,J00030,devops,backend,"Summary: Recent graduate seeking entry-level opportunity with strong project work.
Technical Skills: aws, azure, gcp, git, linux, python, sql.
Experience: Academic projects and internships covering design and implementation.
Education: B.Tech in Computer Science.
","Job Title: Backend Developer
Requirements: Strong background in aws, docker, fastapi, flask, git, mysql, python.
Experience: Minimum 2 years of relevant experience required.
Education: Relevant practical experience valued; no strict degree requirement.
",aws;azure;gcp;git;linux;python;sql,aws;docker;fastapi;flask;git;mysql;python,0,2,bachelor,none,42.86,0.0,100.0,62.86,47.86,0,0,Weak,test,synthetic,,,,
PK000169,K00056,J00075,other,backend,"         SENIOR HR             Highlights        Safety ManagementEmployee EngagementHR GeneralistTraining & DevelopmentOrganizationRecruiting & Succession Planning            Accomplishments      Experienced in union and non union manufacturing, sales & headquarter environments.  Established North American region safety operations network across US & Canada, 7 manufacturing sites and 4separate business units, this model has been used in other functional areas.        Experience      Senior HR    January 2007   to   October 2010     Company Name   －   City  ,   State      Industrial Development DirectorNovember 2015 to CurrentDanone - Minster, OHDevelopment of consistent technical training to assure skill attainment across the 7 manufacturing sites in the region.  Environmental, Health & Safety DirectorOctober 2010 to October 2015Dannon - Minster, OHEstablished and led regional safety and health network for 4 Dannon US sites.  Expanded responsibilities to include allsafety auditing across 7 dairy Danone sites, waters division and baby nutrition divisions in the US.  Attained One Team Award for the region attaining no lost time incidents during a time of growth.Expanded skill set to become an internal ISO 22000 quality auditor and a ISO 14001 Environmental auditor.Assured EHS transition for 2 newly acquired businesses.Lead on bio-vigilance, food and site security.  Led site of 400 employees and 200 contractors in HR, training and safety functions during a time of high growth andextensive change.  Key contributor for negotiation team first union contract with BCTGM resulting in millions of dollars of savings inbenefit costs over the term of the 5 year contract.  Implemented behavior based safety methods to reduce lost time from 12 to zero resulting in a 3 year record of nolost time incidents.Transitioned and reduced 24 shift configurations to 4 by implementing 12 hour 24/7 shift organization.Succession plan recruiter lead to assure bench strength in industrial manager and supervisor roles.             January 2002   to   April 2007     Company Name          A Bayer Material Science Company - Sheffield, MALed HR/Training functions for 5 New England States.  Closed one facility including outplacement of personnel.Team member for carve in team to align another site into a wholly owned subsidiary of Bayer.Transitioned 24/5 operations to a 24/7 schedule after successfully defeating union organizing campaign.Led cross-functional training team to attain $141,000 Massachusetts workforce development training grant.Assured completion of training of new employees and cross training of personnel from hourly to executive level.  Implemented crisis management process, including negotiating local employee assistance vendor incoordination with national contract.Oversaw recruiting activities to identify top talent using consistent, high impact recruiting and compensationmethods.Contributed to the Job Safety Behavior Observation process (JSBO) by conducting ongoing health, safety andISO audits.  Reason left - trailing spouse.             January 2000   to   February 2002     Company Name          Angola, INServed as process owner for operations of human resources functions, operations quality organization, as well asliaison to division and corporate information systems and finance functions.  Facilitated staff role identification and structure to provide support to customer-centric organization.Led order fulfillment team.  Reduced errors by 83% using structured problem solving approach.Implemented performance management process.  Reason left - plant closure Human Resource ManagerJuly 1996 to December 1999Ingersoll-Rand ARO Fluid Products Division - Angola, INManaged human resource functions, including safety, training and development, workers' compensation, organizational effectiveness, staffing, payroll and labor negotiations.  Served as chief spokesperson in UAW contract negotiations team integrating cell based and skill based paylanguage.Communicated and implemented policies and procedures, including Americans with Disabilities (ADA) andFamily Medical Leave Act (FMLA).Contributed to Kaizen, suggestions, business strategy planning, and safety teams as well as quality advantagetraining, quality of leadership, and money stream training.Reduced absenteeism from 4% to 1.5%.Implemented case management and return to work programs, reducing average lost days from 273 to zero.Reduced workers' compensation costs by 62%.Closed 114 grievances without arbitration in 3 years.  Human Resource ManagerFebruary 1989 to March 1996Hendrickson Truck Suspension - Kendallville, INOversaw human resource functions for multiplant operations.  Functions include safety, training and development,workers' compensations, organization effectiveness, staffing and labor negotiations.  Managed 3 direct reports Implemented first HRIS - ABRAAttained 3 promotions and received the Hendrickson President's Award.  Reason left - reorganization.          Education      Bachelor of Science   :   Personnel  ,   1988    Purdue University   －   City  ,   State  ,   USA    Personnel        Associate of Science   :   Supervision  ,   1987    Purdue University   －   City  ,   State  ,   USA    Supervision        Associate of Science   :   Plant and Soil Science  ,   1985    State University of New York - Cobleskill   －     State  ,   USA    Plant and Soil Science        Skills    ADA, approach, arbitration, auditing, business strategy, case management, contract negotiations, crisis management, finance, functional, HRIS, Human Resource, human resources, HR, information systems, ISO, leadership, Material Science, money, negotiating, negotiation, negotiations, network, organizing, organizational, payroll, performance management, personnel, policies, problem solving, quality, recruiting, recruiter, Safety, staffing, structured, supervisor, technical training     ","Job Title: Backend Developer
Requirements: Strong background in fastapi, java, mongodb, python.
Experience: Minimum 2 years of relevant experience required.
Education: Bachelor's degree in Computer Science or related field required.
",,fastapi;java;mongodb;python,5,2,bachelor,bachelor,0.0,100.0,100.0,39.84,44.96,0,0,Weak,test,kaggle,HR,,,
P000371,R00092,J00073,data_ml,devops,"Summary: Results-driven developer with 5 years of hands-on industry experience.
Technical Skills: docker, git, machine learning, mysql, pandas, python, scikit-learn, sql.
Experience: Total of 5 years experience in software development and team collaboration.
Education: B.Tech in Computer Science.
","Job Title: DevOps Engineer
Requirements: Strong background in azure, github, kubernetes, python, sql.
Experience: Minimum 3 years of relevant experience required.
Education: Relevant practical experience valued; no strict degree requirement.
",docker;git;machine learning;mysql;pandas;python;scikit-learn;sql,azure;github;kubernetes;python;sql,5,3,bachelor,none,40.0,100.0,100.0,59.88,65.97,1,1,Average,test,synthetic,,,,
PK002406,K00802,J00013,other,devops,"         GROUP FITNESS INSTRUCTOR           Summary    Experienced, passionate and highly motivated fitness professional focused on creating dynamic and positive
experiences for fitness members. Well organized and reliable with excellent leadership and teamwork skills.      Highlights                    Experience      Group Fitness Instructor    July 2007   to   Current     Company Name   －   City  ,   State      Teach fitness classes ensuring safe, effective and fun workouts for all levels.  Provide challenging options and modifications as needed.  Observe and model good body mechanics.  Communicate regularly with members to enhance knowledge of exercises, body alignment and exercise safety.  Motivate members to be consistent, work toward achieving their goals, be fit and be happy.  Accomplishment: Recipient of Group Fitness Instructor of the Year Award (2010) Recipient of CanDo Stars Award.          Group Fitness Instructor    November 2005   to   May 2007     Company Name   －   City  ,   State            Fitness Instructor    March 2005   to   September 2006     Company Name   －   City  ,   State      Led fitness classes for mom's and babies in strollers.  Used body weight, resistance equipment (ie,resistance.  tubing) and general surroundings to provide effective, safe and fun workouts for class participants.  Observed and.  modeled good body mechanics.  Acted as role model and motivated participants to be fit and active moms.          Group Fitness Instructor    August 2003   to   November 2005     Company Name   －   City  ,   State            Pharmaceutical Sales Representative    June 1999   to   February 2004     Company Name   －   City  ,   State      Managed NY territory, marketing and selling a portfolio of arthritis, asthma and osteoporosis products to doctors, surgeons and pharmacists.  Coordinated and conducted routine business/territory analysis to identify business opportunities and competitive threats.  Served as District Champion for Singulair, providing strong leadership to the district by communicating frequently on new bulletins, and different initiatives.  Demonstrated how to use competitive resources to district and NJ Region.  Planned and executed health education programs for colleagues and physicians.  Mentored two new representatives in 2001, assisting both in becoming successful in their jobs and hence providing management with valuable assistance in area of people management.  Built strong customer relationships by provided high value-adding services to physician offices and pharmacists.  Consistently achieved top product market shares across the NJ region during tenure.  Accomplishments: Recipient of NJ district Leadership award 2002 Recipient of Going the Extra MILE Award (1Q 2001) and numerous business driver incentives Winner of sales performance incentive trip for two consecutive years.          Product Marketing Specialist    June 1997   to   June 1999     Company Name   －   City  ,   State      Product management of Canon's Office Products Line.  Responsibilities included launching new products for major accounts such as Office Depot, Staples and Office Max.  Acted as Staples' Key Account Representative coordinating all trainings and public events for Staples Stores nationwide.  Conducted national training programs for internal and outside sales personnel and Canon subsidiaries in 14 states throughout the Northeast.  Provided consulting services in areas of product training and product placement for all major accounts Assisted management team in the development of new marketing materials used for product training.  Collected and analyzed sales support data, competitive facts and other marketing info in order to keep abreast of emerging technologies and provide feedback to management.  Accomplishments: Represented Canon Inc.  on Staples and Office Depots' Live training broadcasts viewed by sales associates nationwide Represented Canon Inc.  on QVC, cable television's home shopping network.  Promoted select product and sold over 2,500 units for Canon.  Two time recipient of The Marketing Diplomat Award, recognized by management for providing superior customer service and leadership.          Public Relations Representative    August 1993   to   June 1995     Company Name   －   City  ,   State      Promoted ""computer learning"" school to educators in a territory comprised of 73 high schools.  This marketing resulted in increased awareness of The Cittone Institute's programs and opportunities.  Led motivational presentations for high school classes ranging in size from 10 to 100 students.  Utilized various marketing practices to recruit new students.  Increased territory penetration by 50%.  Developed track record of consistently surpassing sales goals.  Organized and hosted receptions, social activities and educational events to promote the school.  Accomplishments: Ranked #1 out of 21 Sales Representatives Recognized as ""Top Public Relations Representative in 1994"".          Trainer/Coach    November 2013   to   Current     Company Name   －   City  ,   State     Coach small group training classes utilizing an assortment of exercise equipment; ie; dumbells, TRX suspension straps, Bosu Balls, ab dollies, water rowers and treadmills.  Responsible for providing safe and effective exercise modifications on an as needed basis.  Motivate members to work beyond their expectations in a fun, yet professional manner.  Encourage members to continue attending training session         Education      Bachelor Of Science   :   Communications Spanish      Ithaca College   －   City  ,   State  ,   USA    GPA:   Cum Laude Two time recipient of Emerson Academic Scholarship · Two time recipient of Presidents Award · Member of Alpha Epsilon Rho, Communications Honorary Society · Deans' List    Communications Spanish Cum Laude Two time recipient of Emerson Academic Scholarship · Two time recipient of Presidents Award · Member of Alpha Epsilon Rho, Communications Honorary Society · Deans' List        Certifications    ACE Certified Group Fitness lnstructor Experience in developing choreography and Johnny G Certified Spinning Instructor          teaching multiple class formats such as Bosu AEA certified Aquatics Instructor          Ball, Resistance/Strength, bootcamp, core Certified in three Les Mills Programs (Body          conditioning, spinning, aquatics, and Les Mills Combat, Body Pump ,& CXWORX)          classes. CPR and AED certified Strong track record of developing and       Skills     cable, Excellent Communication, Interpersonal Skills, competitive, consulting, CPR, customer service, Instructor, ie, Leadership, people management, marketing, market, marketing materials, Max, Office, mom, network, outside sales, personnel, presentations, Product management, Public Relations, safety, selling, Sales, sales support, teaching, television, training programs    ","Job Title: DevOps Engineer
Requirements: Strong background in azure, gcp, kubernetes, python.
Experience: Minimum 2 years of relevant experience required.
Education: Master's degree in Computer Science or related field required.
",,azure;gcp;kubernetes;python,0,2,bachelor,master,0.0,0.0,0.0,41.16,10.29,0,0,Weak,val,kaggle,FITNESS,,,
PK001765,K00588,J00021,other,frontend,"         BUSINESS DEVELOPMENT ASSOCIATE       Summary     Extremely determined, outgoing, and passionate professional with proven ability to build rapport with clients.  Strong communication and interpersonal skills make the candidate successful in seamlessly working with clients, staff members, and other professionals in various areas across different job levels.     ​        Experience      Business Development Associate   12/2015   to   Current     Company Name   City  ,   State           Contact new and existing clients to discuss how specific products could meet their needs.     Identify issues with existing marketing material to drive process improvements.     Collaborate with key client stakeholders and document organizational challenges and business objectives to define client requirements.  Prepare ad-hoc presentations and proposals for internal projects and external clients.  Conduct root cause analysis in order to identify data integrity issues and needed adjustments to Tableau's management reporting dashboards.            Senior Financial Analyst   08/2014   to   12/2015     Company Name   City  ,   State           Worked in partnership with key multi-functional stakeholders to identify risk, develop remediation strategy and assist in the implementation of effective control structures to help mitigate potential risk.   Gathered rules and requirements from the Corporate Operational Risk team to successfully implement the enterprise wide Spreadsheet Policy; validated attribute data for over 1,000 spreadsheets, performed risk assessments and gap analysis with all GBAM Finance lines of business teams within a six-month time frame.  Developed and led internal control training programs for management and employees responsible for conducting key controls and self-assessments across all business lines.          Operations Analyst   11/2009   to   07/2014           Centrally managed an internal enterprise web-based application and acted as a trusted point of contact for over 2,000 users. Successfully on-boarded and trained new users and provided continuous support for existing users on system enhancements and evolving functionality     Successfully managed the activities of 4 team members in multiple locations.   Created training manuals targeted at resolving even the most difficult customer   issues.    Developed, implemented and monitored programs to maximize customer satisfaction.    Prepared and provided detailed monthly departmental reports and updates to senior management.      Developed rapport with the user base by handling difficult issues with professionalism.      Led global User Acceptance Testing (UAT) for application improvements; managed enhancements and successfully coordinated testing results with business and development teams.            Education      BBA  :   Management   May 2009       James Madison University   City  ,   State               Skills       Microsoft Office Suite    Visio  SharePoint  Zendesk     ","Job Title: Frontend Developer
Requirements: Strong background in angular, git, github, html, javascript.
Experience: Minimum 2 years of relevant experience required.
Education: Relevant practical experience valued; no strict degree requirement.
",,angular;git;github;html;javascript,0,2,bachelor,none,0.0,0.0,100.0,39.42,24.86,0,0,Weak,train,kaggle,BUSINESS-DEVELOPMENT,,,
P001255,R00313,J00197,devops,data_ml,"Summary: Software engineer with 2 years of experience building scalable applications.
Technical Skills: docker, gcp, git, github, kubernetes, linux, python, sql.
Experience: Worked for 2 years as a software engineer delivering production systems.
Education: M.Tech in Software Engineering.
","Job Title: ML Engineer
Requirements: Strong background in aws, docker, git, numpy, postgresql, sql, tensorflow.
Experience: Minimum 5 years of relevant experience required.
Education: Master's degree in Computer Science or related field required.
",docker;gcp;git;github;kubernetes;linux;python;sql,aws;docker;git;numpy;postgresql;sql;tensorflow,2,5,master,master,42.86,40.0,100.0,58.71,54.82,0,1,Average,train,synthetic,,,,
PK003196,K01065,J00112,other,data_ml,"         SALES REPRESENTATIVE       Summary     Food service worker with fast food, retail and customer service experience. Trained in food safety and handling.  Also have some Sales Representative Skills.          Highlights          Reliable and punctual  Reliable team worker  Cash handling  Comfortable standing for long time periods  Math and language skills  Conversant in Spanish  Restaurant management  Excellent multi-tasker      fast learner  self-motivated  able to work in fast-paced environment  able to count daily bank deposit  able to stay busy and focused while on the job            Experience      Sales Representative     Sep 2015   to   Sep 2015      Company Name   －   City  ,   State     Keep records of purchases, sales, and requisitions.  Select the correct products or assist customers in making product selections, based on customers' needs, product specifications, and applicable regulations.  Collaborate with colleagues to exchange information, such as selling strategies or marketing information.  Demonstrate and explain the operation and use of products.  Inform customers of estimated delivery schedules, service contracts, warranties, or other information pertaining to purchased products.  Attend sales and trade meetings, and read related publications in order to obtain information about market conditions, business trends, and industry developments.  Complete expense reports, sales reports, or other paperwork.  Complete product and development training as required.         Swing Manager     Aug 2012   to   Sep 2015      Company Name   －   City  ,   State     Made sure Crew Members had designated breaks.  Close and Open store in a timely manner.  Run a shift with the full responsibility that comes with being in charge.  Verify that prepared food meets requirements for quality and quantity.  Up-sold additional menu items, beverages and desserts to increase restaurant profits.  Recorded customer orders and repeated them back in a clear, understandable manner.  Operated large-volume cooking equipment such as grills, deep-fat fryers and griddles.  Properly portioned and packaged take-out foods for customers.  Clean food preparation areas, cooking surfaces, and utensils.  Maintain sanitation, health, and safety standards in work areas.  Monitor compliance with health and fire regulations regarding food preparation and serving, and building maintenance in lodging and dining facilities.  Read food order slips or receive verbal instructions as to food required by patron, and prepare and cook food according to instructions.  Investigate and resolve complaints regarding food quality, service, or accommodations.  Take food and drink orders and receive payment from customers.  Schedule and receive food and beverage deliveries, checking delivery contents to verify product quality and quantity.  Clean, stock, and restock workstations and display cases.  Perform some food preparation or service tasks such as cooking, clearing tables, and serving food and drinks when necessary.  Serve orders to customers at windows, counters, or tables.  Count money and make bank deposits.  Investigate and resolve complaints regarding food quality, service, or accommodations.  Store food in designated containers and storage areas to prevent spoilage.  Take and record temperature of food and food storage areas such as refrigerators and freezers.  Remove trash and clean kitchen garbage containers.  Inform supervisors when equipment is not working properly and when food and supplies are getting low, and order needed items.  Operate cash register, handle money, and give correct change.  Prepare and serve a variety of beverages such as coffee, tea, and soft drinks.         Assembler     Apr 2015   to   Jun 2015      Company Name   －   City  ,   State     Be able to lift at least 30lbs.  Occasionally work under little supervision.  Be fast and efficient in attaching parts.  Inspect, operate, and test completed products to verify functioning, machine capabilities, or conformance to customer specifications.  Rework, repair, or replace damaged parts or assemblies.  Read and interpret assembly blueprints or specifications manuals and plan assembly or building operations.  Shovel, sweep, or otherwise clean work areas.  Maintain stocks of parts.  Lubricate moving parts.  Disassemble defective equipment so that repairs can be made, using hand tools.  Adjust working parts, such as fan belts, contacts, and springs, using hand tools and gauges.         Crew     Sep 2014   to   Nov 2014      Company Name   －   City  ,   State     Train workers in food preparation, and in service, sanitation, and safety procedures.  Take food and drink orders and receive payment from customers.  Compile and balance cash receipts at the end of the day or shift.  Clean, stock, and restock workstations and display cases.  Perform various financial activities such as cash handling, and deposit preparation.  Wash, cut, and prepare foods designated for cooking.  Supervise and participate in kitchen and dining area cleaning activities.  Estimate ingredients and supplies required to prepare a recipe.  Check identification of customers to verify age requirements for purchase of alcohol.  Resolve customer complaints regarding food service.  Clean bars, work areas, and tables.  Present bills and accept payments.         Education      High School Diploma     Jun 2014     Saint James High School   －   City  ,   State  ,   United States    Maintained B honor roll.   3.0 GPA  Involved with Music & Music Projects through and out of school.  Member of Latina's Club        Languages     Bilingual, speaks fluent Spanish       Skills     Cash handling, cash register, cooking, resolving customer complaints, delivery, expense reports, fast, hand tools, inspecting, marketing, market meetings, money, repairs, safety, selling, sales, sales reports, fluent Spanish, supervision.    ","Job Title: ML Engineer
Requirements: Strong background in git, pandas, pytorch, tensorflow.
Experience: Minimum 3 years of relevant experience required.
Education: Bachelor's degree in Computer Science or related field required.
",,git;pandas;pytorch;tensorflow,0,3,bachelor,bachelor,0.0,0.0,100.0,34.79,23.7,0,0,Weak,train,kaggle,SALES,,,
PK002579,K00859,J00028,other,devops,"         OFFICE MANAGER       Career Focus     Exceptionally organized and efficient Office Manager with over  13  years experience in the office environment. Seeking a challenging role in a dynamic organization.        Summary of Skills        AS400/Kronos/Anosos/Cerner.  As well with proprietary software for data entry and retrieval; update and maintain customer data; skilled with Microsoft Office and QuickBooks Pro            Accomplishments     Reduced office expenses by finding smarter solutions for vendors, suppliers and services.        Professional Experience     01/2013   to   Current     Office Manager    Company Name   －   City  ,   State      Assisted with designing information and operational support systems.      Worked quickly and efficiently, with minimal oversight, to accomplish assigned duties.         Accurately processed data, validation and transmission for weekly, semi-monthly and sales payrolls.       Monitored daily banking transactions.       Maintained annual and monthly budgets.       Compiled financial, accounting and auditing reports and tables for cash receipts, expenditures, accounts payable, receivables and profits and losses.       Reviewed, investigated and corrected errors and inconsistencies in financial entries, documents and reports.       Obtained information by contacting appropriate personnel or patients.       Scanned incoming documentation.       Consolidated diverse medical records.       Followed-up with insurance companies and individuals to resolve discrepancies.       Maintained complete confidentiality in accordance with organization and legal requirements.   Kept department clean, organized and professional.       Maintained 100% compliance with all hospital and government regulations.       Conceptualized and implemented new and more efficient filing system.       Created annual goals, objectives and budget and made recommendations to reduce costs.       Served as liaison between management, clinical staff and the community.       Administered, directed and coordinated the activities of the agency.       Actively maintained up-to-date knowledge of applicable state and Federal laws and regulations.       Jumped in to fill gaps for on call rotation when necessary.       Provided thorough supervision for day-to-day operations of facility in accordance with set policies and guidelines.       Worked with state clients and stakeholders to shape procurements and identify opportunities for value added services.   Closely monitored competitor activity, legislative and regulatory initiatives and agency concerns and contracts and developed strategies to respond.       Revised policies and procedures in accordance with changes in local, state and federal laws and regulations.       Contributed to and participated in community education projects to foster widespread understanding of the prevention and treatment of illnesses.       Observed strict confidentiality and safeguarded all patient-related information.       Planned, organized, supervised and provided assignments for nursing, technical, office and biomedical staff. Managed an average of  [number]  employees each shift.       Reviewed and approved time cards for processing by payroll department.   Routinely evaluated the overall resident care within the facility and diligently enforced high standards.       Incorporated evidence-based care into practice environment to ensure high quality care for patients and their families.       Fostered interdisciplinary relationships by negotiation and consensus building to attain goals for all disciplines.       Monitored infection control procedures to ensure facility-wide health and safety.       Effectively served as an advisory resource by providing patient/family experience expertise.   Effectively served as an advisory resource by providing patient/family experience expertise.       Developed and arranged continuing education opportunities for all staff to increase knowledge and skills.       Analyzed facility activities and data to properly assess risk management and improve services.       Kept abreast of advances in medicine, computerized diagnostic and treatment equipment, data processing technology, government regulations, health insurance changes and financing options.      Made recommendations to improve technical practices.           01/2013   to   Current     Secretary    Company Name   －   City  ,   State      Responsible for coordinating patient activities with nursing staff, physicians and other hospital personnel and departments.  Time clock entries.         01/2008   to   01/2009     Scheduling Staff    Company Name   －   City  ,   State      Transferred legal paper files to electronic (CD).  Redacted confidential information from legal documents.         01/2004   to   01/2007     Pharmacy  Assistant    Company Name   －   City  ,   State      Assist pharmacist in filling and dispensing prescriptions to customers.  Order and stock drugs, supplies, and over the counter merchandise.  Enter and update patient records and inventory.  Prepare and process third-party insurance claims.  Process invoices and construct accounting entries electronically via in-house system (AS400).         01/2003   to   01/2004     Lifeguard/Swim Instructor/Aquatic Fitness Trainer    Company Name   －   City  ,   State      Certified in first aid, CPR, lifeguard training, and pool operations.  Alertly identified and reported emergency situations; calmly talked with the victims while coordinating emergency response.  Watched over pool and checked chemical readings.  Conducted aquatic aerobics for elderly and arthritic adults.  Provided critical information to emergency service departments as part of 911 operations.         01/2002   to   01/2003     Bank Teller    Company Name   －   City  ,   State      Processed daily transactions for personal and commercial account holders.  Provided excellent customer service.  Utilized excellent sales techniques to recognize the needs of customers and matched those to available products and services.          Education     2007     Associate of Applied Science  :   Business Administration/Accounting    Raritan Valley Community College   －   City  ,   State              Professional Affiliations    The American Health Information Management Association- AHIMA      Skills    10 key, accounting, AS400, calculators, CD, CPR, excellent customer service, customer service, data entry, fax machines, filling, first aid, general office, insurance, inventory, Process invoices, Kronos, legal, legal documents, Microsoft Office, nursing, personnel, copiers, QuickBooks Pro, sales, telephone   ","Job Title: DevOps Engineer
Requirements: Strong background in docker, gcp, git, github, linux.
Experience: Minimum 5 years of relevant experience required.
Education: Master's degree in Computer Science or related field required.
",,docker;gcp;git;github;linux,13,5,bachelor,master,0.0,100.0,0.0,45.49,31.37,0,0,Weak,test,kaggle,FITNESS,,,
P002279,R00569,J00014,fullstack,fullstack,"Summary: Results-driven developer with 1 years of hands-on industry experience.
Technical Skills: docker, mongodb, node, sql, typescript.
Experience: Total of 1 years experience in software development and team collaboration.
Education: PhD in Machine Learning.
","Job Title: Full Stack Developer
Requirements: Strong background in docker, git, mongodb, node.
Experience: Minimum 2 years of relevant experience required.
Education: Master's degree in Computer Science or related field required.
",docker;mongodb;node;sql;typescript,docker;git;mongodb;node,1,2,phd,master,75.0,50.0,100.0,80.12,75.03,1,2,Good,train,synthetic,,,,
P001329,R00332,J00037,data_ml,data_ml,"Summary: Results-driven developer with 2 years of hands-on industry experience.
Technical Skills: aws, docker, git, machine learning, mysql, pandas, postgresql, sql, tensorflow.
Experience: Total of 2 years experience in software development and team collaboration.
Education: PhD in Machine Learning.
","Job Title: ML Engineer
Requirements: Strong background in docker, git, machine learning, pandas, postgresql, python.
Experience: Minimum 2 years of relevant experience required.
Education: Bachelor's degree in Computer Science or related field required.
",aws;docker;git;machine learning;mysql;pandas;postgresql;sql;tensorflow,docker;git;machine learning;pandas;postgresql;python,2,2,phd,bachelor,83.33,100.0,100.0,82.03,88.84,1,3,Strong,train,synthetic,,,,
P001267,R00316,J00073,frontend,devops,"Summary: Software engineer with 2 years of experience building scalable applications.
Technical Skills: angular, css, javascript, linux, react, sql, typescript, vue.
Experience: Worked for 2 years as a software engineer delivering production systems.
Education: B.Tech in Computer Science.
","Job Title: DevOps Engineer
Requirements: Strong background in azure, github, kubernetes, python, sql.
Experience: Minimum 3 years of relevant experience required.
Education: Relevant practical experience valued; no strict degree requirement.
",angular;css;javascript;linux;react;sql;typescript;vue,azure;github;kubernetes;python;sql,2,3,bachelor,none,20.0,66.67,100.0,55.86,50.3,0,1,Average,train,synthetic,,,,
PK002288,K00762,J00147,other,data_ml,"         SUPERVISOR       Summary     Accomplished results oriented leader with marketing and customer service experience. Exceptional organization, time management and multi-tasking abilities  with an MBA- Management/Finance.        Skills          Complaint handling and resolution  Self-motivated  In-depth knowledge of markets and relationships      Complex problem solver  Skilled negotiator  Self-motivated            Accomplishments     Qualified for  [Number]  quarterly sales bonuses by exceeding sales target by  [Number] %.  Leadership     Research    Implementation   Assisted in implementation of new tracking system that resulted in improved patient care.  Conducted research which led to the development of  [program] .  Served as key contributing member to Leadership team.         Experience     July 2015   to   Current     Company Name    City  ,   State    Supervisor        Responsible for the daily oversight operations of the call center, monitoring average call handle time (ACHT), telephone service factor (TSF), and adherence to schedules.  Supervise bargaining unit employees in joint efforts with the (UAW) union.  Manage Walk- In staff and their schedules to service incoming customers.  Assist in the assessment, development, implementation, and ongoing reporting of operational improvements as they relate to customer service metrics and process improvements of the call center.  Reduced my team average call handle and wrap time metrics by 200 seconds.  30% reduction).  Participate in meetings with the Account Receivable Department to improve members payment efficiencies and best practice implementation.         February 2013   to   July 2015     Company Name    City  ,   State    Clinical Administrative Assistant- Healthcare Administrator        Recruited, trained and managed the clinical medical staff and customer service representatives.  Directed medical receptionist operations, including scheduling, transportation protocols, and patient satisfaction.  Collected and secured patient co-pays and deductibles.  Improved patient attendance rates by 20%.  Responsible for developing and implementing patient and retention strategies.  Improved processes to ensure accurate electronic billing and reimbursement.  CMS-STARS Rating implementation and support.  Collaborated with social services and charitable organizations to provide resources to members of the local community- Served over 200 families 
Fidelis Secure Care
Medicare Advantage HMO (Dual Eligible).         October 2010   to   January 2013     Community Account Manager        Developed new and retained existing relationships with client base, resulting in 65% retention and 10% new membership leads.  Conducted in-service training to office/home managers regarding organizational protocols.  Completed weekly reports for nurse practitioners and physicians.  Verified client information to ensure proper insurance information and resolved customer service issues.         October 2009   to   October 2014     Company Name    City  ,   State    Administrative Assistant/ Home manager        Advanced to increasingly responsible positions, culminating in management role with oversight for a state certified Group home.  Directed 12 employees and managed inventory, merchandise and cost controls resulting in 20% annual savings.  Maintained high standards in sanitation and safety and complied with regulatory guidelines.  Completed balanced billing, authorization verification, and 3806 forms for payment.  Completed background checks, fingerprinting, and employee information hiring packets for new hires.          Education and Training          Organizational Leadership  Masters Business Administration    Organizational Leadership       May 6, 2017     University of Findlay           International Business   MBA    International Business              Lean Six Sigma Black Belt Certification           March 31, 2017     University of Michigan           Health Care Administration   Bachelors of Science    Health Care Administration       May 2015     Mercy College of Ohio              Associates of Science           May 2013     Wayne County Community College                  Magna cum Laude        Activities and Honors    I am an experienced corporate professional with 10 years of progressive accomplishments, and work history. I am highly diversified with interpersonal skills, demonstrated leadership and a strategic thinker for efficient and effective problem solving. I have worked full time while completing my Executive Management MBA with conferral date in May of 2017. My goal is to align and engage my broad, diverse skillset and experience to contribute to meet and exceed plan/budget goals. 
I seek a career opportunity that will leverage my unique skills and qualifications as a business professional. My intent is to utilize my MBA education and work history to establish a mutual relationship, which will impact the bottom line and provide a platform for my career growth and advancement.
*MBA- General Management coursework in accounting, financial management and leadership
*Proven track record implementing successful leadership practices to motivate and manage staff.
*Implemented and directed 5S lean initiative to 127 employees.
*6 years of professional robust leadership and management experience.      Skills    billing, call center, CMS, client, customer service, forms, hiring, insurance, inventory, meetings, office, organizational, processes, protocols, receptionist, reporting, safety, scheduling, Six Sigma, social services, telephone, transportation   ","Job Title: ML Engineer
Requirements: Strong background in git, numpy, pytorch, scikit-learn.
Experience: Minimum 2 years of relevant experience required.
Education: PhD or doctorate preferred.
",,git;numpy;pytorch;scikit-learn,10,2,master,phd,0.0,100.0,0.0,43.88,30.97,0,0,Weak,train,kaggle,HEALTHCARE,,,
PK000957,K00319,J00056,frontend,frontend,"         ASP.NET WEB DEVELOPER           Accomplishments      Won Associate of the Month award at CYIENT  Member of the team which won the Team of the Month award for projects such as DEBTS and eRFA        Experience     April 2015   to   Current     Company Name   City  ,   State     ASP.Net Web Developer        Responsibilities:  Migration of IU Print website (print.iu.edu) from ColdFusion to ASP.Net using MVC Framework.  Create a prototype dashboard for IU Print Analytics module using High Charts.         July 2011   to   July 2014     Company Name   City  ,   State     Software Engineer        Responsibilities:  Designed and developed an application to migrate legacy data to ASP.Net application by providing the ability to validate the data to meet the business rules for the new application.  Design the story board using HTML and CSS and design database for applications by analyzing the customer requirements.  Perform code reviews of the modules developed by other team members and participate in pair programming to improve the coding standards of the overall application.  Preparation of build packages and actively participate in integration and deployment phase of the applications. TECHNICALS SKILLS: Programming Languages: C# Web Technologies: SharePoint 2010, ASP.NET 4.0/3.5/2.0, MVC 4 Application Software: Visual Studio 2008/2010/2013, SQL Server Management Studio Databases: SQL Server 2005/2008 R2, MySQL, Oracle Others: HTML, JQuery, CSS, JavaScript, Bootstrap, JIRA Source Controls: Team Foundation Sever, GitHub, Visual Source Safe PROJECTS AT WORK: 1) LEDGER: Ledger is developed to manage the task of invoice clearance for different finance benefits trust accounts of Pratt & Whitney. It is also used to track invoices charged back to the department budget or to the various business units. The primary objective of this project was to migrate the existing application which was developed in MS-Access to a web based application by implementing security and adding additional business rules. 2) DEBTS (Daily Equity Based Tax Solution): DEBTS is a tool which is used to calculate employee tax based on certain parameters (medical, social security tax factor). It is developed for UTC USA and deals with all UTC employees' daily equity tax. UBS will place a flat file each day in SFTP with all transactions performed by the employees of UTC. The typical flat file contains employee id, country code, tax details etc. DEBTS tool will connect to SFTP and downloads flat file to perform the validation rules, at last tool will decide the record status (there are 3 statuses as Valid, Exception and Pending). User can login to the system and can review the exception records. And also user can rectify the exceptions to move the exception record to valid records and send the funding files to ADP. 3) Supplier Portal Supplier Portal is designed in SharePoint 2010 to collaborate with their authorized suppliers. Supplier Portal is a merge of seven legacy Pratt and Whitney existing applications into a single portal. The features that are available simplify the way their suppliers can access required business & technical information, as well as how they can provide P&W with valuable delivery information. It is one of the main communication portals and it plays a major role in doing business with Pratt & Whitney. Apart from SharePoint 2010, we used SQL Server 2012 and ASP.Net to develop this application. 4) eRFA (electronic Request For Agreement): RFA is an agreement between two parties (Company and Client) before they start the work. This process involved more than eight approvers to approve the agreement. The existing process which involves manual submission has many problems such as knowing status of agreement, percentage of completion and approval status etc. The new eRFA application is developed in SharePoint as an electronic application which has more flexible UI to capture all required data and it eliminated most of the manual efforts in terms of searching for online results and internal applications to validate the data entered by requester, more flexible approval process and status tracking. 5) Export Logging Tool Export Logging Tool is a web based application to collect and log all export activities occurring at Pratt & Whitney Military Engines with a simple interface with an ability to generate various reports required to report of export events. Apart from these features it also includes the facility of uploading bulk data into the database which needs to be validated for the correctness of the data against business rules which determine the type of data that can be uploaded into each column. AWARDS AND PROFESSIONAL RECOGNITION:  Won Associate of the Month award at CYIENT.  Member of the team which won the Team of the Month award for projects such as DEBTS and eRFA.  Stood 3rd in SIASAT's national level talent search examination during high school.          Education          Indiana University            Masters  :   Computer Science    Indiana University - Bloomington Masters in Computer Science, August 2014 - December 2015 (Current GPA: 3.55).            Jawaharlal Nehru Technological University            Bachelor of Technology  :   Computer Science and Engineering    Jawaharlal Nehru Technological University, Andhra Pradesh, India Bachelor of Technology in Computer Science and Engineering, September 2007 - May 2011.        Certifications      RFA        Professional Affiliations    Source Controls: Team Foundation Sever, GitHub, Visual Source Safe of the team which won the Team of the Month award for projects such as DEBTS and eRFA      Skills    Asp, Asp.net, Model View Controller, Model-view-controller, Ms Asp, Mvc, .net, Access, Adp, Application Software, Asp.net 4.0, Associate, Award, Benefits, Bootstrap, Budget, C#, Coding, Css, Database, Databases, Deployment, Engineer, Engines, Exceptions, File, Finance, Html, Integration, Integrator, Invoice, Invoices, Javascript, Jquery, Logging, Long-term Disability, Ltd, Microsoft Sharepoint, Ms Sql Server, Mysql, Oracle, R2, Sap, Secure File Transfer Protocol, Security, Sftp, Sharepoint, Software Engineer, Sql, Sql Server, Sql Server 2005, Sql Server 2012, Ui, User Interface, Visual Studio, Web Based, Coldfusion, Prototype, Prototypes   ","Job Title: Frontend Developer
Requirements: Strong background in angular, css, git, react.
Experience: Minimum 4 years of relevant experience required.
Education: Bachelor's degree in Computer Science or related field required.
",c;c#;css;github;html;javascript;mysql;oracle;sql,angular;css;git;react,0,4,bachelor,bachelor,25.0,0.0,100.0,69.47,42.37,0,0,Weak,train,kaggle,INFORMATION-TECHNOLOGY,,,
P002626,R00656,J00140,frontend,backend,"Summary: Results-driven developer with 1 years of hands-on industry experience.
Technical Skills: angular, css, express, git, html, javascript, react, typescript, vue.
Experience: Total of 1 years experience in software development and team collaboration.
Education: MCA in Computer Applications.
","Job Title: Backend Developer
Requirements: Strong background in django, flask, git, java, postgresql, python.
Experience: Minimum 1 years of relevant experience required.
Education: Relevant practical experience valued; no strict degree requirement.
",angular;css;express;git;html;javascript;react;typescript;vue,django;flask;git;java;postgresql;python,1,1,master,none,16.67,100.0,100.0,43.84,52.63,0,1,Average,test,synthetic,,,,
P002953,R00738,J00078,devops,devops,"Summary: Software engineer with 2 years of experience building scalable applications.
Technical Skills: aws, gcp, git, github, kubernetes, python, sql.
Experience: Total of 2 years experience in software development and team collaboration.
Education: M.Tech in Software Engineering.
","Job Title: DevOps Engineer
Requirements: Strong background in azure, git, kubernetes, linux, python.
Experience: Minimum 4 years of relevant experience required.
Education: Bachelor's degree in Computer Science or related field required.
",aws;gcp;git;github;kubernetes;python;sql,azure;git;kubernetes;linux;python,2,4,master,bachelor,60.0,50.0,100.0,78.98,68.75,1,1,Average,train,synthetic,,,,
PK004190,K01396,J00157,frontend,data_ml,"         EXECUTIVE CHEF       Professional Summary     Executive Chef  with  20  years of experience cooking in American, Mexican, Asian, French and Seafood environments. Prior work as prep cook, line chef, and sous chef.  Energetic culinary professional with a blend of creativity, passion for food and exceptional cooking skills. Works well as a dynamic leader in high-pressure settings.  Bilingual Chef with  20  years in cooking, hiring and training staff, creating schedules and managing labor costs.   Executive Chef possessing an innate skill in creating exceptional menu items. Leads productive working environments that attract top-notch talent.        Skills           American/French classic  cooking technique  Beautiful presentation of food   Mexican/American  cuisine expert  Effective planner  Extensive catering background  Food presentation talent      Employed at  CAMPEON , featured in  Village Voice ""Critics' Picks"" column.  Employed at  LOLITA/REDLULU , featured in  The New York Times  Critics' Picks"" column. Two Stars            Work History      Executive Chef     12/2013  
                                to   08/2014      Company Name   –   City  ,
                              State      Assisted the owner to create a new sports bar/restaurant concept.  Developed recipes and plate presentations.  Responsible for the ordering and choosing Chinaware, small wares, silverware and glassware.  Created Menus, prep lists for each station and delegated duties to each member of the HOH.  Coordinated activities concerning food preparation, kitchen, and storage areas.  Monitored food production areas for safety and sanitation practices and procedures.  Set up production cycles, ensures proper inventory levels were available.  Hands on execution of the line; directing kitchen employees with food production.  Conducted proper pre-meals and other educational seminars with front of the house employees.  Purchased food items and various products for the operation of the restaurant.  Reduced food costs by  28  percent by using seasonal ingredients, setting standards for portion size and minimizing waste.  Managed kitchen staff by recruiting, selecting, hiring, orienting, training, assigning, scheduling, supervising, evaluating and enforcing discipline when necessary.  Maintained updated knowledge of local competition and restaurant industry trends.  Developed menus, pricing and special food offerings to increase revenue and customer satisfaction.  Instructed new staff in proper food preparation, food storage, use of kitchen equipment and utensils, sanitation and safety issues.  Actively involved in cost control, sanitation, menu development, training, recruitment, private dining and catering.  Ensured all staff understood expectations and parameters of kitchen goals and daily kitchen work.  Achieved and exceeded performance, budget and team goals.  Inspected kitchens to observe food preparation quality and service, food appearance and cleanliness of production and service areas.  Created and managed budgets for operations and capital equipment.  Prepared operational reports and analyses and made appropriate recommendations about progress and negative trends.  Planned lunch, dinner and bar menus, as well as special menus for in-house special events and catering.  Properly labeled and stored all raw food ingredients including produce, meat, fish, poultry, dairy and dry goods in the appropriate storage room, walk-in refrigerator, freezer or cooler.         Executive Sous Chef     10/2012  
                                to   11/2013      Company Name   –   City  ,
                              State         Responsible for receiving purchases, checked schedules and opening of the kitchen restaurant.  Catered large corporate events, fashion/restaurant weeks and the holiday season.  Responsible for maintaining cleanliness and order in the absence of the executive chef.  Conducted proper pre-meals and other educational seminars with front of the house employees.  Responsible for running the restaurant when the Executive chef went on vacation.  Prepared food items consistently and in compliance with recipes, portioning, cooking and waste control guidelines.  Promptly reported any maintenance and repair issues throughout our service log.  Expertly managed 40 staff and maintained appropriate staffing levels throughout shifts.         Executive Chef     05/2009  
                                to   08/2012      Company Name   –   City  ,
                              State      Created charts for cleaning efficiency, food and labor controls.  Created detail recipes and standards for menus and specials.  Managed BOH operations at both restaurants in Connecticut.  Reduced food costs by  28  percent by using seasonal ingredients, setting standards for portion size and minimizing waste.  Managed kitchen staff by recruiting, selecting, hiring, orienting, training, assigning, scheduling, supervising, evaluating and enforcing discipline when necessary.  Maintained a skilled kitchen staff by properly coaching, counseling and disciplining employees.  Maintained a skilled kitchen staff by properly coaching, counseling and disciplining employees.  Developed menus, pricing and special food offerings to increase revenue and customer satisfaction.  Actively involved in cost control, sanitation, menu development, training, recruitment, private dining and catering.  Practiced safe food handling procedures at all times.  Successfully reduced the restaurant's annual food and labor costs by  [number]  % through proper budgeting, scheduling and management of inventory.         Working Chef     01/2007  
                                to   01/2009      Company Name   –   City  ,
                              State      An exclusive 100-seat nightclub serving a French/American modern global Tapas menu.  Developed new menu design, recipes and plate presentations.  Overhauled food and labor controls for better efficiency.  Responsible for food and beverage inventory, purchases and controls.  Verified proper portion sizes and consistently attained high food quality standards.  Maintained a skilled kitchen staff by properly coaching, counseling and disciplining employees.  Actively involved in cost control, sanitation, menu development, training, recruitment, private dining and catering.         Lead Line Cook/Sous Chef     01/1992  
                                to   01/2007      Company Name   –   City  ,
                              State         Prepared food items consistently and in compliance with recipes, portioning, cooking and waste control guidelines.  Managed kitchen staff by recruiting, selecting, hiring, orienting, training, assigning, scheduling, supervising, evaluating and enforcing discipline when necessary.  Verified proper portion sizes and consistently attained high food quality standards.  Maintained a skilled kitchen staff by properly coaching, counseling and disciplining employees.  Instructed new staff in proper food preparation, food storage, use of kitchen equipment and utensils, sanitation and safety issues.  Led shifts while personally preparing food items and executing requests based on required specifications.  Achieved and exceeded performance, budget and team goals.  Maintained smooth and timely operations in preparation and delivery of meals and kitchen sanitation.  Properly labeled and stored all raw food ingredients including produce, meat, fish, poultry, dairy and dry goods in the appropriate storage room, walk-in refrigerator, freezer or cooler.  Practiced safe food handling procedures at all times.         Education      Bachelor of Arts  :   Philosophy     2001     City College of New York    -
                          City  ,
                          State        Philosophy Member of Philosophy Club  Received half Scholarship for a Master Degree.         Certifications    NYC Qualifying Certificate in Food Protection # 07-06676
Serv-Safe Certification # 6561937      Skills    Budgeting, charts, concept, Cooking, directing, English, Special Events, fashion, French, Inventory, Optimization, Organizing, policies, presentations, speaker, Purchasing, quality, Receiving, Safety, Scheduling, seminars, Spanish      Additional Information      PRESS 
http://blogs.villagevoice.com/forkintheroad/2014/06/campeon_a_championship_caliber_sports_bar_arrives_in_flatiron.php
http://www.nytimes.com/2012/01/08/nyregion/red-lulu-cocina-in-south-norwalk-review.html?_r=2&partner=rssnyt&emc=rss&
http://www.nytimes.com/2010/08/15/nyregion/15dinect.html     ","Job Title: ML Engineer
Requirements: Strong background in aws, docker, git, numpy, pandas, pytorch.
Experience: Minimum 2 years of relevant experience required.
Education: Master's degree in Computer Science or related field required.
",html,aws;docker;git;numpy;pandas;pytorch,20,2,master,master,0.0,100.0,100.0,44.01,46.0,0,0,Weak,train,kaggle,CHEF,,,
PK002550,K00850,J00189,other,fullstack,"         PRODUCT SPECIALIST       Professional Summary    Seeking a full-time opportunity that relates to Business Administration      Core Qualifications          Critical thinking  Eye for detail  Effective multi-tasker  Verbal communication      Territory growth  Business development  Strategic planning  Time management ability            Experience     10/2015   to   Current     Product Specialist    Company Name   －   City  ,   State      Checked in vendors  Changed and verified prices  Created and tested promotions   Emphasized fast, friendly customer service     Offered product recommendations when appropriate           10/2014   to   10/2015     Sales Representative    Company Name   －   City  ,   State       Cold-called prospective customers to build relationship     Maintained productive relationships with existing customers through exceptional follow-up after sales       Delivered products to customers in timely manner         Established new customer accounts           Evaluated competitors and performed market research             Achieved monthly sales goals               05/2014   to   05/2016     Fitness Coach    Company Name   －   City  ,   State       Suggested exercise modifications to individual students to avoid strain and injury     Encouraged members to continue attending group fitness classes       Corrected dangerous movements and suggested alternate exercises           Talked one-on-one with members about their fitness needs and eating habits         11/2009   to   10/2014     Assistant Manager    Company Name   －   City  ,   State       Executed cash transactions quickly and accurately     Greeted all customers       Oversaw overnight store operations, including staff assignments and production lists         Delegated tasks to team members to optimize productivity           Supervised  5-7  employees per shift             Ordered and shelved weekly sale items for customers         Developed positive vendor relationships    Verified inventory counts   Bookkeeping back-up               Education     November 2015       Business Administration    AIB College of Business   －   City  ,   State      Business Administration       May 2014       Business Administration    Des Moines Area Community College   －   City  ,   State      Business Administration        Personal Information        Place of Birth: Pella, Iowa  Date of Birth: March 16th, 1993  Present Resident in Knoxville, Iowa  Sex: Female  Status: Married  Hobbies: Travel, Hiking, Biking, Reading, Writing        Skills    Microsoft Office (Word, Excel, Outlook, and PowerPoint), great organizational skills, self-starter, excellent problem solver      Additional Information     Volunteer Work (March 2015 to Current)  Marion County Humane Society, Knoxville, Iowa   walked dogs  worked on obedience training     ","Job Title: Full Stack Developer
Requirements: Strong background in aws, git, javascript, python, sql.
Experience: Minimum 1 years of relevant experience required.
Education: Bachelor's degree in Computer Science or related field required.
",,aws;git;javascript;python;sql,0,1,bachelor,bachelor,0.0,0.0,100.0,33.28,23.32,0,0,Weak,train,kaggle,FITNESS,,,
P002829,R00707,J00057,data_ml,data_ml,"Summary: Results-driven developer with 4 years of hands-on industry experience.
Technical Skills: aws, deep learning, machine learning, postgresql, python, pytorch, scikit-learn, tensorflow.
Experience: Worked for 4 years as a software engineer delivering production systems.
Education: PhD in Machine Learning.
","Job Title: ML Engineer
Requirements: Strong background in aws, deep learning, docker, numpy, python, sql, tensorflow.
Experience: Minimum 4 years of relevant experience required.
Education: PhD or doctorate preferred.
",aws;deep learning;machine learning;postgresql;python;pytorch;scikit-learn;tensorflow,aws;deep learning;docker;numpy;python;sql;tensorflow,4,4,phd,phd,57.14,100.0,100.0,85.06,79.12,1,2,Good,train,synthetic,,,,
PK006356,K02118,J00065,other,backend,"         ADMINISTRATIVE ASSISTANT       Summary     Determined and proactive Administrative Assistant who works with a sense of urgency to anticipate the needs of senior-level executives. Thrives in a fast paced, dynamic environment.       Highlights          Microsoft Office proficiency  Proper phone etiquette  Articulate and well-spoken  Time management  Excel spreadsheets  Meticulous attention to detail  Professional and mature  Strong problem solver  Invoice processing  Works well under pressure  Human resource laws knowledge  Social media knowledge  Understands grammar  Appointment setting  Database management  Customer service-oriented  Labor relations  Payroll  Mail management  Meeting planning  Travel administration      Brand development  Multi-media marketing  Trade shows  Google analytics  Knowledge of market trends  Direct mail campaigns  Special events planning  Adobe Illustrator  Adobe InDesign  Skilled negotiator  Floor set design  POS systems knowledge  Retail buying  Friendly and outgoing  Employee scheduling  Superb sales professional  Administrative support specialist  Self-starter  Executive presentation development  Business correspondence  Organized  High-end fashion knowledge  Strong communication skills              Accomplishments     Sales   Surpassed all sales goals by 25%.   Increased sales by 50%-75% over a two year period.   Managed a successful sales team of 25+ members who consistently exceeded sales goals by 15% each month.   Process Improvement   Created new departmental procedures manual.   Assessed organizational training needs.   Competitive Analysis   Performed competitive analysis to make recommendations for future company growth.    Marketing   Implemented marketing strategies which resulted in [X%] growth of customer base.   Creative Problem Solving:   Resolved product issue through consumer testing.   Formally recognized for playing an instrumental role in the implementation of cost savings measures.  Planned and executed all aspects of a major office headquarter move.        Experience     01/2014   to   Current     Administrative Assistant    Company Name          Calendar Management; overseeing/scheduling appointments, meetings, travel arrangements, catering preparations, etc.  Provide general administrative support and working on special projects as assigned to designated departments (sales, PR, licensing and e-commerce).  Assist showroom account executives in sales appointments  Recording and updating sales reports; analyzing trends and opportunities for growth based on accounts and price point.  Overseeing all new door approvals for licensing accounts; researching new prospects, scanning and filing incoming contracts as they are executed.  Maintain licensee and internal directories, door distribution lists, seasonal line sheets and price points.  Preparation of business reviews, presentations, market recaps, bi-monthly selling information.  Responsible for measuring, reporting and analyzing key performance indicators for e-commerce site.  Managing analytics programs to evaluate site performance to improve conversions.         10/2010   to   01/2014     Assistant Director    Company Name          Developed several business building programs and incentives, including but not limited to, rewards program, membership program, weekly/yearly promotions, staff education and training, etc.  Handling all buyer responsibilities; purchases high volumes of company retail inventory, analyzing sales trends, consumer preferences and seasonal variables for purchasing allowances and fluctuations.  Fulfilling high volumes of calendar management, overseeing approximately 25-employee work schedules (appointments, travel arrangements, meetings, time-off, coverage, etc.).  Coordinating and creating visual merchandising and marketing collateral; preparing all in-store displays, web/print advertisements, brochures, gift cards, web-pages, banners, etc.  Designing trainings, protocol manuals and evaluation rulers for new hires and existing employees in areas including customer service, service performance/quality, retail/up selling, etc.  Preparing biweekly payroll, ensuring payments were accurate based on employee commissions/hourly wages and tax information on file.  Overseeing delivered customer service, ensuring the upheld use of company standards and addressing any consumer complaints, discrepancies, etc.  Executing company ""HR"" obligations; advertising job opportunities, interviewing/hiring, trainings, evaluations, pay negotiations, terminations, vacation/time-off requests and new hire paperwork/document verification.         09/2010   to   01/2011     Technical Design Intern    Company Name        - Attending daily fit meetings; evaluating the status and functionality of samples based on updates before approving for production.
- Creating/updating line sheets, updating tech-packs with garment and costing specifications
- Support staff; assisting with CAD updates/changes, organizing line books, scheduling fit models, meetings, etc.       07/2010   to   08/2010     Public Relations Intern    Company Name          Updating daily log of Google Alerts and all other brand features in the press  Formally documenting and archiving press releases/clippings  Coordinating sample traffic between PR dept. and celebrities, photo shoots magazines, etc.  Confirming/tracking the return of samples from accounts/contacts  Planning and preparing high-profile events, ensuring necessary items were available for execution. Event list includes First Fashion Night Out (at flagship store w/ guests such as Anna Wintour and Kate Hudson), Hamptons Pop-Up Store, etc.          Education     2015     Bachelors of Business Administration  :   Fashion Merchandising    LIM College   －   City  ,   State              Skills      Familiar with HR functions/duties  Proven abilities in account management  Strong analytical skills  Superior communication skills  Proficient in MS Office, Adobe Illustrator, In Design and Photoshop        Languages    - Fluent in English & Spanish   ","Job Title: Backend Developer
Requirements: Strong background in django, fastapi, mongodb, mysql, spring boot.
Experience: Minimum 4 years of relevant experience required.
Education: Master's degree in Computer Science or related field required.
",,django;fastapi;mongodb;mysql;spring boot,0,4,bachelor,master,0.0,0.0,0.0,43.23,10.81,0,0,Weak,test,kaggle,PUBLIC-RELATIONS,,,
PK002820,K00940,J00135,backend,backend,"         RESEARCH MOLECULAR/RESEARCH  MICROBIOLOGIST/RESEARCH ECOLOGIST (RESEARCH ASSOCIATE)       Professional Summary     Fully credentialed LPN with experience providing compassionate care in a hospital environment.  Experienced LPN licensed in AZ with strong clinical and people skills.       Core Qualifications          Wound care expertise  Clinical training  Wound cleaning/care ability  Strong medical ethic  Strong clinical judgment  Advanced Cardiac Life Support (ACLS) certification  CPR/BLS certified  Drug administration trained  Talent in obtaining/charting vital signs      Problem resolution ability  Enthusiastic caregiver  Patient/family focused  Practiced in sterilization techniques  AED certification  Abides by infection control standards  Accomplished in colostomy care  Patient positioning understanding            Experience     July 2012   to   July 2015     Company Name    City  ,   State    Research molecular/Research  Microbiologist/Research Ecologist (Research Associate)        Inspected, tested and measured materials, products and installations to spec.  Analyzed and interpreted blueprints, data and manuals to determine precise specifications.  Recommended corrective actions to minimize rate of product defects.  Weighed raw data, reviewed parts history and organized results prior to quality analysis.  Analyzed manufacturing data against functional design and expected quality results.  Handled, measured and mixed chemicals following prescribed methods and testing requirements.  Implemented testing of highly available COTS applications in both Windows and Linux environments.  Led cross-functional team evaluations of production metrics and test results.  Documented, filed and maintained proper inspection records and quality assurance documents.  Conducted material inspections of incoming aircraft.  Collaborated with health specialists and civic groups to determine community health needs and the availability of services and to develop goals for meeting needs  Identified and analyzed public health data to develop relevant programs and policies.  Drafted and revised reports, articles and background papers.   Wrote CDC reports on effective prevention and intervention initiatives adopted by the agency.  Conducted experiments to achieve research goals  Created technical and research documents such as environmental impact reports.  Analyzed the environmental conditions affecting plants and animals.  Demonstrated individual and team laboratory tests.  Developed effective working relations with groups, individuals, agencies and the public.  Created data using wet lab molecular techniques.  Designed and directed experiments using multiple wet lab molecular techniques.  Directed several molecular cloning projects.         July 2012   to   April 2013     Company Name    City  ,   State    Caregiver        Observed and documented patient status and reported patient complaints to the case manager.  Read and recorded temperature, pulse and respiration.  Completed and submitted clinical documentation in accordance with agency guidelines.  Collected urine and fecal samples.  Assisted with adequate nutrition and fluid intake.  Directed patients in prescribed range of motion exercises and in the use of braces or artificial limbs.  Facilitated games and other activities to engage clients.  Positioned residents for comfort and to prevent skin pressure problems.  Assisted with transferring residents in and out of wheelchairs and adaptive equipment.  Tended to patients with chronic illnesses.  Charted daily information on the residents such as mood changes, mobility activity, eating percentages, and daily inputs and outputs.  Recognized and reported abnormalities and/or changes in  patients' health status to nursing staff.  Documented resident records on daily flow sheets.  Assisted with ADLs.  Provided patients and families with emotional support.  Exhibited compassionate care and communication with regard to issues of death and dying.  Sensitive to the needs of geriatric patients.  Promoted continuity of care by accurately and completely communicating to other caregivers the status of patients for which care is provided.  Promoted personal and co-worker safety.  Maintained a clean, orderly and well-stocked environment.         July 2009   to   March 2012     Company Name    City  ,   State    Department Manager        Delivered excellent customer service by greeting and assisting each customer.  Addressed customer inquiries and resolved complaints.  Opened a new store location and assisted in recruiting and training new staff.  Stocked and restocked inventory when shipments were received.  Reorganized the sales floor to meet company demands.  Directed and supervised employees engaged in sales, inventory-taking and reconciling cash receipts.  Wrote order supply requests to replenish merchandise.  Trained staff to deliver outstanding customer service.  Addressed and corrected sales staff communication issues in a tactful and effective manner.  Contributed to merchandising ideas at team sale meetings.  Opened and closed the store, including counting cash, opening and closing cash registers and creating staff assignments.  Placed special merchandise orders for customers.  Shared product knowledge with customers while making personal recommendations.  Demonstrated that customers come first by serving them with a sense of urgency.  Worked as a team member to provide the highest level of service to customers.  Maintained friendly and professional customer interactions.  Verified that allmerchandising standards were maintained on a daily basis.         April 2003   to   June 2009     Company Name    City  ,   State    Service Director        Examined vehicles to determine the extent of damage or malfunctions.  Communicated with customers regarding vehicle issues and potential repairs.  Maintained a 95% customer service satisfaction rating.  Organized work records and filed reports.  Reviewed the work of 20 auto mechanics.  Guided mechanics with decisions concerning repair and replacement of parts.  Created training manuals targeted at resolving even the most difficult customer issues.  Developed, implemented and monitored programs to maximize customer satisfaction.  Interviewed, hired and trained new quality customer service representatives.  Provided detailed monthly departmental reports and updates to senior management.  Addressed negative customer feedback immediately.  Provided a high level of product and leadership support to representatives and clients.  Effectively communicated with team members to maintain clearly defined expectations.  Effectively managed departmental expenses to stay within allocated budget.  Resolved customer questions, issues and complaints.  Developed and implemented policies, procedures and process improvement initiatives to improve retention rates and increase customer satisfaction.  Recommended changes to existing methods to increase the accuracy, efficiency and responsiveness of the customer service department.  Generated and distributed daily reports and order acknowledgments to appropriate personnel.  Served as mentor to junior team members.  Initiated program that standardized employee training and led to increase in customer satisfaction by 12%.  Effectively controlled the release of proprietary and confidential information for general client lists.  Reviewed and provided comments on the adequacy of documents and took necessary steps to cure any deficiencies.  Prepared correspondence, accounting and financial documents for analysis.          Education     2015     Brown-Mackie College   City  ,   State  ,   USA    LPN    Certificate     3.5 GPA  Coursework in Nursing         2001     Phoenix College   City  ,   State  ,   USA    EMT-B   Certificate     3.7 GPA  Coursework in   EMT-B            Professional Affiliations     Board Member Camp Verde Chamber of Commerce       Personal Information    My long-term goals involve growing with a company where I can continue to
learn, take on additional responsibilities, and contribute as much of value as I can.      Certifications     Licensed LPN  EMT-B       Publications     HIPPA  Diabetes Type 2       Skills     Cash handling  Shipping and receiving  Professional and friendly  Careful and active listener  Multi-tasking  Computer  Hand and power tools        Community Service     Habitat For Humanity  Toys for TOTS Toy Collection    ","Job Title: Backend Developer
Requirements: Strong background in django, git, java, postgresql, python.
Experience: Minimum 4 years of relevant experience required.
Education: Bachelor's degree in Computer Science or related field required.
",linux,django;git;java;postgresql;python,0,4,bachelor,bachelor,0.0,0.0,100.0,41.84,25.46,0,0,Weak,test,kaggle,AGRICULTURE,,,
P002002,R00500,J00057,backend,data_ml,"Summary: Results-driven developer with 2 years of hands-on industry experience.
Technical Skills: flask, java, postgresql, python, sql.
Experience: Total of 2 years experience in software development and team collaboration.
Education: Bachelor of Science in Information Technology.
","Job Title: ML Engineer
Requirements: Strong background in aws, deep learning, docker, numpy, python, sql, tensorflow.
Experience: Minimum 4 years of relevant experience required.
Education: PhD or doctorate preferred.
",flask;java;postgresql;python;sql,aws;deep learning;docker;numpy;python;sql;tensorflow,2,4,bachelor,phd,28.57,50.0,0.0,55.15,35.22,0,0,Weak,val,synthetic,,,,
PK005910,K01970,J00060,other,backend,"         CONSTRUCTION MANGER III         Summary     Motivated Professional Construction Manager with excellent interpersonal skills. Works in a timely and efficient manner to see tough jobs through to completion. Bringing valuable experience from large corporate construction sites, as well as residential home repair projects.       Highlights          CPR certified and standard first aid  Storm Water Compliance Manager  Ultraweld Exothermic Connection training  Knowledge of transformers, high voltage switchgear, automatic tansformer Switch, Single and Three-phase power Proficient in; MS Excel, MS Word Excellent  customer service, conflict resolution and Job prioritization              Experience      City  ,   State    Construction Manger III   07/2014   to   07/2015       Provided accurate measurements and estimates for all projects and meet budget expectations.  Climbing and working on communications towers for the purpose of installing, replacing, and repairing antenna systems equipment; performed tower maintenance under close supervision.  As an experienced Tower Manager, lead in the construction, installation, and maintenance of communications to tower and support structures.  Implemented systems to improve process efficiency and reduce the project duration.  Scheduled all contractors and materials deliveries.  Responsible for managing the overall project execution performance including scope, cost, safety, quality, schedule, implementation, and customer satisfaction.  Serve as a single-point of contact, between project management and construction execution.  Providing oversight during construction on all assigned construction projects.  Able to establish, maintain, and manage subcontractor relationships.  Assuring we have the correct level and talent of subcontractors to maintain our construction schedules and level of work.  Developed detailed materials take off and scope of services lists from RFDS's and engineered drawings.          Company Name    City  ,   State    Construction Manager II   12/2011   to   07/2014       Adapted and modified standard techniques, procedures and criteria to solve complex problems.  Worked closely with network administrators and server engineers to ensure quality service.  8 years information technology experience.  Oversee for more than 100 sites and budget responsibility of more than $10M.  Provided overall administrative and technical direction, enforced company and project policies, served as client interface and insure scheduling and communication to meet deadlines dates.  Assure quality of tasks, products and services to include site visits and audits.  Assigned tasks to subordinate staff and evaluated performance.  Ability to read blue prints, and work under pressure to meet project deadlines.  Determine if any structural repairs are needed, and takes action such as by tightening bolts to account for bent steel.          Company Name    City  ,   State    Construction Manager II   11/2008   to   11/2011       Design walks and redlines Coordinate ordering of Utilities for new built sites Completed projects by effectively applying engineering, technical and maintenance procedures.  Overseeing multiple contractors and sites on a daily basis.  Collaborating and working with municipalities of site requirements.  Order site equipment.  Responsible for managing clear wire build-out in the Las Vegas market.          Company Name    City  ,   State    Superintendent   10/2007   to   11/2008       Supervise crew from beginning to end of project.  Schedule all inspections, permits on daily basis.  Budget analysis of current and upcoming project jobs.  Attend pre-construction meetings with customers.  Order and manage materials & equipment.  Create schedules for crews.  Create construction schedule for customers Build and install communications sites Install electrical services to sites Install grounding systems related to communications sites Form up concrete slabs, for equipment and pour Climb towers to install communications antennas and coax Sweep Test coax to ensure installation, punch-list sites after completion.  Developed standard operation procedures and quality or safety standards for tower installation work.  Managed the development, design and construction of tower energy conservation projects to ensure acceptability of budgets and time lines, conformance to federal and state laws or adherence to approved specifications.          Education      High School Diploma     1991     El Dorado High School  ,   City  ,   State              Skills    administrative, Blueprint, Budget analysis, Budget development, budgets, budget, interpersonal communication, Compliance Manager, conflict resolution, CPR certified, client, customer satisfaction, Excellent
customer service, Dependable, design and construction, detail-oriented, direction, energy conservation, equipment maintenance, first aid, information technology, managing, market, materials, meetings, MS Excel, MS Word, multi-tasking, network, policies, improve process, Project management, quality, read, repairs, repairing, Safety, scheduling, supervision, Switch, switchgear, transformers, Utilities   ","Job Title: Backend Developer
Requirements: Strong background in aws, docker, fastapi, java, mysql, python, spring boot.
Experience: Minimum 1 years of relevant experience required.
Education: PhD or doctorate preferred.
",,aws;docker;fastapi;java;mysql;python;spring boot,8,1,bachelor,phd,0.0,100.0,0.0,46.5,31.62,0,0,Weak,train,kaggle,CONSTRUCTION,,,
P000072,R00018,J00138,devops,devops,"Summary: Recent graduate seeking entry-level opportunity with strong project work.
Technical Skills: azure, docker, git, kubernetes, python.
Experience: Academic projects and internships covering design and implementation.
Education: M.Tech in Software Engineering.
","Job Title: DevOps Engineer
Requirements: Strong background in azure, docker, git, python, sql.
Experience: Minimum 4 years of relevant experience required.
Education: Bachelor's degree in Computer Science or related field required.
",azure;docker;git;kubernetes;python,azure;docker;git;python;sql,0,4,master,bachelor,80.0,0.0,100.0,84.53,68.13,1,1,Average,test,synthetic,,,,
PK003269,K01089,J00021,other,frontend,"         SALES ASSOCIATE           Summary    To utilize my business, communication, and human relation skills to further myself in the organization I work for.  Dedicated and focused  Legal Support Assistant II  who excels at prioritizing, completing multiple tasks simultaneously and following through to achieve project goals. Seeking a role of increased responsibility and authority.        Skills          Microsoft Office proficiency  Time management  Meticulous attention to detail  Professional and mature  Strong problem solver  Resourceful  Dedicated team player  Strong interpersonal skills  Understands grammar                 Experience         March 2013   to   Current     Company Name         Duties
include: Assisting prosecuting attorneys in the Misdemeanor Unit with cases
including obtaining police reports, blood, EPAS (Evidentiary Preliminary
Alcohol Screening) and PAS (Preliminary Alcohol Screening) results, generate
subpoenas with knowledge of Subpoena Ducas Tacum and personal services, skilled
in running CLETS (Rap Sheets, DMV, FBI, etc.) with the ability to read and
understand the latter, knowledge in ordering suspension packets/DMV records
from the Department of Motor Vehicles and ordering DUI priors from out of
county courts. Clerical duties include entering, updating and closing out cases
in the Case Management System with accuracy and efficiency, filing FTAs
(failure to appear), future dates, and closeout files with in a timely manner.
Ability to run calendars (main, add-on, and in-custodies) from both Genesis and
the Judicial System (Court). Skilled in the answering of phones from the
public, defense attorneys, agencies (police departments, sheriffs, as well as
out of country), prisons, and inner office. Ability to multi-task and solve
problems quickly and proficiently when the need arises. Assist with reception
and discovery, which includes dealing with the public and currency in a timely
manner. Back up for Discovery and updating discovery log
and log outs, Accept Cash or check transactions for Discovery fees, work on
Microsoft Excel and Word. Type felony complaint forms and type misdemeanor
complaint forms. Maintain records by assisting on the following systems:
Case Management System (CMS), Genesis, Judicial Access and organize files. Operate a variety of
standard office equipment. Enter Complaint forms both misdemeanor and felony.
Then Teardown and Prep files for court both misdemeanor and felony. Answer
Phone calls and assist the public, Answer requests, Back-up at Reception Desk,
File Documents, Enter Direct Files and Close out files in CMS. Work the
incoming faxes and deliver to the proper person. Order various forms per
request of the Attorney's.  

            July 2012   to   March 2013     Company Name   －   City  ,   State               September 2007   to   February 2013     Company Name   －   City  ,   State     

Air Force Village West
is a facility that provides military officers a retirement home. We provide
medical care, housing assistant and food services. I work in the Food Service
area, Attend dining tables, Take orders, Stocking, Cashier, Cooking, Working
copy machine, Working on Word and Excel, Scheduling, Time management,
Inventory, Cleaning, Washing, Reading temperatures, Lead, Answering requests,
Maintain records, Operate a variety of standard office equipment, Aid to
residents and Assist our retired personal with any needs they might have. 

         Sales Associate    September 2006   to   June 2008     Company Name   －   City  ,   State    Cashier, Customer
Service, Merchandising, Stocking, Working with money, Inventory, Cleaning.        Personal Information    I have come to love being involved with the organization that I work for, I might add, I also have come to love the people I work with and am glad to say I have made some new friends. I have learned quite a lot working here for about five years, and hope to continue learning more. I enjoyed volunteering for a Special Education Assistance Program for four years. I also enjoy the outdoors, spending time with family and friends.      Skills    Academic, Air Force, Attorney, Back-up, Case Management, Cashier, Clerical, closing, Cooking, Customer Relations, Customer Service, faxes, organize files, filing, Financial, forms, Inventory, Marketing, Merchandising, Access, Microsoft Excel, Excel, money, Office, Word, office equipment, copy machine, police, Problem Solving, Quick, Reading, read, Reception, Maintain records, Retail Sales, Scheduling, tables, phones, Phone, Time management, Type      Education and Training      Bachelor of Arts   :   Sociology  ,   2017    California Baptist University   －   City  ,   State                Social Behavior  ,   2012    Riverside City College   －   City  ,   State                Arts  ,   2012    Riverside City College   －   City  ,   State              High School Diploma   :   General Studies  ,   2008    Martin Luther King High   －   City  ,   State      General Studies Retail Sales and Marketing-Regional Occupation Program, in which I sold food, handled cash, stocked, took inventory and cleaned. 
Spark-Students Participating Academic Recognition for King, a special program to recognize students who did well in their studies.
 K-12        Additional Information      I have come to love being involved with the organization that I work for, I might add, I also have come to love the people I work with and am glad to say I have made some new friends. I have learned quite a lot working here for about five years, and hope to continue learning more. 
*        Interests     
I enjoyed volunteering for a Special Education Assistance Program for four years. I also enjoy the outdoors, spending time with family and friends.     ","Job Title: Frontend Developer
Requirements: Strong background in angular, git, github, html, javascript.
Experience: Minimum 2 years of relevant experience required.
Education: Relevant practical experience valued; no strict degree requirement.
",,angular;git;github;html;javascript,0,2,bachelor,none,0.0,0.0,100.0,36.73,24.18,0,0,Weak,test,kaggle,SALES,,,
P000481,R00120,J00135,backend,backend,"Summary: Results-driven developer with 6 years of hands-on industry experience.
Technical Skills: aws, django, docker, fastapi, git, java, postgresql, spring boot.
Experience: Total of 6 years experience in software development and team collaboration.
Education: Bachelor of Science in Information Technology.
","Job Title: Backend Developer
Requirements: Strong background in django, git, java, postgresql, python.
Experience: Minimum 4 years of relevant experience required.
Education: Bachelor's degree in Computer Science or related field required.
",aws;django;docker;fastapi;git;java;postgresql;spring boot,django;git;java;postgresql;python,6,4,bachelor,bachelor,80.0,100.0,100.0,88.04,89.01,1,3,Strong,train,synthetic,,,,
PK005269,K01756,J00022,devops,data_ml,"         ENGINEERING PROJECT MANAGER         Summary    Eleven  years of experience in Analog, RF and Mixed Signal Layout Design at module and Chip levels for 180nm, 65nm, 45nm, 28nm TSMC, 14FF Samsung  foundry and 10nm Intel. Experienced in planning, tracking and executing tasks to meet desired deadlines.       Skills          Aware of Analog Layout fundamentals like Device matching, shielding, Isolation, ESD, Latchup, Antenna, EM, DFM  Physical verification layout using tools like K2Ver, Hercules, Caliber, Assura  Used auto routers tools like ICCT, Chip
Assembly router, Aprisa, VSR on various blocks to reduce manual effort      Used post layout parasitic extraction tools  Used  Nucleus (TI internal tool for ESD and Latchup),
SPIRE (TI internal
tool for EMIR analysis), Voltrace (TI internal tool for High voltage  checks   Used data management tools like Synchronicity and IC
manage              Relevant Experience      Current Company: Aricent Inc.  Client:  Intel USA
I am currently being trained in Genesys tool and 10nm Intel flow.  I am working on blocks like LDO to begin with.  Client:  Qualcomm Pvt Ltd India
 WTR-RX/TX SYNTH in 14FF (Samsung foundry) : Duration of project - 6 months
I managed a team of 6 who worked on WTR synth project done in 14FF Samsung foundry.  This is one of the most challenging tasks in my career, as this is the first RF task that I have worked in FF technologies.  To overcome the challenges I have undergone various FinFet related trainings to understand the process and its impact on layout.        Experience      Engineering Project Manager  ,   12/2012   to   06/2017    Company Name          I used Gantt chart to schedule the tasks for each individual.  I also used XL sheet to track the progress and issues on a more micro level.  These sheets certainly helped us to plan the next project much better.  WTR-RX/TX SYNTH in 28nm (TSMC) : Duration of project - 6 months
I lead a team of 4 which supported a project which was being done at Qualcomm USA.  My role in this project was to have regular discussion with US designers to understand their requirements, later communicate these requirements with my team and also track the deliverables.  I also handled some portion of the TOP level layout tasks.  I worked on blocks like HFVCO, Regulator, VCO Buffer and LPF during this project.  I used Gantt chart to schedule the tasks for each individual.  I also used XL sheet to track the progress and issues on a more micro level.  WTR QLNA Daisy Chain 180nm (TSMC) : Duration of project - 0.5 months
For this particular project I had regular discussions with the Packaging team to create the best Daisy Chain structures for a WLP CHIP which I had work on previously.  I also went through the entire process of Tape Out of this CHIP which included uploaded Tapeout related files to the database and reviewing the eJV sent to the FAB.  WTR QLNA Metal Variants Tapeout 180nm (TSMC) : Duration of project - 0.5 months
We needed metal variants for the QLNA chip which I previously worked on.  In design we leave scope for meal options which can be used to study certain features better during testing.  Here I worked on creating four chips with different metal variant options.  I also went through the entire process of Tape Out of this CHIP which included uploaded Tapeout related files to the database and reviewing the eJV sent to the FAB.  WTR QLNA in 180nm (TSMC) : Duration of project - 5 months
This was my first project in 180nm TSMC process.  In this project I mentored one other junior in my team who worked on MBIAS block while I worked in creating the LNA.  WTR RX BBF in 28nm (TSMC/UMC) : Duration of project - 4 months
I lead a team of 4 which supported a project which was being done at Qualcomm USA.  My role in this project was to have regular discussion with US designers to understand their requirements, later communicate these requirements with my team and also track the deliverables using Gantt chart and XL sheet.  I worked on the top level and few sub-blocks of BBF in this project.  WTR FBRX in 28nm (TSMC) : Duration of project - 4 months
This task was about working on FBRX module which was previously done.  There we few issues seen with this blocks performance in post silicon verifications.  My role in this task was to identify the IQ imbalance which caused performance issues and fix them.  I was able to meet the designers requirements in this task and was very much appreciated by him once the task was done.  WTR Low Band Low Noise Amplifier 28nm (TSMC) : Duration of project - 3 months
This is a Low Band LNA which operates between 860 - 900 Mhz frequencies.  Here layout constraints like coupling, inductance and symmetry were taken care while doing layout.  Majorly the input devices to which RF_IN signal were given extra care w.r.t coupling and symmetry.  WTR Mixer, Attenuator in 28nm (TSMC) : Duration of project - 10 months
This is the first project which I worked on in RF domain and I had a wonderful experience working on this project.  The blocks that I worked in this project were for a product chip and hence the amount of learning was tremendous in this project.  The blocks were ready on time with good quality.          Senior Analog Layout Engineer  ,   10/2011   to   12/2012    Company Name                Member of Technical Staff  ,   06/2006   to   09/2011    Company Name                Education and Training      Bachelor of Engineering  :  Electrical and Electronics  ,  2006    Visvesvaraya Technological University   －   City  ,     India    Electrical and Electronics          Skills    Cadence, Data management, database, debugging, features, IQ, layout, layout design, LINUX, meetings, mentor, Windows, migration, next, Operating Systems, Packaging, progress, project management, quality, Real Time, Router, Routers, Sun-Solaris   ","Job Title: ML Engineer
Requirements: Strong background in pytorch, scikit-learn, sql, tensorflow.
Experience: Minimum 4 years of relevant experience required.
Education: Bachelor's degree in Computer Science or related field required.
",linux,pytorch;scikit-learn;sql;tensorflow,0,4,bachelor,bachelor,0.0,0.0,100.0,36.99,24.25,0,0,Weak,train,kaggle,ENGINEERING,,,
P002847,R00711,J00129,frontend,fullstack,"Summary: Motivated engineer with 4 years of experience across full project lifecycles.
Technical Skills: angular, express, git, github, html, javascript, sql, typescript.
Experience: Total of 4 years experience in software development and team collaboration.
Education: BCA in Computer Applications.
","Job Title: Full Stack Developer
Requirements: Strong background in docker, javascript, python, react, sql, typescript.
Experience: Minimum 1 years of relevant experience required.
Education: PhD or doctorate preferred.
",angular;express;git;github;html;javascript;sql;typescript,docker;javascript;python;react;sql;typescript,4,1,bachelor,phd,50.0,100.0,0.0,68.55,57.14,0,1,Average,train,synthetic,,,,
P002742,R00685,J00169,backend,fullstack,"Summary: Software engineer with 5 years of experience building scalable applications.
Technical Skills: aws, docker, java, linux, mongodb, mysql, spring boot, sql.
Experience: Worked for 5 years as a software engineer delivering production systems.
Education: BCA in Computer Applications.
","Job Title: Full Stack Developer
Requirements: Strong background in express, javascript, python, react.
Experience: Minimum 2 years of relevant experience required.
Education: Master's degree in Computer Science or related field required.
",aws;docker;java;linux;mongodb;mysql;spring boot;sql,express;javascript;python;react,5,2,bachelor,master,0.0,100.0,0.0,36.89,29.22,0,0,Weak,val,synthetic,,,,
P001501,R00375,J00130,backend,backend,"Summary: Motivated engineer with 4 years of experience across full project lifecycles.
Technical Skills: aws, docker, fastapi, git, linux, mongodb, postgresql, python, spring boot.
Experience: 4 years of professional experience including design, testing and deployment.
Education: MCA in Computer Applications.
","Job Title: Backend Developer
Requirements: Strong background in flask, mysql, spring boot, sql.
Experience: Minimum 4 years of relevant experience required.
Education: Bachelor's degree in Computer Science or related field required.
",aws;docker;fastapi;git;linux;mongodb;postgresql;python;spring boot,flask;mysql;spring boot;sql,4,4,master,bachelor,25.0,100.0,100.0,63.03,60.76,1,1,Average,val,synthetic,,,,
P001550,R00387,J00025,data_ml,backend,"Summary: Software engineer with 3 years of experience building scalable applications.
Technical Skills: docker, git, postgresql, python, pytorch, scikit-learn, sql, tensorflow.
Experience: Worked for 3 years as a software engineer delivering production systems.
Education: M.Tech in Software Engineering.
","Job Title: Backend Developer
Requirements: Strong background in django, fastapi, flask, mongodb.
Experience: Minimum 4 years of relevant experience required.
Education: Bachelor's degree in Computer Science or related field required.
",docker;git;postgresql;python;pytorch;scikit-learn;sql;tensorflow,django;fastapi;flask;mongodb,3,4,master,bachelor,0.0,75.0,100.0,38.06,39.52,0,0,Weak,train,synthetic,,,,
PK005365,K01788,J00027,frontend,data_ml,"         ENGINEERING TEAM LEAD       Career Overview     Engineering Team Lead with years of experience working at every level and stage of the software development life-cycle. Independently motivated to discover new techniques through self evaluation and improvement. Qualified in coaching individuals and teams on Agile and Scrum principles. Detail-oriented professional with extensive software development experience using a wide variety of languages. Believes success is defined by highest value delivered in shortest amount of time.       Qualifications          Agile coach  Product owner  Team lead  Scrum master      Web application development  UI design  Relational database design            Skills      ASP, C#, VB.NET, SOAP, REST  JQuery, Bootstrap, CSS, HTML5  MSSQL, MYSQL, DTS, SSIS, SSRS  IIS 5, IIS 6  Agile, Scrum, Kanban  Objective C, PHP, Perl        Accomplishments      Designed and prototyped payment processing system for new and legacy applications. Worked closely with product owners and team to ensure project delivery was a success.  Served as agile project manager for multiple application build-outs. Each resulting in long term contracts with clients and new sales.  Coached engineering teams on agile development methodologies in order to bring estimates within 5% of quoted amounts (down from over 100%).  Successfully developed and implemented processes for improving customization delivery and service level agreements.        Work Experience      Engineering Team Lead     Mar 2011   to   Current      Company Name   －   City  ,   State    Coordinate the product road-map through facilitating planning meetings and preparing feature-sets. Prepare technical architecture proposals for enhancements and integration of existing third party software systems. Design, document and execute engineering procedures, including customization delivery, escalation and technical modernization enhancements. Coach and mentor individuals on principles of software development.        Software Engineer     Nov 2008   to   Apr 2011      Company Name   －   City  ,   State    Responsible for research, design and development of enhancements to web based applications. Ensure agile software development principles are followed through coaching and mentoring development teams.        Web Developer     Nov 2006   to   Dec 2008      Company Name   －   City  ,   State    Develop and maintain web-based applications.        Jr. Software Engineer     Dec 2005   to   Dec 2006      Company Name   －   City  ,   State    Investigate tier 2 level issues. Perform maintenance level development changes.        Education and Training      Associate of Science  ,   Software Engineering   2015     Milwaukee Area Technical College   －   City  ,   State  ,   US    Working part-time towards an associates under a transfer agreement with MSOE.          Principles of Management   2011     MRA   －   City  ,   State  ,   US       ","Job Title: ML Engineer
Requirements: Strong background in aws, deep learning, numpy, postgresql.
Experience: Minimum 2 years of relevant experience required.
Education: PhD or doctorate preferred.
",c;c#;css;mysql,aws;deep learning;numpy;postgresql,0,2,master,phd,0.0,0.0,0.0,47.98,11.99,0,0,Weak,test,kaggle,ENGINEERING,,,
PK001872,K00624,J00106,other,frontend,"         BUSINESS DEVELOPMENT ANALYST           Summary      I am seeking career as Product Control Analyst in a diverse and multinational company that value integrity, courage, good leadership disposition, enthusiastic leaning, teamwork, and performance; where my comprehensive academic experience in finance, accounting, investment  and management can be effectively utilized.       Highlights         Superior time management  Financial accounting and control management  Financial analysis and reporting  MS Office Suites and QuickBooks  Advanced computer proficiency   Analytical and problem solving abilities  Critical thinking with deadline driven         Strategic and financial planning and modeling  Proficient in SAP (FICO)  Business analysis and valuation   Budgeting   Forecasting and planning            Accomplishments     Led the development of two financial reporting methods to measure productivity and efficiency of two giant Oil and gas companies.       Experience      Business Development Analyst    August 2012   to   Current     Company Name   －   City  ,   State      Managed budget forecasting, goal setting and performance reporting for all accounts.  Analyzed legal documents, including wills, insurance policies and corporate contracts.  Designed and created weekly and monthly spending reports.  Coordinated with underwriters, lenders, loan managers and securitization teams to manage portfolios.  Oversaw investment portfolio analysis, file maintenance and broker verification.  Delivered performance updates, quarterly business reviews and planning meetings.Optimized current revenue streams by networking for additional business prospects with established clients.  Planned strategic brand-building events to expand the product portfolio.  Contacted new and existing customers to discuss how specific products could meet their needs.  Identified, coordinated and participated in client relationship-building activities and meetings.  Answered customer questions regarding products, prices and availability.  Generated new accounts by implementing effective networking and content marketing strategies.  Developed strategies and processes that increased patronage and customer base of the company Effectively managed the development, and implementation of insurance policies for insurance holders Evaluated business trend and adopted strategies that ensure customer satisfaction Maintained strong relationships with existing accounts and develop new accounts Prepared proposals, and managed various meetings and presentations to potential customers Provided quotes to customers, process premium payment, and issued policy update.          Correction and Family Liaison Officer (Part Time)    July 2009   to   Current     Company Name   －   City  ,   State      Routinely reviewed housing assignments and reassigned inmates when needed.  Informed inmates and visitors of rules, safety and security procedures and responsibilities.Maintained daily logs of shift activity.  Diligently implement visitation, safety, security rules, procedures, and precautionary measures Received and inspected mail, property and supplies from visitors on behalf of designated inmates Directed the activities of inmate working on maintenance, operations, and other projects Prepared, processed and maintained forms, reports, logs, records and activity journals Completed new intakes paperwork, *ngerprints, searches, material issued and supplies to inmates.          Customer Service Associate    July 2009   to   July 2012     Company Name   －   City  ,   State      Performed registers audit, assisted in preparing and maintaining inventory records Supervised front end cashiers and organized the store, including the checkout desk and displays Operated cash registers and processed gift cards, coupons, and all payment modes with accuracy Performed sale opening and closing procedures, including counting of cash register Effectively handled customer relations issues and in accordance with company policies.          Account & Finance Officer    January 2007   to   February 2009     Company Name   －   City  ,   State      Managed accounting operations, accounting close, account reporting and reconciliations.  Received, recorded, and banked cash, checks, and vouchers as well as reconciled records of bank transactions.  Prepared monthly and annual expense forecasts, including any necessary recommended action required to manage costs to achieve budget.  Performed general accounting and finance functions including: Developed financial modelling using excel spreadsheet to analyzed, and report financial statements Preparation of journal and ledger entries, account analysis and balance sheet reconciliations.  Built and maintained databases for forecasting future financial performance Presented reports on economic trends of business that enhanced process improvements Managed account payables and receivables.  Researched and resolved billing and invoice issues.          Education      MBA   :   Finance & Management  ,   2014    University of Houston   －   City  ,   State      GPA:   GPA: 3.80/4.00     GPA: 3.80/4.00         BBA   :   Accounting  ,   2007    Ambrose Alli University   －   City  ,   State  ,   Nigeria     Accounting         Skills     General financial accounting and control  Strong analytical and attention detail  Multi-tasking with strong deadline driven  Advanced computer skills (Microsoft Office suites : Word, Excel, PowerPoint, and Access) and QuickBooks.    ","Job Title: Frontend Developer
Requirements: Strong background in express, git, html, javascript.
Experience: Minimum 3 years of relevant experience required.
Education: Bachelor's degree in Computer Science or related field required.
",,express;git;html;javascript,0,3,master,bachelor,0.0,0.0,100.0,37.54,24.38,0,0,Weak,train,kaggle,BUSINESS-DEVELOPMENT,,,
PK006262,K02087,J00086,other,frontend,"         COMMUNICATIONS CONSULTANT       Summary      Client-focused communications professional with nearly 10 years   of internal communications, marketing, and public relations experience. Committed to producing results that deliver a unique blend of creativeness, strategy, and influence to advance company goals.         Technical Skills      Advising C-level executives  Effectively working in a large complex organization with multiple entities  Nonprofit and Public Relations agency experience  Experience in Adobe InDesign creative software and WordPress        Experience      Communications Consultant   08/2017   to   Current     Company Name   City  ,   State       Serves as an advisor, strategist, and writer for senior physician executives, including the Chief Quality Officer.  Authors and leads annual communication strategies designed to motivate, engage, and inform employees and key organizational stakeholders.  Develops internal send-all emails reaching more than 200,000 Kaiser Permanente employees.  Supports senior executives in high-profile speaking engagements including Kaiser Permanente's TEDx talks (10,000 livestream participants), Institute for Healthcare Improvement National Forum (5,500 attendees), and Kaiser Permanente's National Quality Conference (1,000+ attendees).  Built a communications function for the organization's research and development division which included establishing an intranet page, newsletter, monthly ""stand up"" meetings, quarterly all hands meetings, and roadshows to engage employees and key regional stakeholders.  Serves as the national program leader in marketing strategy designed to showcase the organization's clinical advancements to large broker and employer groups.  Rapidly develops stories for external website that feature patient and physician perspectives on a variety of medical advancements.  Led the organization-wide adoption and implementation strategy for new emergency communication system designed to keep employees informed and connected in the event of a crisis.  Serves as the national crisis communication representative for The Permanente Federation and eight Permanente Medical Groups.              Marketing Communications Specialist   06/2015   to   08/2017     Company Name   City  ,   State       Created clear and simple communication materials that empower members and prospects to make the best care decisions possible for themselves and their families.  Provided consultation on communication strategies that support member engagement.   Lead project manager for regional flu communications.  Project managed first kp.org cause-based marketing campaign that outperformed established benchmarks by 125%.   Produced creative print and digital advertising content to favorably position the organization with key member and non-member audiences.  Served as communications consultant and strategist to 22 medical facilities on matters that impact patient care.    Supported Legal department to ensure compliance with annual regulatory notifications to members.   Led cross-functional teams to draft a variety of communication that help members navigate the complexities of their health plan.            Internal Communications Specialist   05/2013   to   06/2015     Company Name   City  ,   State       Produced comprehensive communication materials that connected employees to strategic and operational goals.   Ensured organizational consistency in all aspects of communication to employees.  Authored weekly employee newsletter with readership of 4,600.  Responsible for the creation and posting of daily content on employee intranet page.  Served as lead project manager for communication of a $300 million renovation at regional medical center to reduce impacts to operations.  Developed creative concepts for employee communication projects to a variety of internal clients and business partners.   Wrote on behalf of the Regional Hospital Administrator to align employees with organizational and care delivery initiatives.           Public Relations Assistant   08/2010   to   04/2013     Company Name   City  ,   State       Managed volunteers at client events.  Organized speaking points for clients at public.  Supported meetings and press conferences key clients and business partners.  Wrote press releases and maintained relationships with members of the media.          Education      Master of Communication Management, M.C.M.      2016      University of Southern California   City  ,   State  ,   USA             Bachelor of Arts  :   Communication    2012      University of Hawaii   City  ,   State  ,   USA             Bachelor of Arts  :   Psychology    2012      University of Hawaii   City  ,   State  ,   USA             Board & Leadership Experience      Communications Chair, Board of Directors   12/2014   to   12/2015     Company Name   City  ,   State       Produced timely and comprehensive communication to chapter members about programs, workshops, and other matters of interest via digital and print chapter publications.        ","Job Title: Frontend Developer
Requirements: Strong background in git, html, node, typescript.
Experience: Minimum 2 years of relevant experience required.
Education: Master's degree in Computer Science or related field required.
",c,git;html;node;typescript,10,2,master,master,0.0,100.0,100.0,38.71,44.68,0,0,Weak,train,kaggle,PUBLIC-RELATIONS,,,
PK007269,K02423,J00119,other,fullstack,"         RADIOLOGICAL CONTROL TECHNICIAN         Professional Summary    Dynamic college student with over 3 years of nuclear experience working as a qualified radiological control technician working in the radiological control department in a variety of areas including limited facility decommissioning, and aircraft carrier Refueling on the CVN-72. Highly enthusiastic, self- motivating and resourceful professional.      Summary of Skills          40- Hour Current OSHA 29 CFR 1910.120 Hazardous Waste  Quick learner  Adept multi-tasker  Category 3 mixed waste worker training  Life Harness Qualified      U.S. Navy Article 108, Radiological Control Technician Qualification  Self- disciplined  Team Player  Respirator Qualified  Microsoft Word, Excel, PowerPoint      Self- disciplined  Team player      Self- disciplined  Team player             Experience      Company Name    City  ,   State    Radiological Control Technician   01/2016   to   Current       Provide radiological controls oversight of the deconstruction and remediation activities    Perform daily monitoring of radiological work, radiological surveying, environment sampling and evaluation, and aiding in the preparation of documents that support the transfer of materials and equipment for disposal or release   Provide radiological oversight and leadership for all crew personnel to ensure the highest radiological standards are kept.  DOE L Clearence           Company Name    City  ,   State    Radiological Control Technician   04/2012   to   10/2015       Provided work coverage and oversight for maintenance, operational and routine work that involved radioactive material  Provided monitoring for radiation, contamination and airborne radioactivity in the work place Position responsibilities included: Performing required radiological surveys for free release of material per Article 701 of NAVSEA 389-0288   Performed surveys for contamination and radiation control, airborne radioactivity control and surveys to categorize waste for shipment   Ensured ALARA principles are followed during work and respond to radiological emergencies as required, survey waste material, excess materials, vehicles, areas and other materials   Maintained proficiency and qualifications through completion of work, self-study and training activities.  Obtained a confidential clearance.          Company Name    City  ,   State    Aviation Ordnancemen      Professionally and thoroughly trained in the areas of explosive, ordnance handling, and blasters maintained troubleshooting and repair on all weapons elevators onboard   Specialized in servicing, inspecting and handling of all types of weapons and ammunition carried on Navy aircraft   Duties performed included in-flight functions such as  operating tactical weapons and communication equipment; performing in-flight maintenance of aircraft electrical and mechanical gear   Expert in tactical and technical guidance.  Obtained a secret clearance          Education        NUCLEAR ENGINEERING TECHNOLOGY   2016     Thomas Edison  ,   City  ,   State  ,   USA      Recipient of Thomas Edison State University Military  Scholarship  Coursework in Engineering
  Continuing education in Nuclear Energy Engineering Technology          Nuclear Energy Engineering Technology                NUCLEAR ENERGY ENGINEERING TECHNOLOGY   2017     Thomas Edison State  ,   City  ,   State  ,   USA            Languages      Bilingual, fluent in Spanish and English        CERTIFICATIONS      108 Qualified ( Radiological Control Technician Certification)  DOE Core Card  













Aviation Ordnancemen Certification     ","Job Title: Full Stack Developer
Requirements: Strong background in aws, git, mongodb, react, sql, typescript.
Experience: Minimum 4 years of relevant experience required.
Education: Master's degree in Computer Science or related field required.
",,aws;git;mongodb;react;sql;typescript,3,4,bachelor,master,0.0,75.0,0.0,41.89,25.47,0,0,Weak,train,kaggle,AVIATION,,,
P002243,R00560,J00109,backend,fullstack,"Summary: Recent graduate seeking entry-level opportunity with strong project work.
Technical Skills: flask, linux, mysql, postgresql, python, spring.
Experience: Academic projects and internships covering design and implementation.
Education: B.Tech in Computer Science.
","Job Title: Full Stack Developer
Requirements: Strong background in aws, docker, javascript, react.
Experience: Minimum 5 years of relevant experience required.
Education: PhD or doctorate preferred.
",flask;linux;mysql;postgresql;python;spring,aws;docker;javascript;react,0,5,bachelor,phd,0.0,0.0,0.0,45.83,11.46,0,0,Weak,train,synthetic,,,,
PK007064,K02354,J00072,other,data_ml,"         CUSTOMER SERVICE ASSOCIATE/CASHIER           Summary    Highly motivated professional seeking a Receptionist position. Possesses excellent communication skills, a strong intuitive analytical thinking. Goal-oriented, Customer-focused with a team player attitude and drive to succeed.      Highlights          Flexibility | Adaptability | Organizing and planning skills  Attention to detail | Stress tolerant   Ability to handle several situations at once with confidence.  Knowledge of MS office and the operation of standard office equipment.  High school diploma.                Answered, screened and directed inbound phone calls  Performed general secretarial duties, including – meeting scheduling, appointment set up, faxing and mailing  Took verbal and written messages and transmitted them to exact person/destination  Accepted letters and packages delivered to the front desk and distributed to appropriate staff  Interacted well with the public  Handled delicate situations, such as – customer requests, special needs and complaints  Coordinated maintenance of the front desk reception area equipment, furniture, lighting, applications and brochures  Maintained a neat, tidy and pleasant appearance of the reception area                                             Accomplishments      Provided the highest quality natural health care services to all of the patients in a caring and supportive environment  Good with patients of all ages  Ability to follow directions closely  Great compassion towards patients  Comfortable in interacting with all types of patients  Skilled in explaining to patients how to adapt to a healthier lifestyle as instructed by the physician  Experienced in assisting physician for treating patients  Adept in scheduling patient appointments and preparing treatment rooms  Skilled in filing out medical history forms  Ability to work well alone as well as a Team player in a Fast paced office setting           Experience      Customer Service Associate/Cashier     October 2008   to   April 2009     Company Name   －   City  ,   State      Greeted and assisted customers in a friendly courteous manner   Processed customers' transactions accurately and efficiently along with bagging customer purchases   Maintained the proper funds in register and called for change or cash pick-ups as needed  Followed Company policies and procedures in handling void transactions, even exchanges, over and short situations, etc.
  Opened and closed the register and counted out register drawer
  Recorded appropriate information on the balance sheet to prevent cash loss  Utilized and adhered to the merchandise presentation standards in regards to the 5 Basics: replenishment, signing, sizing, clearance and clean store Followed Company policies and procedures for all POS processes Maintained a neat, clean and organized customer service and register area Maintained consistent communication and follow through Recovered and replenished POS end caps in accordance with merchandizing directives and standards Ensured prompt removal of merchandise returns and holds  Made sure that all merchandise was folded, hung, tagged and priced appropriately before returning to the sales floor Processed damages and the appropriate paperwork correctly  Tagged vendor return items. Called for department to pick up returns Solicited Kohl's Charge applications and e-mail addresses from customers in accordance with Company standards Responded appropriately to POS backup calls and Service Desk calls  Assisted with POS and Customer Service as needed Properly held merchandise for customers when needed, including returning merchandise not picked up to the sales floor  Processed rain checks within Company standards Accomplishments Very rewarding Helping customers and loved working in Retail
  Skills Used Analytical thinking, planning  Strong verbal and personal communication skills
  Accuracy and Attention to details
  Organization and prioritization skills  Problem analysis, use of judgment and ability to solve problems efficiently  Self motivated, initiative, high level of energy  Verbal communication skills             Chiropractor Assistant    October 2007   to   September 2013     Company Name   －   City  ,   State     Receptionist, Greet and register arriving patients, Confirm insurance status, Record medical histories and any other relevant medical information, Abided by HIPAA laws regarding sharing of personal medical information, Room patients, Assist Chiropractors with certain procedures, Responsible for administering some physical therapy techniques, Educate patients, Patient scheduling, Checking out departing patients, Call and confirm appointments, Managing patients files, Managerial tasks, Bookkeeping, billing, employee payroll, bank deposits, Maintain and kept track of office supplies, Checking in and out chiropractic equipment and supplies, Keep waiting rooms and examination rooms clean, Microsoft Office proficiency and Excel spreadsheets   Receptionist, Greet and register arriving patients, Confirm insurance status, Record medical histories and any other relevant medical information, Abided by HIPAA laws regarding sharing of personal medical information, Room patients, Assist Chiropractors with certain procedures, Responsible for administering some physical therapy techniques, Educate patients, Patient scheduling, Checking out departing patients, Call and confirm appointments, Managing patients files, Managerial tasks, Bookkeeping, billing, employee payroll, bank deposits, Maintain and kept track of office supplies, Checking in and out chiropractic equipment and supplies, Keep waiting rooms and examination rooms clean, Microsoft Office proficiency and Excel spreadsheets                   January 2005   to   Current     Company Name   －   City  ,   State      Commercial and Private party house cleaning. Maintain lists of vacant apartment's that require housekeeping attention before the arrival of their next occupants. Responsible for cleaning commercial buildings, offices, restrooms and common areas. Restocking all toiletries, vacuum room carpets, and sweep, scrub, wax and polish floors using brooms, mops and powered scrubbing and waxing machines. Preparing surfaces with primer, apply layers of paint and hang wallpaper. Tidy up after finishing a job Accomplishments.           Education      High School Diploma   :   General  ,   1987    Marshfield High School   －   City  ,   State              Personal Information    I work well as a team-player, I am very out going and I am able to work well under stress.            Skills    Receptionist, 10-Key, Account Management, Active Learning, Calendaring, Client Relations, Computer Proficiency, Coordination, Creative Problem Solving, Customer Needs Assessment, Customer Service, Data Collection, Data Entry, Documentation, Email, Executive Management Support, Filing,  Internet Research, Scheduling, Spreadsheets, Telephone Skills, Time Management, Vendor Management, Letters and Memos, Microsoft Excel, Microsoft Office Suite, Microsoft Outlook, Microsoft Word, Multi-Task Management, Organizational Skills and Prioritization.              ","Job Title: ML Engineer
Requirements: Strong background in aws, machine learning, numpy, python, sql.
Experience: Minimum 2 years of relevant experience required.
Education: Bachelor's degree in Computer Science or related field required.
",,aws;machine learning;numpy;python;sql,0,2,bachelor,bachelor,0.0,0.0,100.0,46.32,26.58,0,0,Weak,test,kaggle,ARTS,,,
PK003303,K01101,J00038,other,devops,"         SALES ASSOCIATE       Summary    My goal is to become associated with a company where i can utilize my skills and gain further experience while
enhancing the company's productivity and reputation.      Experience     12/2014   to   02/2015     Sales Associate    Company Name   －   City  ,   State      Manage store alone (3rd shift)
Stock items/coolers thoroughly
Clean parking lot
Sweep/mop store.         05/2012   to   09/2012     Dishwasher/cook    Company Name   －   City  ,   State    Cooked and Cleaned working out of a Hawaiian food cart       01/2010   to   05/2015     Landscaper    Company Name   －   City  ,   State      Customer service
Worked as Landscaper in Preston's Tree Service from Jan 2010 to May 2015
Role :Concrete/Pavements
Roofing
Yard maintenance
Trim and cut trees
Pressure wash.          Education     2013     Diploma      David Douglas High School          3.0        Skills    Excellent Customer service, Customer service, Works, Fast learner, Roofing   ","Job Title: DevOps Engineer
Requirements: Strong background in aws, git, github, python.
Experience: Minimum 1 years of relevant experience required.
Education: Master's degree in Computer Science or related field required.
",,aws;git;github;python,0,1,bachelor,master,0.0,0.0,0.0,43.9,10.98,0,0,Weak,train,kaggle,SALES,,,
P000716,R00179,J00054,fullstack,fullstack,"Summary: Recent graduate seeking entry-level opportunity with strong project work.
Technical Skills: docker, express, linux, mongodb, python, react, sql, typescript.
Experience: Academic projects and internships covering design and implementation.
Education: B.Tech in Computer Science.
","Job Title: Full Stack Developer
Requirements: Strong background in docker, git, node, sql, typescript.
Experience: Minimum 1 years of relevant experience required.
Education: Bachelor's degree in Computer Science or related field required.
",docker;express;linux;mongodb;python;react;sql;typescript,docker;git;node;sql;typescript,0,1,bachelor,bachelor,60.0,0.0,100.0,77.86,58.47,0,1,Average,val,synthetic,,,,
P002890,R00722,J00085,data_ml,backend,"Summary: Results-driven developer with 6 years of hands-on industry experience.
Technical Skills: docker, git, pandas, postgresql, pytorch, scikit-learn, sql.
Experience: Worked for 6 years as a software engineer delivering production systems.
Education: PhD in Machine Learning.
","Job Title: Backend Developer
Requirements: Strong background in fastapi, flask, linux, postgresql, spring.
Experience: Minimum 5 years of relevant experience required.
Education: Relevant practical experience valued; no strict degree requirement.
",docker;git;pandas;postgresql;pytorch;scikit-learn;sql,fastapi;flask;linux;postgresql;spring,6,5,phd,none,20.0,100.0,100.0,48.93,55.23,0,1,Average,train,synthetic,,,,
PK006417,K02139,J00040,other,backend,"         FAST FOOD RESTAURANT MANAGER           Summary    To join a company that offers me a stable and positive atmosphere and inspires me to enhance and
therefore to innovate the work culture for the betterment of all parties concerned.      Highlights          Computerized cash registers, Email software, Inventory management software, Laser printers, Microsoft Office software, Microsoft Outlook, Microsoft PowerPoint, Microsoft Word, Notebook computers, Personal computers, Point of sale POS software, Spreadsheet software Operating Vehicles, Mechanized Devices, or Equipment  Resolving Conflicts and Negotiating with Others  Training and Teaching Others  Laptop computers, Microsoft Word, Personal computers, Scheduling  software Organizing, Planning, and Prioritizing Work Judging the Qualities of Things, Services, or People Documenting/Recording Information Developing and Building Teams Experience with: Adobe Systems Adobe Acrobat, Adobe Systems Adobe Acrobat software, Adobe Systems Adobe Flash      Experience in; Placing food orders, making weekly employee schedules, interviewing, hiring and termination of employees               Experience      Fast Food Restaurant Manager    March 2013   to   May 2016     Company Name   －   City  ,   State      Monitor employee and patron activities to ensure liquor regulations are obeyed Count money and make bank deposits Monitor food preparation methods, portion sizes Investigate and resolve complaints regarding food quality, service, or accommodations Monitor budgets and payroll records Schedule and receive food and beverage deliveries, checking delivery contents to verify product quality and quantity Schedule staff hours and assign duties Establish standards for personnel performance and customer service Perform some food preparation Keep records required by government agencies regarding sanitation or food subsidies Review work procedures and operational problems to determine ways to improve service, performance, or safety Order and purchase equipment and supplies Estimate food consumption to anticipate amounts to be purchased or requisitioned Assess staffing needs Arrange for equipment maintenance and repairs, and coordinate a variety of services, such as waste removal and pest control Record the number, type, and cost of items sold to determine which items may be unpopular or less profitable Making Decisions and Solving Problems Training and Teaching Others Performing for or Working Directly with the Public Guiding, Directing, and Motivating Subordinates Developing and Building Teams Communicating with Supervisors, Peers, or Subordinates Resolving Conflicts and Negotiating with Others.          Public Relations Manager PR Manager    April 2010   to   July 2012     Company Name   －   City  ,   State      Establish and maintain effective working relationships with clients, government officials, and media representatives and use these relationships to develop new business opportunities Write interesting and effective press releases, prepare information for media kits, and develop and maintain company internet or intranet web pages Identify main client groups and audiences, determine the best way to communicate publicity information to them, and develop and implement a communication plan Develop and maintain the company's corporate image and identity, which includes the use of logos and signage Direct activities of external agencies, establishments, and departments that develop and implement communication strategies and information programs Draft speeches for company executives and arrange interviews and other forms of contact for them Evaluate advertising and promotion programs for compatibility with public relations efforts Manage special events, such as sponsorship of races, parties introducing new products, or other activities the firm supports, to gain public attention through the media without advertising directly Communicating with Persons Outside Organization Establishing and Maintaining Interpersonal Relationships Communicating with Supervisors, Peers, or Subordinates Thinking Creatively Organizing, Planning, and Prioritizing Work Making Decisions and Solving Problems Performing for or Working Directly with the Public Interacting With Computers Developing Objectives and Strategies Experience with: Microsoft Office software, Microsoft PowerPoint, Microsoft Project, Microsoft Word, Photocopying equipment.          Child Daycare Worker    May 2001   to   June 2010       City  ,   State      Perform first aid or cardiopulmonary resuscitation (CPR) when required Instruct children in safe behavior, such as seeking adult assistance when crossing the street and avoiding contact or play with unsafe objects Model appropriate social behaviors and encourage concern for others to cultivate development of interpersonal relationships and communication skills Observe children's behavior for irregularities, take temperature, transport children to doctor, or administer medications, as directed, to maintain children's health Teach and perform age-appropriate activities, such as lap play, reading, and arts and crafts to encourage intellectual development of children Help prepare and serve nutritionally balanced meals and snacks for children Instruct and assist children in the development of health and personal habits, such as eating, resting, and toilet behavior Remove hazards and develop appropriate boundaries and rules to create a safe environment for children Work with parents to develop and implement discipline programs to promote desirable child behavior Organize and conduct age-appropriate recreational activities, such as games, arts and crafts, sports, walks, and play dates Transport children to schools, social outings, and medical appointments Regulate children's rest periods and nap schedules Supervise and assist with homework Keep records of play, meal schedules, and bill payment Making Decisions and Solving Problems Establishing and Maintaining Interpersonal Relationships Performing General Physical Activities.          General Manager    June 2016       Company Name   －   City  ,   State     Managed the day-to-day tactical and long-term strategic activities within the business.   Conducted cost, schedule, contract performance, variance and risk analysis.   Reduced and controlled expenses by improving resource allocation.   Coached and mentored staff members by offering constructive feedback and taking interest in their long-term career growth.          Education      Associate's Degree   :   Phlebotomy Technician/Phlebotomist  ,   February 2014      City  ,   State      Phlebotomy Technician/Phlebotomist Match laboratory requisition forms to specimen tubes Draw blood from veins by vacuum tube, syringe, or butterfly venipuncture methods Dispose of blood or other biohazard fluids or tissue, in accordance with applicable laws, standards, or policies Dispose of contaminated sharps, in accordance with applicable laws, standards, and policies Draw blood from arteries, using arterial collection techniques Draw blood from capillaries by dermal puncture, such as heel or finger stick methods Collect fluid or tissue samples, using appropriate collection procedures Collect specimens at specific time intervals for tests, such as those assessing therapeutic drug levels Getting Information Updating and Using Relevant Knowledge Identifying Objects, Actions, and Events Making Decisions and Solving Problems Experience with: Blood collection syringes, Blood drawing syringes, Blood glucose monitoring equipment, Capillary tubes, Sputum cups, Sterile vacutainer tubes, Venipuncture butterfly needles, Venipuncture needles         Associate's Degree   :   Business Administration and Management  ,   November 2011    DeVry University   －   City  ,   State      Business Administration and Management        Additional Information      Coaching and Developing Others Coordinating the Work and Activities of Others Updating and Using Relevant Knowledge Staffing Organizational Units Scheduling Work and Activities Communicating with Persons Outside Organization Performing Administrative Activities Inspecting Equipment, Structures, or Material        Skills    Adobe Acrobat, Adobe, advertising, arts, Draw blood, budgets, cash registers, Coaching, Interpersonal, communication skills, CPR, client, clients, customer service, delivery, Directing, Email, equipment maintenance, Estimating, special events, first aid, Flash, forms, government, drawing, image, Inventory management, Laptop computers, Notebook computers, Laser printers, logos, money, Microsoft Office software, Microsoft Outlook, Microsoft PowerPoint, Microsoft Project, Microsoft
  Word, Microsoft Word, Microsoft Word, Negotiating, Organizing, payroll, personnel, policies, POS, press releases, promotion, public relations, publicity, quality, reading, Recording, repairs, resuscitation, safety, Scheduling, Collect specimens, speeches, Spreadsheet, staffing, Teaching, type, Venipuncture, web pages   ","Job Title: Backend Developer
Requirements: Strong background in django, docker, git, java, mongodb, spring, spring boot.
Experience: Minimum 4 years of relevant experience required.
Education: Bachelor's degree in Computer Science or related field required.
",,django;docker;git;java;mongodb;spring;spring boot,0,4,bachelor,bachelor,0.0,0.0,100.0,39.43,24.86,0,0,Weak,train,kaggle,PUBLIC-RELATIONS,,,
PK004855,K01618,J00180,other,backend,"         PR & EVENT MANAGER       Summary    Experienced creative marketing professional who consistently delivers high-quality and results-focused marketing content. In-depth knowledge of social media and PR management with expertise in identifying emerging market trends.        Experience      PR & Event Manager     Jan 2015   to   Current      Company Name   －   City  ,   State     Coordinate all public relations activities.  Manage social media platforms to engage audiences across traditional and new media.  Research influencers and initiate collaborations.  Develop a marketing communications plan including event strategy, sponsorship budget, and goals.  Evaluate opportunities for partnerships, sponsorships and advertising on an on-going basis.  Coordinate details of events such as venue, flyers, sales, entertainment, guestlist, artist booking, sponsorships, etc.         Social Media Consultant     Apr 2017   to   Current      Company Name   －   City  ,   State     Build and execute social media strategy through competitive research, platform determination, benchmarking, messaging and audience identification.  Moderate all user-generated content in line with the moderation policy for each community.  Create original content.  Continuously improve by capturing and analyzing the appropriate social data/metrics, insights and best practices, and then acting on the information.         PR & Social Media Manager     Jan 2013   to   Jan 2017      Company Name   －   City  ,   State     Develop a follow growth strategy for social media.  ex: 180k followers in 2013 vs 2.2m followers in 2017 on our Instagram) --Manage PR & Social Media Coordinators from 20 international regions and make sure their follower growth rate is constantly increasing.  Manage the brand's Social Media platforms such as Facebook, Twitter, Instagram, Pinterest, Tumblr, Youtube, Viva Radio, Snapchat, etc.) --Develop a marketing communications plan including strategy, goals, budget and tactics & a media relations strategy, seeking high-level placements in print, broadcast and online media.  Research top influencers, competitors, and trends.  Plan and execute events, influencer marketing, celebrity outreach, media monitoring, and product placement for social uses.  Create timely and engaging content optimized for platform used and intended audience.  Scout and photograph influencers and models to feature on social media to create new contents.  Monitor sites for customer service opportunities.  Analyze and report social media actions on a weekly basis for successes and new opportunities.  Create engaging and professional visuals that reflect the brand.  Stay current with PR & social media trends and tools.  Attend networking and educational events.  Review marketing analytics weekly to make informed decisions going forward surrounding social campaigns, influencers, messaging, etc.         Media Specialist     Mar 2017   to   Oct 2017      Company Name   －   City  ,   State     Develop weekly social & influencer programming across accounts.  Manage local and international account managers to produce all imagery, tags and captions, and make edits as needed for each account and planned post.  Identify tastemakers in the social communities as they relate to the brand and build partnerships with brand advocates, influencers, and other creatives.  Ensure Paid Social campaigns are set-up and properly QA'd.  Curate and grow social images on website, ensuring that page is updated daily with shoppable user generated content.  Ensure that all PR/social content and copy is brand appropriate, accurate and appropriately labeled.  Engage with community and influencers on social channels via liking, commenting, and regramming imagery.  Report on performance and growth on weekly and monthly basis.  Support aligning domestic agencies to create and execute an year-long strategy, including events, to increase brand awareness.  Work to ensure media placements increase sales.         Media Manager     Oct 2017   to   Current      Company Name   －   City  ,   State     Manage media inquiries and interview requests.  Create content for press releases, byline articles and keynote presentations.  Build relationships with thought leaders to grow industry awareness.  Manager social media accounts with over 6 million followers total.  Work with celebrities and stylists to increase revenue.  Monitor SEO and web traffic metrics.  Communicate with followers, respond to queries in a timely manner and monitor customer reviews.  Stay up-to-date with current technologies and trends in social media, design tools and applications.  Design and implement social media strategy to align with business goals.  Set specific objectives and report on ROI.         Education and Training      Bachelor of Arts  ,   International Studies   2013     Queen's University   －   City  ,   State  ,   Canada   International Studies       Skills    Adobe, Advertising, benchmarking, competitive research, forecasting, Google Analytics, Marketing research, marketing communications, Photography, press releases, Product marketing, sales, Social Media platforms     ","Job Title: Backend Developer
Requirements: Strong background in aws, django, git, java, mysql.
Experience: Minimum 2 years of relevant experience required.
Education: Bachelor's degree in Computer Science or related field required.
",,aws;django;git;java;mysql,0,2,bachelor,bachelor,0.0,0.0,100.0,44.85,26.21,0,0,Weak,test,kaggle,APPAREL,,,
PK006220,K02073,J00082,other,data_ml,"         MANAGER OF PUBLIC RELATIONS AND COMMUNICATION       Summary    Creative thinker, who is not afraid to work outside her comfort zone. Motivated team player, results orientated with a focus on achievement. Seeking to develop her career and is currently looking for a suitable position with an organization that values diversity and hard work. Areas of Expertise:  		project management Administration and Management Conflict management Youth programming Critical Thinking Spotting opportunities and identifying threats Personal Skills:		Judgment and Decision Making Team Player Social Perceptiveness Active learner Adapt to working in diverse environment       Highlights          Program management  Administration   Conflict management   Youth programming       Collaborative manager  Analytical thinker  Spotting opportunities and identifying threats  Team Player  Adapt to working in diverse and  environment             Experience      Manager of Public Relations and Communication     Nov 2013   to   Jan 2015      Company Name   －   City  ,   State     •Led the development and implementation of overall Public Relations Strategies  •Developed proactive relationships with government, the media and other stakeholders.  •Managed the organization of Group VIP visits and arranged meetings requested with authorities including President's Office, Prime Minister's Office as well as Ministry of Oil and Minerals and Attend Group VIP meetings.  •Managed and supervised the content of the Company's website  •Supervised the establishment of advertising and publicity materials in stands/exhibits required in the Company's participation in relevant conferences  •Integrated Public Relations activities into overall promotional campaigns to support the Company's objectives and collaborate with other cross-functional divisions/departments for this end. •Established positive professional ties with Public Relations personnel in shareholder companies to ensure consistency and alignment of PR messages and initiatives.         Team Leader Democracy and Governance     Jan 2010   to   Jan 2013      Company Name   －   City  ,   State     Served as a democracy expert tracking all levels of policy, technical, developments, legislative and legal changes in the democracy and governance arenas affecting USAID's activities and objectives in Yemen.  Advised the USAID management team on projects developments and possible programmatic impact.  Drafted concept papers,  designed documents, project papers, terms of reference and other relevant documents for proposed new activities.  Provided input and analysis towards the development of the USAID Yemen overall democracy and governance sectoral strategy.  Oversaw and managed US government investments in DG and monitored and evaluated implementation against contractual obligations.  Areas of work include gender equality, anti-corruption, elections, parliament, civil society, peaceful conflict mitigation, and youth civic engagement.  Assisted in the design of the USAID's ""Yemen Stability Initiative"" aimed at tackling root cause of violent conflicts in the tribal areas through provision of economic opportunities for youth, vocational training, and peaceful conflict mitigation skills and tools.  Worked closely with Key government offices including: Supreme National Authority for Combating Corruption, High Tender Board, Central Organization for Control and Audit, Ministry of Finance and Ministry of Planning among others, Parliament, Supreme Commission for Election and Referendum and Ministry of Local Administration.  Managed key USAID projects with the following implementer: NDI, IFES, ADRA, Save the Children, MSI, UNDP and Partners for Democratic Change.  Liaised with donors and embassies representatives to advance the Democratic reforms agenda for Yemen.         Public Affairs Specialist     Dec 2000   to   Nov 2002      Company Name   －   City  ,   State     Developed and implemented the Democracy Small Grants program which funded local non-state actors in Yemen in the areas of education, gender equity, youth, economic development and democracy.  Organized and implemented cultural programs and provided follow up on all educational and cultural programs.  Cultivated a solid network among public institutions and leaders in the civic sector around the country.  Designed the capacity building training for NGOs in remote parts of Yemen.  Supported the funding of key civic projects including: Children Parliament, NGOs Directory in Yemen, First Educational Yemeni Cartoon, Children Library, and Women Income Generation project and Youth Community Participation.  Was awarded the Foreign Service National award of the Year 2003 for high achievement in the outreach to the civil society and positive outcome and impact of the program.         Child Project Officer     May 1999   to   Nov 2000      Company Name   －   City  ,   State     Served as Project Officer in the Community Based Rehabilitation and Inclusive Education project for children with disabilities.  Managed program activities at rural areas and oversaw training and recruitment of local staff for the local rehabilitation offices in each area.  Conducted surveys and evaluation of program impact and advised management of outcomes.  Worked closely with donors to ensure synergy among on-going projects in the four targeted governorates.  Liaised and coordinated with organization branches, Yemeni ministries, NGO representation and local and external consultants.         Education      M.A  ,   Arts   June 1996     Colorado State University   －   City  ,   State     Arts       Additional Information      Awards Nov 2009    Youth Leaders Award, Save the Children, Sanaa Nov 2007    US Department of State, Swanee Hunt Award for Advancing Women's Role in Policy 		      Formulation, Washington DC Nov 2006   US Department of State Superior Honor Award, Sanaa May 2006  US Department of State Meritorious Honor Award,  Sanaa May 2005  US Department of State Certificate of Appreciation, Sanaa         Skills    advertising, concept, conferences, content, equity, Finance, functional, government, Grants, investments, legal, materials, meetings, Office, MSI, network, Oct, Oil, PDM, personnel, PR, Prime Minister, Programming, Project Design and Management, Public Relations, publicity, recruitment, Rehabilitation, strategy, Supervision, surveys, Tender, website   ","Job Title: ML Engineer
Requirements: Strong background in aws, deep learning, git, numpy, pandas.
Experience: Minimum 2 years of relevant experience required.
Education: Master's degree in Computer Science or related field required.
",,aws;deep learning;git;numpy;pandas,0,2,bachelor,master,0.0,0.0,0.0,45.94,11.49,0,0,Weak,val,kaggle,PUBLIC-RELATIONS,,,
PK001656,K00552,J00037,other,data_ml,"         ORGANIZER AND CAPACITY BUILDING STRATEGIST             Experience      Organizer and Capacity Building Strategist   01/2011       Company Name   City  ,   State       Civil Rights and Disability Advocate Advocate for people with disabilities with school, regional centers and agencies Conduct case review of client issues, research state and agency violations Develop strategy and provide technical assistance for clients to obtain positive outcome Attend IPP, IEP, and mediations with clients as advocate Keep case file, summary, and all necessary documents for referral to attorney if necessary Convened NCLR member organizations to develop statewide action strategies.  Developed advocacy materials and organize actions and campaigns Provided training and technical assistance, coordination organizations advance policy.          Special Education Advocate   01/2009   to   01/2011     Company Name   City  ,   State       Researched client issues and manage legal correspondence.  Completed outreach and training on disability and special education rights.  Wrote media releases for organization events and training.  Strategized positive outcomes with attorneys and staff.          Community Organizer/Founder   01/2000   to   01/2011     Company Name   City  ,   State       Wrote grant proposals, business plans, and press releases Presented strategic plan and goals to a variety of audiences Organized constituents around special education, environmental and health issues Collaborated with 85+ local community leaders and organizations Designed and taught advocacy skills training program to over 300 parents annually Secured over 100k in funding for parent advocacy training programs.          Community Organizer   01/2008   to   01/2009     Company Name   City  ,   State       Trained constituents on civil rights and education issues pertaining to Latino children.  Promoted self-determination of families and communities.  Collaborated with community leaders and organizations around education policy issues.  Strategized with attorneys and staff on organizing campaign.          Legal Advocate   01/2006   to   01/2008     Company Name   City  ,   State       Trained constituents on disability and special education rights.  Managed caseload of clients with disability-related issues.  Strategized positive outcomes with attorneys and staff.  Maintained working knowledge of current disability laws and legislation.          Family Advocate   01/2004   to   01/2006     Company Name   City  ,   State       Developed and presented workshops for professionals on needs of high-needs families Worked with homeless families to obtain housing Facilitated cooperative working relationships with other agencies Served as internal consultant to team on special education and disability laws Facilitated cooperative working relationships with other agencies Provided technical assistance to families on policies and procedures.          Education      JD  :   Organizational Communication Nonprofit Management   2007       St. Edward's University People's College of Law   City  ,   State       Organizational Communication Nonprofit Management        Interests    Board Member, Advocacy 4 Kids, Virginia Beach, VA (2015-current) Board Member, COPAA (Council of Attorneys, Parents,& Advocates) (2009-current) Co-Founder, Ichi Villa Autism Alliance/Northeast Los Angeles Autism Parents (2012-current) Founder, Latina Mami Los Angeles, Special Education Legal Clinics (2011-current) Member, Community Now, (2008-2010) Radio Show Host, ""Mamis of Color"" radio show, 91.7 FM (2001-2009) Board Member, Texans for Midwifery (2001-2002) Graduate, Partners in Policymaking (2005) Election Committee Chair and Board Member, KOOP Radio (2005-2006) Special Education Citizen's Advisory Committee & Bilingual Committee (2005-2008) Committee Member, March of Dimes Program Services (1999-2004)       Publications    NCLR Latino Leadership Institute training Understanding Your Child's Special Education Rights"" Disability Civil Rights Throughout The Ages"" Disability and Domestic Violence Survivors"" The Emotional Aspects of Working With Parents of Children with High-Needs"" The Needs of Diverse Families"" Organizing around Issues Affecting Your Community"" National Workshops Presented: Special Education Representation from a Social Justice and Civil Rights Perspective"" COPAA 2015 Conference, San Diego, CA. Xicana Mamihood & Activism: Responses to Violence in Our Families and Communities"", Incite! Radical Feminists of Color, Color of Violence 4 Conference, Chicago, IL.       Additional Information      AWARDS/HONORS 2010: Latina Mami collective featured in article by Dr. Cristina Herrera in The 21st Century Motherhood Movement, published by Demeter Press 2005: Recognized in Latina Magazine as ""Inspiring Latina"" 2005: Named one of Austin's ""10 Women We Love"" by Austin Monthly Magazine 2004: Ernst and Young Social Entrepreneur of the Year Finalist 2002: ""Mamis of Color"" radio show named KOOP Social Justice Program of the Year OTHER COMMUNITY INVOLVEMENT Board Member, Advocacy 4 Kids, Virginia Beach, VA (2015-current) Board Member, COPAA (Council of Attorneys, Parents,& Advocates) (2009-current) Co-Founder, Ichi Villa Autism Alliance/Northeast Los Angeles Autism Parents (2012-current) Founder, Latina Mami Los Angeles, Special Education Legal Clinics (2011-current) Member, Community Now, (2008-2010) Radio Show Host, ""Mamis of Color"" radio show, 91.7 FM (2001-2009) Board Member, Texans for Midwifery (2001-2002) Graduate, Partners in Policymaking (2005) Election Committee Chair and Board Member, KOOP Radio (2005-2006) Special Education Citizen's Advisory Committee & Bilingual Committee (2005-2008) Committee Member, March of Dimes Program Services (1999-2004)         Skills    agency, attorney, business plans, consultant, client, clients, detail oriented, grant proposals, legal, materials, organizing, policies, press releases, problem solving skills, research, strategy, strategic, technical assistance, training programs, workshops   ","Job Title: ML Engineer
Requirements: Strong background in docker, git, machine learning, pandas, postgresql, python.
Experience: Minimum 2 years of relevant experience required.
Education: Bachelor's degree in Computer Science or related field required.
",,docker;git;machine learning;pandas;postgresql;python,0,2,bachelor,bachelor,0.0,0.0,100.0,41.55,25.39,0,0,Weak,train,kaggle,ADVOCATE,,,
P001118,R00279,J00047,fullstack,data_ml,"Summary: Software engineer with 6 years of experience building scalable applications.
Technical Skills: docker, express, git, javascript, mongodb, node, sql, typescript.
Experience: 6 years of professional experience including design, testing and deployment.
Education: Bachelor of Science in Information Technology.
","Job Title: ML Engineer
Requirements: Strong background in docker, git, mysql, pandas, sql.
Experience: Minimum 2 years of relevant experience required.
Education: Bachelor's degree in Computer Science or related field required.
",docker;express;git;javascript;mongodb;node;sql;typescript,docker;git;mysql;pandas;sql,6,2,bachelor,bachelor,60.0,100.0,100.0,73.05,77.26,1,2,Good,train,synthetic,,,,
P002709,R00677,J00047,data_ml,data_ml,"Summary: Motivated engineer with 4 years of experience across full project lifecycles.
Technical Skills: aws, postgresql, python, pytorch, scikit-learn.
Experience: Total of 4 years experience in software development and team collaboration.
Education: Bachelor of Science in Information Technology.
","Job Title: ML Engineer
Requirements: Strong background in docker, git, mysql, pandas, sql.
Experience: Minimum 2 years of relevant experience required.
Education: Bachelor's degree in Computer Science or related field required.
",aws;postgresql;python;pytorch;scikit-learn,docker;git;mysql;pandas;sql,4,2,bachelor,bachelor,0.0,100.0,100.0,39.14,44.78,0,0,Weak,train,synthetic,,,,
PK000965,K00321,J00104,other,fullstack,"         SYSTEM ADMINISTRATOR             Experience        03/2009      Company Name          21674	SKSIT Security and the Wireless Environment	         11/05/12 18640	SKSIT Securing WLANs	         10/30/12 27481	SKSIT Building and Securing VoIP Networks	         03/20/12 36542	SKSIT Protecting Windows 7 Against  Malware and Vulnerabilities          03/13/12 30688	SKSIT Physical Security	         02/03/12 14766	SKSIT FIREWALLS AND VPNS	         01/23/12 34601	KISAM Service Manager (SM) Overview	         09/27/11 31699	Adding of Assets in KISAM Asset Manager	         09/26/11 31856	Windows Server 2008 System Administration	         04/01/11 28902	STAN - Security Configurations for Windows 2003 Servers	         01/31/11 28801	""EOps Test Planning Procedures OS, Databases and COTS""	         01/20/11 14763	SKSIT (ANS) ENCRYPTION TECHNOLOGIES	         04/09/10 23796	SKSIT Intrusion Detection and Response in Networked Environments        	03/22/10 21797	SKSIT Introducing Voice Over IP	         04/15/09 21674	SKSIT Security and the Wireless Environment	         04/14/09 17090	SKSIT Wireless Communication Basics	         04/10/09 17623	SKSIT Auditing and Monitoring	         05/01/08 21597	SKSIT (ANS) The Fundamentals of Networking	         04/25/08 18287	SKSIT ITIL: Problem and Change Management	         04/24/08 18054	KARTA Introduction to the Certification & Accreditation Process	         04/12/07 18064	KARTA Information Security Awareness - Beginner	         04/11/07 13085	SKSBS BUILDING RELATIONSHIPS TO GET RESULTS	         08/03/06 14115	SKSIT INTERNET SECURITY: FIREWALL PRINCIPLES	         08/02/06 14025	SKSIT CISCO ROUTERS, FIREWALLS, AND PERIMETER SECURITY    07/31/06 14780	SKSIT Wireless Security	         07/31/06 15248	WINDOWS SERVER 2003 ACTIVE DIRECTORY SERVICES	         04/07/06 17633	SKSIT Malicious Code	         03/24/06 18035	KARTA Technical Controls	         03/23/06 18041	KARTA Risk Management	         03/22/06 18034	KARTA Operational Controls	         03/17/06 18004	KARTA Principles of Operating Systems Security	         03/17/06 18033	KARTA Management Controls	         03/16/06 17996	KARTA IT Security Awareness - Intermediate	         03/15/06 18076	KARTA FISMA: Establishing Security Metrics	         03/14/06 18064	KARTA Information Security Awareness - Beginner	         03/14/06 18060	KARTA Implementing Physical Security	         03/14/06 15225	Firewalls and Internet Security	         12/16/05.          System Administrator  ,   07/2005   to   Current    Company Name          Hours per week: 40 + Ogden, UT 84201          Series: 2210 Pay Plan: GS Grade: 12           Information Technology Computer (This is a federal job) Supervisor Peter C Morgan 304-264-5413           May Contact Supervisor: Yes As the 12 Computer Systems Administrator the EOps-ECC-WSSB-BSS-CIS group, my job function is varied and requires multi-tasking as a standard.  I have acted as the CIS section supervisor.  I am a trainer for new employee's coming into the group on details and 4 new permanent employees into the CIS group.  I am required a basic working understanding of 7 projects and to be able to step in for other SA's at a moment's notice of well over 500 servers.  The work involves analyzing customer requirements, developing specifications for new or modified systems, planning and coordinating the design, development, testing, installation, and support of new and modified systems, including hardware and software, and serving as the primary liaison with customer organizations on all IT-related matters.  The work may involve developing and presenting training on the operation and maintenance of new systems to the IRS IT staff including IT specialists in other specialty areas, to insure that new systems are properly managed.  The employee may adapt and implement systems diagnostic and maintenance tools to ensure the availability and functionality of systems required to support organizational Objectives and evaluate and recommend selection of new systems diagnostic tools.  This work affects the availability of IRS IT systems needed to meets the mission requirements.  Regular contacts include employees in the same or related units, employees and managers within IRS and contractors/vendors at several levels of the agency (campuses, headquarters or field offices); and individuals or groups from outside the agency, including consultants, contractors, vendors, or representatives of professional.  My main duties are to maintain server's operation, security, and analyze and diagnose system hardware and software components.  I also write up problem tickets with server's hardware and software and get clearance for vendors to have access to the servers for hardware repair as well as scheduling times with local I.R.S.  personal and vendor to accomplish the repairs.  I  make sure when new server are to be put on the Domain I do all of the appropriate paper work which includes requesting  UWR's, KISAM asset management to include all of the new servers information from serial numbers, bar code, make, model and location just to name few of them.  I also file out the Server Compliance checklist, software license forms.  In addition, I image or re-image server with the proper Windows Operating System and software needed to run the server e.g.  Contact Recording, Contact Analytics, TOS, RTS among other servers.  I also monitor and respond to KISAM Tickets I also monitor HIDS, Symantec Anti-Virus programs are up to date and operational.  Insure all Microsoft Windows patches are installed on servers.  I make sure Altiris is installed and the endpoint is healthy and if not I make the necessary corrections.  I run Windows Policy Checker to insure the server stays with IRS and Cyber Security Compliance.  If there are any that is not in compliance, I make the necessary changes to bring them back into compliance.  I create documents in Word and Power Point in referencing to problems that I have encountered during trouble shooting a situation for other's in my group in case they have similar situations or problems and put them in our group shared location on the network for all to read.  I also have done short training on things that I have encountered or I had more knowledge than others in my group via OSC in sharing on my conference calls.  TPF Operations Server (TOS) I am the main system administrator and my accomplishments that I achieved was to set up a single sign on BAG group, single sign on to the IMM, from un-secure  IMM Web page to a secure Web page and brought it current with the Big Fix patching.  Installing and maintaining software and hardware, controlling current versions in use and future release of application software, and documenting the physical configuration of the system.  Optimizing the functionality of servers systems using performance tuning tools and techniques.  Analyze and Diagnosing and recovering failed systems using systems diagnosis tools and fault identification techniques.  Planning and coordinating the installation of new products or equipment, resolving installation problems, identifying and mitigating security vulnerabilities and risks, and maintaining server integrity and availability.  Initiating corrective or preventive actions, such as increasing disk or memory capacity to improve system performance.            01/1989   to   04/2007    Company Name          Hours per week: 40 + Ogden, UT 84201          Series:2210 Pay Plan: GS Grade:  Information Technology Computer System Administrator (This is a federal job) Supervisor Sandy Spiers (801-620-4555) May Contact Supervisor: Yes.  My responsibilities were to assist public electronic filing programmers by analyzing, diagnosing and making proposals on error in software to getting there software to passing the IRS standards for electronic filing.  I did this by using IRS IRM and thereby have them transmit standard test returns then I would have to print out there transmitted test returns and analyses and determine where there programming error's  were and call them and  communicate to them where the error occurred.  They would make the correction and it would be accepted as an Electronic Filing Software Program.  I also work closely with the electronic filing Tax Examiners in assisting the transmitters in problem solving their situation.  Another responsibility I had was to have all of the data copied to a nine-track tape and processed on the mainframe computer from that output then we had to drain the information on to an archival system that allowed the authorized I.R.S  employees to access the returns if a taxpayer had questions about their returns.  I also helped my group to maintain our network and desktop computers.  There were times we would lose connection to the network and we would have to use a network sniffer that would assist us on the type and location of the problem that needed to be fixed.  I also would install updates to the workstations, as they became available to us thru download transmittal.  Job Related Training:.  Item	Item Description	         Completion Date.          Information Technology Specialist  ,     01/2013      Within my first 7 years I was able to go from a GS 3 Clerk position to the level of Systems Administrator GS -12 I achieved was to set up a single sign on BAG group, single sign on to the IMM, from un-secure  IMM Web page to a secure Web page and brought it current with the Big Fix patching.  Personal Interests: Riding Motorcycles, Walks, Hiking, riding bicycles, Camping, Spending quality time with family and friends Tracking the Stock Market.          Education      BS  :  Sociology and Social Work Psychology  ,  1983    Weber State University          Sociology and Social Work Psychology My education background has provided me with several abilities that has allowed for an easy transition to any job that I        Cultural Competence and Effective Communication	         04/06/16
27931	""SKSIT Monitoring, Backups, and Recovery in Windows Server 2008""	03/02/16
31818	SKSIT Software Updates and Compliance Management in 
Microsoft Windows Server 2008  :    02/17/16            SKSIT Patch Management and Securing and Monitoring Servers in Windows Server 2008					12/18/15 36545	SKSBS IT Project Management Essentials: Monitoring and Controlling IT Projects					12/11/15 36544	SKSBS IT Project Management Essentials: Executing IT Projects		12/11/15 36543	SKSBS IT Project Management Essentials: Initiating and Planning IT Projects	12/11/15 36546	SKSBS IT Project Management Essentials: Managing Risks in an IT Project	12/11/15 36541	SKSBS IT Project Management Essentials: Introduction to IT Project Management						12/10/15 27225	SKSBS Troubleshooting and Closing the Project			12/10/15 60476	SKS-LLPKG PM Lite - A Blended Approach			12/10/15 27236	SKSBS Managing a Project					12/09/15 27234	SKSBS Transitioning into a Project Management Role			11/27/15 27233	SKSBS Project Management Fundamentals				11/13/15 27235	SKSBS Initiating and Planning a Project				11/12/15 31813	SKSIT Windows Server 2008 Backup and Recovery			11/10/15 31586	SKSIT Setting up and Securing Windows 7				01/14/15 57785	PSTR - FISMA Continuous Monitoring - ASCA Training	    	01/07/15 43943	SKSIT SSCP Domain: Malicious Code	         10/16/14 23279	Configuration Management (CM) Overview (CBT)	         01/07/14 43161	Change Management Process Overview	         01/07/14 31813	SKSIT Windows Server 2008 Backup and Recovery	         12/10/13 53407	SKSIT Cisco IINS 2.0: VPN Technologies and Public Key Infrastructure       	12/06/13 23796	SKSIT Intrusion Detection and Response in Networked Environments          12/05/13 23464	SKSIT 3G Communication Systems	         11/23/12                   Skills    Computers trouble shooting Microsoft Access Microsoft Excel Microsoft PowerPoint Microsoft Word Computer Security Anti Hacking  HIDS Microsoft Event logging Adobe       Additional Information      Awards or recognitions Performance Award August 2013 Performance Award August 2012 Performance Award August 2011 Performance Award August 2010 Performance Award August 2009 Performance Award August 2008 Special Act award April 2008      ","Job Title: Full Stack Developer
Requirements: Strong background in express, javascript, mongodb, python, react.
Experience: Minimum 4 years of relevant experience required.
Education: Bachelor's degree in Computer Science or related field required.
",c,express;javascript;mongodb;python;react,7,4,bachelor,bachelor,0.0,100.0,100.0,34.54,43.64,0,0,Weak,val,kaggle,INFORMATION-TECHNOLOGY,,,
PK001078,K00359,J00190,other,backend,"         TEACHER           Summary      Kind and compassionate Elementary School Teacher dedicated to creating an atmosphere that is stimulating and encouraging to all students. Enjoys using modern technology in the classroom.        Highlights          Texas Teaching Certificate with Early Childhood Education endorsement  Urban public schools background  Critical thinker  Title I knowledge  Curriculum development  Standardized testing techniques  Learning assessments  IEPs knowledge  Decisive      Flexible and adaptive  Calm under pressure  Member of Association of Texas Professional Educators            Accomplishments     Worked with a committee of fellow educators to develop campus wide curriculum development.       Skills     *Classroom management  *Records of Progress  *Small group/Guided Reading Instruction  *Hands on Math Instruction       Experience      Company Name     August 2011   to   Current     Teacher   City  ,   State      Observed and assessed student performance and kept thorough records of progress.  Implemented a variety of teaching methods such as lectures, discussions and demonstrations.  Established clear objectives for all lessons, units and projects.  Encouraged students to persevere with challenging tasks.  Set and communicated ground rules for the classroom based on respect and personal responsibility.Identified early signs of emotional, developmental and health problems in students and followed up with parents.  Tutored children individually and in small groups to help them with difficult subjects.  Taught after-school and summer enrichment programs.  Scheduled and held parent-teacher conferences to keep parents up-to-date on children's academic performance.  Established positive relationships with students, parents, fellow teachers and school administrators.  Mentored and counseled students with adjustment and academic problems.  Collaborated with other staff members to plan and schedule lessons promoting learning and student engagement.  Contributed ideas at weekly staff meetings each month.  Employed a broad range of instructional techniques to retain student interest and maximize learning.  Implemented remedial programs for students requiring extra assistance.  Took appropriate disciplinary measures when students misbehaved.  Improved students' reading levels through guided reading groups and whole group instruction.  Created lesson plans in accordance with state curriculum and school-wide curriculum standards.  Accepted coaching from fellow teachers and administrators and immediately incorporated feedback.  Worked outside normal hours to be available to answer parent and student questions.  Used children's literature to teach and reinforce reading, writing, grammar and phonics.  Enhanced reading skills through the use of children's literature, reader's theater and story time.  Differentiated instruction according to student ability and skill level.  Taught students to exercise problem solving methodology and techniques during tests.  Taught students in various stages of cognitive, linguistic, social and emotional development.  Strengthened parent-teacher and parent-child communication by holding regular parent-teacher conferences.  Encouraged students to explore issues in their lives and in the world around them.  Employed a wide variety of fiction and non-fiction textual materials to encourage students to read independently.  Encouraged parents to take an active role in their child's education.          Company Name     February 2011   to   May 2011     Reading Tutor   City  ,   State      Tutored children individually and in small groups to help them with difficult subjects.          Company Name     September 2006   to   August 2008     4th Grade Teacher   City  ,   State      Observed and assessed student performance and kept thorough records of progress.  Implemented a variety of teaching methods such as lectures, discussions and demonstrations.  Established clear objectives for all lessons, units and projects.  Encouraged students to persevere with challenging tasks.  Set and communicated ground rules for the classroom based on respect and personal responsibility.Identified early signs of emotional, developmental and health problems in students and followed up with parents.  Tutored children individually and in small groups to help them with difficult subjects.  Taught after-school and summer enrichment programs.  Scheduled and held parent-teacher conferences to keep parents up-to-date on children's academic performance.  Established positive relationships with students, parents, fellow teachers and school administrators.  Mentored and counseled students with adjustment and academic problems.  Collaborated with other staff members to plan and schedule lessons promoting learning and student engagement.  Contributed ideas at weekly staff meetings each month.  Employed a broad range of instructional techniques to retain student interest and maximize learning.  Implemented remedial programs for students requiring extra assistance.  Took appropriate disciplinary measures when students misbehaved.  Improved students' reading levels through guided reading groups and whole group instruction.  Created lesson plans in accordance with state curriculum and school-wide curriculum standards.  Accepted coaching from fellow teachers and administrators and immediately incorporated feedback.  Worked outside normal hours to be available to answer parent and student questions.  Used children's literature to teach and reinforce reading, writing, grammar and phonics.  Enhanced reading skills through the use of children's literature, reader's theater and story time.  Differentiated instruction according to student ability and skill level.  Taughtstudents to exercise problem solving methodology and techniques during tests.  Taught students in various stages of cognitive, linguistic, social and emotional development.  Strengthened parent-teacher and parent-child communication by holding regular parent-teacher conferences.  Encouraged students to explore issues in their lives and in the world around them.  Employed a wide variety of fiction and non-fiction textual materials to encourage students to read independently.  Encouraged parents to take an active role in their child's education.          Education      The University of Texas     2002       Master of Arts  :   Education    City  ,   State  ,   USA    Education Worked as a Graduate Assistant in the Education and Counseling Department at the University. Worked
with adult students working to gain their GED.        The University Of Texas     1998       Bachelor of Arts  :   Psychology Government Early Childhood Development and Child Psychology    City  ,   State  ,   USA    Psychology Government Early Childhood Development and Child Psychology     ","Job Title: Backend Developer
Requirements: Strong background in django, flask, linux, postgresql, spring, spring boot.
Experience: Minimum 5 years of relevant experience required.
Education: Relevant practical experience valued; no strict degree requirement.
",,django;flask;linux;postgresql;spring;spring boot,0,5,master,none,0.0,0.0,100.0,37.65,24.41,0,0,Weak,train,kaggle,TEACHER,,,
P002169,R00542,J00017,data_ml,data_ml,"Summary: Motivated engineer with 4 years of experience across full project lifecycles.
Technical Skills: aws, git, postgresql, python, scikit-learn, tensorflow.
Experience: Total of 4 years experience in software development and team collaboration.
Education: BCA in Computer Applications.
","Job Title: ML Engineer
Requirements: Strong background in git, machine learning, mysql, python, pytorch, tensorflow.
Experience: Minimum 3 years of relevant experience required.
Education: Master's degree in Computer Science or related field required.
",aws;git;postgresql;python;scikit-learn;tensorflow,git;machine learning;mysql;python;pytorch;tensorflow,4,3,bachelor,master,50.0,100.0,0.0,72.55,58.14,0,1,Average,train,synthetic,,,,
P001604,R00401,J00146,frontend,frontend,"Summary: Results-driven developer with 6 years of hands-on industry experience.
Technical Skills: angular, express, git, html, javascript, node, react, typescript, vue.
Experience: Worked for 6 years as a software engineer delivering production systems.
Education: MCA in Computer Applications.
","Job Title: Frontend Developer
Requirements: Strong background in css, express, git, github, javascript.
Experience: Minimum 2 years of relevant experience required.
Education: Master's degree in Computer Science or related field required.
",angular;express;git;html;javascript;node;react;typescript;vue,css;express;git;github;javascript,6,2,master,master,60.0,100.0,100.0,78.11,78.53,1,2,Good,train,synthetic,,,,
P000974,R00243,J00017,devops,data_ml,"Summary: Software engineer with 2 years of experience building scalable applications.
Technical Skills: azure, docker, kubernetes, linux, python, sql.
Experience: Worked for 2 years as a software engineer delivering production systems.
Education: Master of Science in Data Science.
","Job Title: ML Engineer
Requirements: Strong background in git, machine learning, mysql, python, pytorch, tensorflow.
Experience: Minimum 3 years of relevant experience required.
Education: Master's degree in Computer Science or related field required.
",azure;docker;kubernetes;linux;python;sql,git;machine learning;mysql;python;pytorch;tensorflow,2,3,master,master,16.67,66.67,100.0,46.37,46.59,0,0,Weak,train,synthetic,,,,
P002130,R00532,J00070,data_ml,backend,"Summary: Motivated engineer with 5 years of experience across full project lifecycles.
Technical Skills: deep learning, docker, git, machine learning, numpy, pandas, postgresql, pytorch, sql.
Experience: Worked for 5 years as a software engineer delivering production systems.
Education: MCA in Computer Applications.
","Job Title: Backend Developer
Requirements: Strong background in git, java, mongodb, postgresql, spring boot.
Experience: Minimum 5 years of relevant experience required.
Education: Bachelor's degree in Computer Science or related field required.
",deep learning;docker;git;machine learning;numpy;pandas;postgresql;pytorch;sql,git;java;mongodb;postgresql;spring boot,5,5,master,bachelor,40.0,100.0,100.0,55.15,64.79,1,1,Average,train,synthetic,,,,
PK002495,K00831,J00020,other,backend,"         INTERN       Summary     Motivated, responsible Personal Trainer with extensive training in fitness, nutrition and health education.       Highlights          CPR and First Aid certified  Lifeguard training  Fitness equipment operation  Body Mass Index (BMI) knowledge  Fitness assessments  Customer-oriented  Understanding of body fat tables and BMI  Excellent sales skills  Understanding of human anatomy  AED certification  Fitness equipment expertise                Experience      Intern   03/2013   to   10/2013     Company Name      Develop or coordinate fitness and wellness programs or services.  Supervise fitness or wellness workers, such as fitness instructors, recreation workers, nutritionists, and health educators.  Conduct or facilitate training sessions or seminars for wellness and fitness staff.  Develop fitness or wellness classes, such as yoga, aerobics, weightlifting, and aquatics, ensuring a diversity of class offerings.  Maintain wellness- and fitness-related schedules, records, or reports.  Manage or oversee fitness or recreation facilities, ensuring safe and clean facilities and equipment.  Operate, and instruct others in, proper operation of fitness equipment, such as weight machines, exercise bicycles, benches, hand weights, and fitness assessment devices.  Organize and oversee health screenings, such as flu, mammography, blood pressure, and cholesterol screenings.  Teach fitness classes to improve strength, flexibility, cardiovascular conditioning, or general fitness of participants.  Maintain or arrange for maintenance of fitness equipment or facilities.  Track attendance, participation, or performance data related to wellness events.  Observe participants and inform them of corrective measures necessary for skill improvement.  Instruct participants in maintaining exertion levels to maximize benefits from exercise routines.  Offer alternatives during classes to accommodate different levels of fitness.  Plan routines, choose appropriate music, and choose different movements for each set of muscles, depending on participants' capabilities and limitations.  Teach proper breathing techniques used during physical exertion.  Evaluate individuals' abilities, needs, and physical conditions, and develop suitable training programs to meet any special requirements.  Monitor participants' progress and adapt programs as needed.  Explain and enforce safety rules and regulations governing sports, recreational activities, and the use of exercise equipment.  Advise clients about proper clothing and shoes.  Maintain fitness equipment.  Teach and demonstrate use of gymnastic and training equipment such as trampolines and weights.  Plan physical education programs to promote development of participants' physical attributes and social skills.          Fitness Specialist   11/2012   to   10/2013     Company Name      Manage or oversee fitness or recreation facilities, ensuring safe and clean facilities and equipment.  Operate, and instruct others in, proper operation of fitness equipment, such as weight machines, exercise bicycles, benches, hand weights, and fitness assessment devices.  Maintain or arrange for maintenance of fitness equipment or facilities.          Sports Recreational Assistant   11/2012   to   10/2013       Greet new arrivals to activities, introducing them to other participants, explaining facility rules, and encouraging participation.  Officiate at sporting events, games, or competitions, to maintain standards of play and to ensure that game rules are observed.  Judge performances in sporting competitions in order to award points, impose scoring penalties, and determine results.  Inspect sporting equipment and/or examine participants in order to ensure compliance with event and safety regulations.  Keep track of event times, including race times and elapsed time during game segments, starting or stopping play when necessary.  Signal participants or other officials to make them aware of infractions or to otherwise regulate play or competition.  Verify scoring calculations before competition winners are announced.  Resolve claims of rule infractions or complaints by participants and assess any necessary penalties, according to regulations.  Start races and competitions.  Teach and explain the rules and regulations governing a specific sport.  Verify credentials of participants in sporting events, and make other qualifying determinations such as starting order or handicap number.  Confer with other sporting officials, coaches, players, and facility managers in order to provide information, coordinate activities, and discuss problems.  Report to regulating organizations regarding sporting activities, complaints made, and actions taken or needed such as fines or other disciplinary actions.  Compile scores and other athletic records.  Direct participants to assigned areas such as starting blocks or penalty areas.  Research and study players and teams in order to anticipate issues that might arise in future engagements.             02/2013   to   07/2013     Company Name      Confer with customers by telephone or in person to provide information about products or services, take or enter orders, cancel accounts, or obtain details of complaints.  Keep records of customer interactions or transactions, recording details of inquiries, complaints, or comments, as well as actions taken.  Check to ensure that appropriate changes were made to resolve customers' problems.  Determine charges for services requested, collect deposits or payments, or arrange for billing.  Refer unresolved customer grievances to designated departments for further investigation.  Recommend improvements in products, packaging, shipping, service, or billing methods and procedures to prevent future problems.  Greet customers and ascertain what each customer wants or needs.  Describe merchandise and explain use, operation, and care of merchandise to customers.  Recommend, select, and help locate or obtain merchandise based on customer needs and desires.  Compute sales prices, total purchases and receive and process cash or credit payment.  Answer questions regarding the store and its merchandise.  Prepare sales slips or sales contracts.  Maintain records related to sales.  Prepare merchandise for purchase or rental.  Watch for and recognize security risks and thefts, and know how to prevent or handle these situations.  Inventory stock and requisition new stock.  Ticket, arrange and display merchandise to promote sales.  Exchange merchandise for customers and accept returns.  Clean shelves, counters, and tables.  Help customers try on or fit merchandise.  Estimate quantity and cost of merchandise required, such as paint or floor covering.  Advise patients about treatments and foot care techniques necessary for prevention of future problems.  Prepare inserts, heel pads, and lifts from casts of customers' feet.  Measure customers for fit,and discuss with them the type of footwear to be made, recommending details such as leather quality.          Education      High School Diploma     Jun 2008       JAY M. ROBINSON HIGH SCHOOL CONCORD NORTH CAROLINA UNITED STATES    Weight Training , Physical Education, Competed in High School Basketball ( Varsity) , Competed in Track and Field             Dec 2015       BELMONT ABBEY COLLEGE BELMONT NORTH CAROLINA UNITED STATES    GPA:   GPA: 3.5    GPA: 3.5        WORLD INSTRUCTOR TRAINING SCHOOL CHARLOTTE. NC UNITED STATES    Jun 2013-Aug 2013
passed both the practical and written exam for a certified personal training certification        Certifications    Programming for Muscular Fitness: Machines Programming for Muscular Fitness: Free Weights Alternative Training Techniques; Flexibility Training CPR certified AED certified FIRST AID certified       Skills    benefits, billing, contracts, CPR certified, credit, clients, FIRST AID, Inventory, Exchange, packaging, paint, Programming, progress, quality, Record keeping, recording, Research, safety, sales, seminars, shipping, tables, telephone, training programs, type, written, Composition   ","Job Title: Backend Developer
Requirements: Strong background in aws, git, java, mysql, sql.
Experience: Minimum 1 years of relevant experience required.
Education: Master's degree in Computer Science or related field required.
",,aws;git;java;mysql;sql,0,1,bachelor,master,0.0,0.0,0.0,48.84,12.21,0,0,Weak,val,kaggle,FITNESS,,,
PK004685,K01561,J00186,other,frontend,"         VP FINANCE & IS&T           Executive Profile     Enterprising Finance Executive who creates strategic alliances with Senior Executives to identify and   execute key business initiatives. Builds and retains high performance teams by enlisting, developing and   motivating skilled professionals. Extensive experience in Financial Management and Controllership areas.   Adept in both Business Process and systems to allow for utilizing technology to achieve business goals.       Skill Highlights          Project management  Leadership/communication skills  Product development      Business operations organization  Budgeting expertise  Self-motivated            Core Accomplishments      Developed the CFO Advisory Service's Quality Close Product and presented at KPMG Quality Close Training Sessions.  Assisted in the authoring of white papers on the topic of the financial close and the changing economic environment brought on by Sarbanes-Oxley legislation.  Proficient in SOX 404 Policies and compliance requirements AFFILIATIONS God's Love We Deliver Argyle Executive Forum Finance Executives International.        Professional Experience      VP Finance & IS&T    January 2012   to   Current     Company Name   －   City  ,   State      Created the business case and system design; currently the Project Manager for a worldwide single instance SAP ERP Implementation project; 13 largest revenue producing countries over 3 years.  Eleven countries are live across Europe; USA and Canada going live April 1, 2015.  Project will result in $4M per year in savings.  Nine additional Latin America countries now planned for Year 4.  Developed the governance and support models and processes for the new single instance SAP ERP system Created a Program Management Organization for all key Finance and Management Information Projects resulting in greater communication, strategizing, synchronization and risk management.  Created single instance for USA and Canada logistics and supply chain processes in conjunction with SAP ERP Project resulting in cost savings of over $500K per year.  Developed the RFP and created the vendor selection process for a European Budget and Procurement system to handle Recording, Marketing and Overhead.  Redefined the implementation approach to get the project back on track after 1 year.  System is now deployed in 8 countries with additional countries targeted for next 2 years.          VP Global Digital and US Sales    January 2009   to   January 2011     Company Name   －   City  ,   State      Built the Business Case and successfully managed the implementation of a new Business Intelligence Platform (Business Objects) for Sales and Marketing Analytics and KPI Reporting for 6 US Label Groups.  Tool gives US Labels the ability to see the influence Social Media data has on sales on a daily basis.  Created the Business Case and acted as Project Manager to migrate the integrating Sony Music and BMG Music Supply Chain and Logistics organizations into a new system (SAP Materials Management).  Responsible for business process harmonization and institution of best practices around Product Setup (BOM), Inventory Purchasing, MRP, DRP, Inventory Management, Inventory Sales and Inventory Accounting.  Project allowed for decommissioning of the two old environments as well as reduction in personnel via one system and streamlined processes.  Developed both the Operational and Back-office processes for a new direct to consumer business commercializing Sony Music's Artist website platform.          VP Finance    January 2005   to   January 2008     Company Name   －   City  ,   State      Led various Music Label integration initiatives triggered by the merger of Sony Music and BMG Music.  to achieve better practices and cost savings of over $1M annually in IT Support and Data Hosting in.  addition to business process improvements.  Projects also facilitated the ability to outsource back-office.  functions which generated over $2M per year in cost savings.  Standardization, best practice and system harmonization for six label groups for the two largest spend areas, Marketing and Recording (two separate projects, applications, organizations) Project Manager to build an Artist Project P&L System for 6 label groups; also shared US approach and design that led to the design and implementation of Sony Music UK's Project P&L system.  Project Manager for a successful initiative to reduce the time to close and consolidate monthly quarterly and annually from eight to three days.          Manager    January 2001   to   January 2005     Company Name   －   City  ,   State      Collaborated with others to create an incubator practice, CFO Advisory Services, and turned it into a national practice with over $100M in annual revenue.  This was done by creating new service offerings centered on finance transformation through organizational, process and system improvements.  Main focus was on providing advisory services to companies in the following industries: Financial Services, Media, Entertainment, Utilities and Manufacturing.  Clients included Disney, Sony, Bertelsmann Media, WWE, JP Morgan Chase, Comerica Bank, Duke Energy, United Rentals,.          Corporate Controller    January 1994   to   January 2001     Company Name   －   City  ,   State            Corporate Controller    January 1990   to   January 1994     Company Name   －   City  ,   State      Served as Corporate Controller for an international consulting company for 6 years.  Prior to that was Corporate Controller for 5 years for a Salvage and Appraisal firm that provided services to Commercial and Self-Insureds experiencing catastrophe losses.  Responsible for all FP&A functions as well as Corporate Tax Returns.  In both instances, managed the selection and implementation of Financial Management Systems.          Education      B.S   :   Finance      The University of Maryland at College Park           Finance         Skills     Business Process Re-engineering  Finance Transformation  Project Management  Finance and IT Strategy  Team and Resource Cultivation    ","Job Title: Frontend Developer
Requirements: Strong background in angular, github, javascript, typescript.
Experience: Minimum 3 years of relevant experience required.
Education: Master's degree in Computer Science or related field required.
",,angular;github;javascript;typescript,6,3,bachelor,master,0.0,100.0,0.0,37.16,29.29,0,0,Weak,train,kaggle,FINANCE,,,
P001509,R00377,J00092,data_ml,data_ml,"Summary: Motivated engineer with 5 years of experience across full project lifecycles.
Technical Skills: deep learning, docker, linux, machine learning, mysql, scikit-learn, sql.
Experience: Worked for 5 years as a software engineer delivering production systems.
Education: Master of Science in Data Science.
","Job Title: ML Engineer
Requirements: Strong background in deep learning, machine learning, scikit-learn, tensorflow.
Experience: Minimum 3 years of relevant experience required.
Education: Bachelor's degree in Computer Science or related field required.
",deep learning;docker;linux;machine learning;mysql;scikit-learn;sql,deep learning;machine learning;scikit-learn;tensorflow,5,3,master,bachelor,75.0,100.0,100.0,87.79,86.95,1,3,Strong,train,synthetic,,,,
PK002063,K00687,J00191,fullstack,frontend,"         HIGHLY ACCOMPLISHED HEALTHCARE ANALYST         Professional Summary    Financial Expert providing strategies to improve Revenue Cycle Management in Healthcare
A top-performing Systems Analyst with a proven track record of expanding revenue and customer satisfaction in Healthcare. Expert at identifying and analyzing customer needs within a variety of Enterprise healthcare organizations.  Subject Matter Expert in Revenue Cycle Management specializing in developing and delivering innovative solutions for environments with large data requirements. Extensive experience in providing an advisory and consultative approach to Financial and Technology solutions that drive improved financial performance. Broad grasp of Value Based Healthcare Reimbursement strategy and the skill to lead a collaborative effort to develop long lasting relationships with Executive decision-makers.      Education and Training      Programming Support Specialist, Data Center Technical Support, Shared Medical Systems (Cerner), Malvern, PA
Computer Operator, Operations, Shared Medical Systems (Cerner)          City  ,   State              Master of Science  :  Computer Information Systems      University of Phoenix   －   City  ,   State      Computer Information Systems        Graduate Courses in Business Communications, Project Management, Operating Systems, Networking, Database Concepts, Software Engineering, Programming Management, Organization, Ethics and Intellectual Property, and Financial Management.
Certified Project Management Associate, International Project Management Association
 (IPMA, Level D), Number D15-122834                Skill Highlights        ;;            Skills    accounting, Accounts Receivable, auditing, balance, billing, Business Communications, business plan, client, clients, client liaison, customer service, client support, Database, delivery, Financials, financial, financial consulting, Financial Management, focus, insurance, Intellectual Property, leadership, mentor, office, 2000, NT, Networking, Operating Systems, processes, process improvement, coding, Programming, Project Management, proposal, Quality, report writing, reporting, revenue recognition, Siemens, Software Engineering, SQL, Technical Support      Professional Experience      Highly accomplished Healthcare Analyst  ,   01/1997   to   Current    Company Name          providing operational and financial consulting services, employed through the acquisition of Siemens Health Services by Cerner in 2014 and the acquisition of Shared Medical Services by Siemens in 2000 Primary client liaison assessing business needs from stakeholders at every level, including executives within the client organization, explaining available standard services and/or suggesting methods for customization of solutions to enhance production objectives and bring in departmental revenue.  Provide outstanding customer service by quickly addressing any client support issues, escalating new opportunities for revenue improvement to the appropriate executives within the organization, and maintaining a line of communications with clients that is advisory in nature and exceptional in its execution.  Expertly synthesize client input through a full business discovery process and assemble an internal team of experts in SQL, Database, report writing, networking to answer questions and develop a set of technical specifications that are presented in a form of an actionable solution proposal.  Improve Revenue Cycle Management for clients by providing off-the-shelf, custom, or client hosted solutions that allow them to off-load issues and focus on the critical revenue recognition activities of their business office which includes Accounts Receivable and dealing with insurance companies.  Meticulously review procedures and processes within financial departments and compare those with industry 'best practice' standards to identify opportunity for process improvement.  Identify actionable gaps by comparing revenue cycle reporting against other similar organizations as well as nationally recognized Key Performance Indicators (KPIs).  Guide a client through the Recovery Audit Contractor (RAC) program which requires coding, billing, and reimbursement compliance with Medicare.  Develop reports and create abstracts that pulled insurance, patient balance, and diagnostic related groups (DRG) coding from a client's INVISION patient accounting financial systems that ensured that Medicare was not being overbilled and identified coding errors and brought up the issue of medical necessity which led to process improvements.  Participate as a key technical resource and mentor documenting the entire process of an ongoing customer project now in its 16th month which transfers 7-10 years of patient accounting data to a third party repository as part of audit requirements to meet a variety of regulatory standards.  Collaborate with the project manager to meet project deadlines so that the client is able to keep their financial system data before the contract elapses while ensuring that the client pays for only the amount of data storage required.  Accelerate the delivery of solutions for the client by creating reusable templates that can be shared between projects.  Deliver the technical leadership required for projects of 6 days to 6 months in duration to determine the environment, configuration, and build programs necessary to decommission legacy systems and efficiently migrate to data to database systems which allow simplified queries for financial posting.  Through job sharing with the SOARIAN Financials Test Team, recreated software defects and validated fixes to improve quality using advanced tools such as Charm NT, Quality Center, and Kanban to update status.          Associate Systems Analyst  ,   01/1993   to   01/1996    Company Name          Part of a team responsible for delivering over 100,000 files monthly pertaining to reporting and auditing and through the development of a business plan that later migrated the delivery system to the internet saving the client considerable costs.  Organized transactions over a six-month period to install financial systems at Pennsylvania Hospital and Temple University Hospital.  Build the programs required to successfully update system data to meet all deadlines.          Consultant/Analyst  ,   01/1983   to   Current    Company Name   －   City  ,   State         ","Job Title: Frontend Developer
Requirements: Strong background in angular, node, typescript, vue.
Experience: Minimum 4 years of relevant experience required.
Education: Relevant practical experience valued; no strict degree requirement.
",sql,angular;node;typescript;vue,10,4,master,none,0.0,100.0,100.0,41.52,45.38,0,0,Weak,train,kaggle,HEALTHCARE,,,
P001469,R00367,J00092,data_ml,data_ml,"Summary: Motivated engineer with 1 years of experience across full project lifecycles.
Technical Skills: aws, git, numpy, python, pytorch, scikit-learn, sql, tensorflow.
Experience: 1 years of professional experience including design, testing and deployment.
Education: M.Tech in Software Engineering.
","Job Title: ML Engineer
Requirements: Strong background in deep learning, machine learning, scikit-learn, tensorflow.
Experience: Minimum 3 years of relevant experience required.
Education: Bachelor's degree in Computer Science or related field required.
",aws;git;numpy;python;pytorch;scikit-learn;sql;tensorflow,deep learning;machine learning;scikit-learn;tensorflow,1,3,master,bachelor,50.0,33.33,100.0,82.98,62.41,1,1,Average,train,synthetic,,,,
PK006899,K02299,J00181,other,frontend,"         INSTRUCTIONAL COACH       Summary    I am a passionate, hard-working educator with over 30 years of experience in curriculum, instruction, and professional development. I have worked as an elementary teacher, Sacramento County Office of Education Curriculum Specialist, and instructional coach, providing on-site support and professional development for teachers and administrators throughout the state. Most recently, I have focused on helping districts transition to the Common Core State Standards, and I have led numerous trainings on their implementation and effective use in the classroom.       Experience     11/2011   to   01/2015     Instructional Coach    Company Name          Conducted research-based professional development trainings for teachers and staff in Direct Interactive Instruction, Common Core implementation strategies, and achievement-focused coaching Provided training and assistance in standards-based lesson design to support all students, with a particular focus on English Language Learners Delivered in-classroom coaching services that included demonstration lessons, co-plan/co-teach sessions, and observation/feedback consultations Supported districts with the implementation of the Synced Solution, a web-based tool that provides a CCSS scope and sequence for English Language Arts and Mathematics, K-12, unit progress monitoring assessments, and integration of existing textbooks and materials Utilized PC Microsoft Office (Word, Outlook), and internet search engines on a daily basis.         08/1997   to   12/2009     Company Name               01/2015   to   01/2012     Curriculum Specialist, English Language Arts    Company Name          Served as Coordinator, Reading Lions Project, K-3, funded by Packard Humanities Institute (PHI); scheduled and organized project-wide meetings and events, acted as liaison between PHI and 27 California school district coordinators Served as Coordinator, Instructor Recruitment and Support, Reading First and AB466/SB472 Institutes; recruited, hired, scheduled, monitored, and evaluated up to 600 seasonal instructors for statewide five-day, 40 hour professional development institutes (Open Court Reading 2002 and HM Reading 2003) Scheduled and organized Training of Instructor workshops and served as Lead Instructor for HM Medallions Member of Development Team that produced and edited training materials for K-6 ELA state adopted programs Served as site-coordinator for institutes of up to 1,200 participants in various cities throughout California Scheduled and supported national presenters for state-wide Reading Lions Center events Utilized Mac Microsoft Office (Word, Excel, PowerPoint) and FileMaker Pro on a daily basis.         08/1981   to   06/1997     Classroom Teacher    Company Name   －   City        Provided instruction in multiple content areas to develop academic skills, differentiating as needed for GATE, struggling students, and English Language Learners Collaborated with fellow teachers and administrators on instructional practice Assessed, recorded, and communicated students' academic and social/behavioral progress Planned and coordinated out-of-classroom learning experiences such as field trips and science camp Collaborated with parents, psychologists, psychiatrists, educational therapists, and tutors to provide accommodations for students with specific learning disabilities or behavioral needs.          Education     1983     Specialist Credential, Mild/Moderate, Coursework, CSU Sacramento, 1991-1995
Multiple Subjects Credential, CSU Sacramento, 1981 (Life credential granted             1976     Bachelor of Science  :   Anthropology    University of California   －   City        Anthropology Action Learning Systems, ""Direct Interactive Instruction"" Action Learning Systems, ""Building Background for ELA/Math Common Core State Standards"" SB 472 Training of Instructors, Lead Instructor, Houghton Mifflin Reading, Medallion Edition AB 1086 Training, Yolo County Office of Education, ""The Structure of the English Language"" CA Reading by Nine Conference, Los Angeles, ""CA Reading/Language Arts Framework: A Teacher's Guide"" Standards and Assessment Conference, Asilomar, ""A Multi-Level Staff Development Model"" Sacramento City Unified School District, ""Reading Strategies for the Intermediate Grades"" Davis USD, ""Using Literature Circles in the Classroom"" and ""A Learning Journey: Organizing for the Possibilities"" California Student Teachers Association, CSUS, ""Using Short Stories in the Classroom"" California Reading and Literature Project Academy, CSUS, ""Connecting Art and Literature"" and ""WalkingInto Literature: Prediction Activities"" CA Association of Independent Schools, ""Creative Report Writing"" and ""Comprehension Strategies from the CA Literature Project""         Interests    Maria Arguelles, Jane Fell Greene, Louisa Moats, Reading First Principal/Coach Summit Reading Lions Center, ""Making It Work for English Learners"" Michael Pressley, ""Reading Comprehension"" Linnea Ehri, Ed Kame'enui, Louisa Moats, Sally Shaywitz, ""National Reading Panel Symposium"" G. Reid Lyon, ""National Perspective on Improving Reading Achievement"" Ed Kame'enui, ""Effective Instructional Support Systems"" Louisa Moats, ""Morphology, Orthography, and Spelling"" Isabel Beck, ""Questioning the Author"" Jane Fell Greene, Language! Louisa Moats, California Reading Academy California Reading and Literature Project, Summer Institute Area III Writing Project, Sacramento Roger Taylor, PhD, ""Strengthening Your Program for Gifted Students"" Mel Levine, MD, ""Cognition and Behavior"" and ""The Dimensions of Attention and Language as Prototypes"" NOTABLE ACHIEVEMENTS Served on CA SBE Mathematics and Reading Professional Development Program Review Committee, 2008 Panel Member, CA SBE English Language Arts Adoption, 2000, 2002, 2008 Teacher Leader, UC Davis Invitational Cross Project Institute, 1995 Teacher Leader, California Reading and Literature Project, 1993-1996       Additional Information      PROFESSIONAL DEVELOPMENT and SPECIALIZED TRAINING Maria Arguelles, Jane Fell Greene, Louisa Moats, Reading First Principal/Coach Summit Reading Lions Center, ""Making It Work for English Learners"" Michael Pressley, ""Reading Comprehension"" Linnea Ehri, Ed Kame'enui, Louisa Moats, Sally Shaywitz, ""National Reading Panel Symposium"" G. Reid Lyon, ""National Perspective on Improving Reading Achievement"" Ed Kame'enui, ""Effective Instructional Support Systems"" Louisa Moats, ""Morphology, Orthography, and Spelling"" Isabel Beck, ""Questioning the Author"" Jane Fell Greene, Language! Louisa Moats, California Reading Academy California Reading and Literature Project, Summer Institute Area III Writing Project, Sacramento Roger Taylor, PhD, ""Strengthening Your Program for Gifted Students"" Mel Levine, MD, ""Cognition and Behavior"" and ""The Dimensions of Attention and Language as Prototypes"" NOTABLE ACHIEVEMENTS Served on CA SBE Mathematics and Reading Professional Development Program Review Committee, 2008 Panel Member, CA SBE English Language Arts Adoption, 2000, 2002, 2008 Teacher Leader, UC Davis Invitational Cross Project Institute, 1995 Teacher Leader, California Reading and Literature Project, 1993-1996         Skills    academic, Arts, Art, coaching, CA, content, CSU, English, FileMaker Pro, focus, instruction, Instructor, Mac, materials, Math, Mathematics, meetings, Excel, Microsoft Office, Office, Outlook, PowerPoint, Word, internet search engines, Organizing, progress, Reading, Recruitment, Report Writing, research, Short Stories, Staff Development, Teacher, training materials, workshops   ","Job Title: Frontend Developer
Requirements: Strong background in angular, css, javascript, node.
Experience: Minimum 1 years of relevant experience required.
Education: Master's degree in Computer Science or related field required.
",,angular;css;javascript;node,30,1,phd,master,0.0,100.0,100.0,34.16,43.54,0,0,Weak,test,kaggle,ARTS,,,
PK003381,K01127,J00090,other,backend,"         CONSULTANT           Career Focus    Analytical and results oriented professional with 2+ years of extensive experience in conducting, analyzing and interpreting customer, competitor and market intelligence across the marketing spectrum on customer segmentations and product categories. Excellent analytical skills and a strong sense of structure and logic. Ability to prepare high quality presentation and spreadsheet models. Passionate about providing high quality, cutting edge research and have an understanding of the complex profile of consumers and how business can tap directly into their habits, aspirations and attitudes Hands on experience working on projects encompassing market analysis, organization structures analysis, competitive benchmarking, financial analysis and other best practice studies across industries. Demonstrated ability to work effectively, both independently and in a team environment, in an atmosphere of multiple projects, shifting priorities, and deadline pressures. A confident and concise communicator with excellent relationship & team management skills. Possess a flexible & detail oriented attitude.       Summary of Skills        Familiar with SPSS software.
   Expert at MS Word, Excel and PowerPoint.
   Proficient in databases such as Gartner, Forrester, Datamonitor, OneSource, Factiva.              Professional Experience      Consultant    April 2012   to   April 2014     Company Name   －   City        Capgemini Consulting is the strategy and transformation consulting brand of Capgemini Group, with over 3000 business consultants serving clients across 5 continents across verticals) Key Responsibilities: Investigate & understand key business issues across verticals and providing clear, concise and timely analysis & recommendations.  Capable of designing research methods and turn research findings, market data and industry knowledge into actionable insights, providing critical thinking, insightful and forward looking statements that impact client's business.  Played a key role in redesigning the company's product offerings in response to a quickly changing market by researching the market extensively and developing comprehensive product profiles.  Employ a wide range of research tools, including primary and secondary sources alongside quantitative and qualitative consumer and business research.  Liaison directly with internal clients for project requirements and provide continued assistance through a consulting project.  Interact with personnel of multiple departments and at various levels in the organization.  Projects Executed: Strategic Research: Conducted independent in-depth and insightful research using databases and open source as a part of consulting engagement teams in developing strategies that affect businesses of global clientele.  Market Study / Competitor Analysis: Analyzing market size and growth, understanding trends and identifying key competitors and study the dynamic issues and events that affect the industry.  Engagements include leading vendor analysis of the SaaS HCM market, Big Data analytics competitor landscape study for an IT major client, market analysis for a green technology manufacturer, etc.  Conducted a vendor analysis and benchmarking study on social media monitoring tools to identify the effectiveness of each of the tools.  Best Practices Study / Benchmarking of Best Practices: Preparation of in-depth case studies of best-in-class organizations and benchmarking of costs, technologies and best practices across multiple verticals.  Projects include strategic, financial and operational benchmarking for a leading mid-stream Oil & Gas Company, social media benchmarking study for a leading pharma company, identify leading digital practices in wealth management industry etc.  Client Interface: Built client relationships as an advisor in order to solve critical business problems.  Supported client needs in a timely and efficient manner demonstrating a sense of urgency, tenacity, and commitment to quality and excellent client management.          Intern    April 2011   to   June 2011     Company Name   －   City        Pantaloon Retail is the flagship company of Future Group, India's retail pioneer, serving over 220 million customers across 85 cities and 60 rural locations through retail formats such as Big Bazaar, Central Malls and HomeTown) Customer Experience Management: Designed and implemented a marketing plan which included market research data from surveys, market analysis and revenue forecasts before and after implementation of the plan.  Commercial evaluation of Activations: Implemented sales promotion plans & new store concepts to generate sales for achievement of targets; coordinated the in-store promotional activities for new releases & special products.  Made recommendations on the financial feasibility of these activations and return on investment, based on the findings.  Activations Management: Responsible for planning and managing the activations at Bangalore Central in order to drive sales.          Intern    April 2008   to   June 2008     Company Name   －   City        The Goldman Sachs is leading global investment banking, securities and investment management firm that provides a wide range of financial services to a substantial and diversified client base that includes corporations, financial institutions, governments and high-net- worth individuals.) Investment Banking Operations: Worked with the team Treasury of Goldman Sachs to understand the key investment banking operations and studied the effectiveness of key investment banking operations.  Recommended a revision of the current threshold amount for inbound and outbound claims (interest claims, market fines and use of funds) resulting in a 58% increase in productivity of treasury team and reducing the total number of claims by 72%.          Education      Master's   :   Business Administration Marketing Management  ,   2012    Christ University      India    Business Administration Marketing Management        Bachelor's   :   Business Management  ,   2010    Christ University      India    Business Management          Additional Information      OTHER ACHIEVEMENTS: Received the 'Rewards and Recognition Award' within one year of service at Capgemini Consulting for outstanding work delivered in the month of April 2013        Skills    Benchmarking, Big Data, business research, Competitor Analysis, concise, Consulting, client management, critical thinking, clientele, Client, clients, databases, designing, financial, funds, Investment Banking, investment management, managing, Analyzing market, market analysis, marketing plan, market
research, Market, Excel, PowerPoint, MS Word, Oil, personnel, promotion, quality, researching, Research, Retail, sales, securities, SPSS, strategy, Strategic, surveys, Treasury, wealth
management   ","Job Title: Backend Developer
Requirements: Strong background in aws, django, docker, mysql, postgresql.
Experience: Minimum 2 years of relevant experience required.
Education: Master's degree in Computer Science or related field required.
",,aws;django;docker;mysql;postgresql,2,2,master,master,0.0,100.0,100.0,41.3,45.32,0,0,Weak,val,kaggle,CONSULTANT,,,
PK006263,K02087,J00194,other,fullstack,"         COMMUNICATIONS CONSULTANT       Summary      Client-focused communications professional with nearly 10 years   of internal communications, marketing, and public relations experience. Committed to producing results that deliver a unique blend of creativeness, strategy, and influence to advance company goals.         Technical Skills      Advising C-level executives  Effectively working in a large complex organization with multiple entities  Nonprofit and Public Relations agency experience  Experience in Adobe InDesign creative software and WordPress        Experience      Communications Consultant   08/2017   to   Current     Company Name   City  ,   State       Serves as an advisor, strategist, and writer for senior physician executives, including the Chief Quality Officer.  Authors and leads annual communication strategies designed to motivate, engage, and inform employees and key organizational stakeholders.  Develops internal send-all emails reaching more than 200,000 Kaiser Permanente employees.  Supports senior executives in high-profile speaking engagements including Kaiser Permanente's TEDx talks (10,000 livestream participants), Institute for Healthcare Improvement National Forum (5,500 attendees), and Kaiser Permanente's National Quality Conference (1,000+ attendees).  Built a communications function for the organization's research and development division which included establishing an intranet page, newsletter, monthly ""stand up"" meetings, quarterly all hands meetings, and roadshows to engage employees and key regional stakeholders.  Serves as the national program leader in marketing strategy designed to showcase the organization's clinical advancements to large broker and employer groups.  Rapidly develops stories for external website that feature patient and physician perspectives on a variety of medical advancements.  Led the organization-wide adoption and implementation strategy for new emergency communication system designed to keep employees informed and connected in the event of a crisis.  Serves as the national crisis communication representative for The Permanente Federation and eight Permanente Medical Groups.              Marketing Communications Specialist   06/2015   to   08/2017     Company Name   City  ,   State       Created clear and simple communication materials that empower members and prospects to make the best care decisions possible for themselves and their families.  Provided consultation on communication strategies that support member engagement.   Lead project manager for regional flu communications.  Project managed first kp.org cause-based marketing campaign that outperformed established benchmarks by 125%.   Produced creative print and digital advertising content to favorably position the organization with key member and non-member audiences.  Served as communications consultant and strategist to 22 medical facilities on matters that impact patient care.    Supported Legal department to ensure compliance with annual regulatory notifications to members.   Led cross-functional teams to draft a variety of communication that help members navigate the complexities of their health plan.            Internal Communications Specialist   05/2013   to   06/2015     Company Name   City  ,   State       Produced comprehensive communication materials that connected employees to strategic and operational goals.   Ensured organizational consistency in all aspects of communication to employees.  Authored weekly employee newsletter with readership of 4,600.  Responsible for the creation and posting of daily content on employee intranet page.  Served as lead project manager for communication of a $300 million renovation at regional medical center to reduce impacts to operations.  Developed creative concepts for employee communication projects to a variety of internal clients and business partners.   Wrote on behalf of the Regional Hospital Administrator to align employees with organizational and care delivery initiatives.           Public Relations Assistant   08/2010   to   04/2013     Company Name   City  ,   State       Managed volunteers at client events.  Organized speaking points for clients at public.  Supported meetings and press conferences key clients and business partners.  Wrote press releases and maintained relationships with members of the media.          Education      Master of Communication Management, M.C.M.      2016      University of Southern California   City  ,   State  ,   USA             Bachelor of Arts  :   Communication    2012      University of Hawaii   City  ,   State  ,   USA             Bachelor of Arts  :   Psychology    2012      University of Hawaii   City  ,   State  ,   USA             Board & Leadership Experience      Communications Chair, Board of Directors   12/2014   to   12/2015     Company Name   City  ,   State       Produced timely and comprehensive communication to chapter members about programs, workshops, and other matters of interest via digital and print chapter publications.        ","Job Title: Full Stack Developer
Requirements: Strong background in aws, javascript, node, react, typescript.
Experience: Minimum 4 years of relevant experience required.
Education: Master's degree in Computer Science or related field required.
",c,aws;javascript;node;react;typescript,10,4,master,master,0.0,100.0,100.0,37.41,44.35,0,0,Weak,train,kaggle,PUBLIC-RELATIONS,,,
PK006383,K02127,J00055,other,backend,"         MARKETING AND SPECIAL EVENTS COORDINATOR       Summary    Detail oriented, organized and personable Event Coordinator relocating from the West Coast. In depth understanding of the value of planning and confirming details of events to ensure success. Brings over 6 years of experience and lessons learned to ensure all elements of an event come together smoothly.       Core Qualifications          Vendor and subcontractor negotiations/relations   Combination of big picture thinking and attention to detail  Relationship building       Prioritization  Clear communications with all parties  Time line of required actions for successful event             Skills        Desktop Publishing Software: Microsoft Office Suite  Tech savvy and able to learn new software quickly and efficiently        Experience     01/2010   to   Current     Marketing and Special Events Coordinator    Company Name   －   City  ,   State       Plan and manage weekend seminars, social retreats, fundraisers and gala dinners from concept to completion.    Design all marketing materials, brochures and fliers for conferences and events.  Developed marketing strategy based on knowledge of establishment objectives and market characteristics.  Maintain and update company website on a daily basis.         08/2009   to   12/2009     Special Events and Public Relations Intern    Company Name   －   City  ,   State      Worked on media planning and corporate budget management.   Created and maintained the company's calendar of events.  Communicated with many vendors and publications on PR events  Assisted in planning retail and wholesale events nationwide.         05/2009   to   08/2009     Bronx and Central Park Zoo Special Events Intern    Company Name   －   City  ,   State       Shadowed Special Event Coordinator on multiple special events such as the Annual Gala and Corporate Outings.    Assisted event sales manager in walk-throughs and day-of-event logistics.         11/2007   to   02/2008     Public Relations Intern    Company Name   －   City  ,   State       Expanded website traffic through implementation of public relations support.    Contacted potential clients through internet blogging.  Represented and promoted the company to potential clients at media related event.         09/2006   to   06/2009     Assistant Manager    Company Name   －   City  ,   State      Pitched creative and original ideas to clients on a regular basis for potential events.  Met customers needs in a fast paced environment to maintain positive client relationship.  Designed and built samples for events and arrangements for sale.          Education     2009     BBA  :   Fashion Marketing and Special Events    LIM College   －   City  ,   State      GPA: 3.74 Magna Cum Laude Sigma Beta Delta International Honors Society Member     ","Job Title: Backend Developer
Requirements: Strong background in aws, flask, java, linux, python, spring boot.
Experience: Minimum 4 years of relevant experience required.
Education: Master's degree in Computer Science or related field required.
",,aws;flask;java;linux;python;spring boot,6,4,bachelor,master,0.0,100.0,0.0,35.32,28.83,0,0,Weak,val,kaggle,PUBLIC-RELATIONS,,,
PK005639,K01879,J00101,other,frontend,"         ACCOUNTANT III         Summary     Talented  Accountant  employing creative teaching strategies to engage students fully in the learning process.  A highly motivated Accounting professional with a verifiable record of accomplishment spanning over thirteen years. Highly creative, recognized as a results-oriented and solution-focused individual.       Highlights         Areas of strength include:  Accounts Payable  Account Reconciliation  Organizational Skills  Grant management  Work as Team Player	*Communication Skills  Time Management Skills  Research Abilities  General Ledger  General Journal  COMPUTER SKILLS  Microsoft Office  Groupwise/Outlook  UTShare             Experience      Company Name     January 2014   to   Current     Accountant III   City  ,   State     Responsible for grant management including preparing corrections, cost transfers, budget transfers, invoices and final reports.  Request cash drawdowns and complete monthly reconciliations for grants and contracts.  Correspond with outside granting agencies and University Grants and Contracts department to verify billing details.  Monitor accounts receivable balances.         Company Name     January 2007   to   January 2014     Assistant Accountant   City  ,   State     Full charge processing of all functions related to accounts receivable, accounts payable & purchasing, assists in year-end close out.  Independently research records and prepare journal entries as necessary.  Reconcile records and documents; record general ledger entries.  Analyze accounting records for compliance with DCCCD procedures.         Company Name     January 2006   to   January 2007     Accounting Clerk B   City  ,   State     Examined, coded, verified, balanced, and reconciled various kinds of transactions, invoices and reports.  Reconciled specific general ledger accounts and prepared adjusting journal entries as needed.  Maintained spreadsheets and other related files and documents to record accounting transactions.  Cash handling.         Company Name     June 2003   to   January 2004     Accounting Instructor   City  ,   State     Plan course instruction based on the approved syllabus/course outline provided to assure course content and learning objectives are met.   Design, administer, and grade examinations to assess achievement of course objectives as identified in the syllabus and as approved by the Academic Dean.  Schedule and post office hours to provide academic support to students, tutor if necessary, and provide other assistance as needed.   Start classes on time, conduct classes for the full time period, and enforce any applicable campus administrative policies.  Utilize a variety of teaching styles and methods to accommodate diverse learning styles of students.         Company Name     January 2003   to   January 2004     Student Accounts Representative/Bookkeeper   City  ,   State     Tracked and maintained student accounts throughout the collection process to ensure prompt payment of outstanding balances Advised students regarding their payment options and financial policies Provided customer service and answer student inquiries regarding their financial status Reviewed student payment plans for completeness and accuracy Posted student tuition and fees Issued system generated receipts Assisted in charging tuition and fees, as well as reviewing monthly earnings Updated appropriate tracking systems for timely billing and collections Processed forms related to student status changes in accordance with company policies and procedures Performed student account maintenance activities, including conducting account reviews, reconciling aging levels verifying account clearances, applying payments, monitoring collection activities, and updating accounts in compliance with established company AR management policies and procedures Responsible for billing third-party vendors for payment of student tuition and fees.         Education      Prairie View A & M University     2003       BBA  :   Accounting    Accounting Prairie View TX
*Member: Phi Beta Lambda, Future Business Leaders of America        University of North Texas     2013       BBA  :   Finance    Finance        Dallas TX              University of North Texas     2015       MBA  :   Strategic Management    Strategic Management        Accomplishments     Conducted a self-designed training class on Business Office Procedures; quarterly.  Trained 3 co-workers on job functions.  No Audit findings; 2012, 2013 & 2014.       Skills    Account Reconciliation, Accounting, Accounts Payable, Accounts Receivable, AR, Billing, Budget, Cash Handling, Closing, Coaching, Communication Skills, Contracts, Credit, Customer Service, Financial, Forms, General Ledger, General Ledger Acounts, Grants, Groupwise, Instructing, Mentoring, Merchandising, Microsoft Office, Outlook, Organizational Skills, Packaging, Policies, Pricing, Public Speaking, Purchasing, Receiving, Reconciling, Research, Spreadsheets, Team Player, Time Management, Year-End   ","Job Title: Frontend Developer
Requirements: Strong background in css, express, git, node, vue.
Experience: Minimum 3 years of relevant experience required.
Education: Bachelor's degree in Computer Science or related field required.
",,css;express;git;node;vue,0,3,master,bachelor,0.0,0.0,100.0,42.34,25.58,0,0,Weak,train,kaggle,ACCOUNTANT,,,
P002079,R00519,J00169,fullstack,fullstack,"Summary: Motivated engineer with 6 years of experience across full project lifecycles.
Technical Skills: aws, docker, express, git, javascript, mongodb, python, react, typescript.
Experience: Total of 6 years experience in software development and team collaboration.
Education: MCA in Computer Applications.
","Job Title: Full Stack Developer
Requirements: Strong background in express, javascript, python, react.
Experience: Minimum 2 years of relevant experience required.
Education: Master's degree in Computer Science or related field required.
",aws;docker;express;git;javascript;mongodb;python;react;typescript,express;javascript;python;react,6,2,master,master,100.0,100.0,100.0,100.0,100.0,1,3,Strong,train,synthetic,,,,
P002340,R00585,J00140,backend,backend,"Summary: Motivated engineer with 4 years of experience across full project lifecycles.
Technical Skills: aws, docker, flask, git, java, linux, python, spring, sql.
Experience: 4 years of professional experience including design, testing and deployment.
Education: BCA in Computer Applications.
","Job Title: Backend Developer
Requirements: Strong background in django, flask, git, java, postgresql, python.
Experience: Minimum 1 years of relevant experience required.
Education: Relevant practical experience valued; no strict degree requirement.
",aws;docker;flask;git;java;linux;python;spring;sql,django;flask;git;java;postgresql;python,4,1,bachelor,none,66.67,100.0,100.0,81.13,81.95,1,2,Good,train,synthetic,,,,
P001492,R00373,J00148,devops,devops,"Summary: Recent graduate seeking entry-level opportunity with strong project work.
Technical Skills: aws, azure, docker, kubernetes, linux, python.
Experience: Academic projects and internships covering design and implementation.
Education: M.Tech in Software Engineering.
","Job Title: DevOps Engineer
Requirements: Strong background in aws, docker, kubernetes, python, sql.
Experience: Minimum 2 years of relevant experience required.
Education: Master's degree in Computer Science or related field required.
",aws;azure;docker;kubernetes;linux;python,aws;docker;kubernetes;python;sql,0,2,master,master,80.0,0.0,100.0,93.47,70.37,1,2,Good,train,synthetic,,,,
PK004103,K01367,J00096,other,frontend,"         CHEF         Summary     Focused Operations Manager successful in contract negotiation and process improvement. Remains calm and poised even in high-pressure situations. Leverages in-depth knowledge of industry trends and shifts to offer valuable insights on opportunities for new growth and expansion.        Highlights          Strong creative vision  Management skills  Strong communication skills  Adaptable  Creative  Team player      Accurate money handling  Verbal/written communication  Hard-working Inventory control    Sound judgment  Computer-savvy  Calm under pressure  Complex problem solving            Experience      Company Name     April 2015   to   Current     Chef   City  ,   State      Cooking and Prepping food for guests Daily inventory assignments providing friendly customer service Accomplishments being a proactive team player, and being able to be willing to see a problem through to the end.          Company Name     October 2011   to   August 2013     head cashier   City  ,   State    my responsibilities were to provide  customer service to the customers. and handling daily money counts. also to provide change to other cashier        Company Name     March 2010   to   December 2011     Head Cashier   City  ,   State    provide a comfortable environment for customers , knowledge of movies and videos. maintain inventory counts of merchandise and other product, daily cash counts         Education      High School for Environmental Studies     2008       High School Diploma      City  ,   State              Kingsborough Community College      Liberal Arts    City  ,   State              Personal Information    Dedicated Customer Service Representative motivated to maintain customer satisfaction and contribute to company success. Always eager to learn and achieve new goals and overcome different tasks Core Strengths Sharp problem solver Active listening skills Strong organizational skills Energetic work attitude Courteous demeanor Adaptive team player Willing to relocate: Anywhere       Skills    balance, Cashier, Cooking, customer service, delivery, Forklift Operator, inventory, market, Microsoft Excel, Microsoft Word, natural, oil, organization skills, problem solving, shipping, team player, video editing, well organized, visual effects, adobe premiere   ","Job Title: Frontend Developer
Requirements: Strong background in express, git, react, typescript.
Experience: Minimum 1 years of relevant experience required.
Education: PhD or doctorate preferred.
",,express;git;react;typescript,0,1,bachelor,phd,0.0,0.0,0.0,47.4,11.85,0,0,Weak,train,kaggle,CHEF,,,
P000247,R00061,J00048,frontend,devops,"Summary: Software engineer with 3 years of experience building scalable applications.
Technical Skills: angular, css, git, html, linux, node, typescript.
Experience: 3 years of professional experience including design, testing and deployment.
Education: Master of Science in Data Science.
","Job Title: DevOps Engineer
Requirements: Strong background in azure, gcp, git, linux, python.
Experience: Minimum 4 years of relevant experience required.
Education: Bachelor's degree in Computer Science or related field required.
",angular;css;git;html;linux;node;typescript,azure;gcp;git;linux;python,3,4,master,bachelor,40.0,75.0,100.0,60.78,61.2,1,1,Average,train,synthetic,,,,
P002768,R00692,J00092,data_ml,data_ml,"Summary: Software engineer with 3 years of experience building scalable applications.
Technical Skills: aws, machine learning, mysql, pandas, postgresql, python, scikit-learn, sql, tensorflow.
Experience: Worked for 3 years as a software engineer delivering production systems.
Education: Bachelor of Science in Information Technology.
","Job Title: ML Engineer
Requirements: Strong background in deep learning, machine learning, scikit-learn, tensorflow.
Experience: Minimum 3 years of relevant experience required.
Education: Bachelor's degree in Computer Science or related field required.
",aws;machine learning;mysql;pandas;postgresql;python;scikit-learn;sql;tensorflow,deep learning;machine learning;scikit-learn;tensorflow,3,3,bachelor,bachelor,75.0,100.0,100.0,84.64,86.16,1,3,Strong,train,synthetic,,,,
PK006060,K02020,J00083,other,devops,"         GARDEN ASSOCIATE       Summary     Dedicated Customer Service Representative motivated to maintain customer satisfaction and contribute to company success.            Highlights          Exceptional customer service  Bilingual in [Spanish]  Sales expertise  Reliable      Strong work ethic  Team player  Excellent communication skills  Flexible            Accomplishments     Best Cashier in District award  3 Homer awards received for good customer skills/going above and beyond on basic job expectations.        Experience     02/2010   to   09/2013     Garden Associate    Company Name   －   City  ,   State      Helped customers select products that best fit their personal needs.  Maintained visually appealing displays for the entire store.  Built customer confidence by actively listening to their concerns and giving appropriate feedback.  stocked shelves and carried merchandise out on the floor for customers.         06/2009   to   12/2010     Construction Worker    Company Name   －   City  ,   State      Cleaned all construction areas to avoid hazards.  Removed old roofing materials.  Performed heavy labor such as ditch digging, paving and hauling.  Continually cleaned work areas and equipment.          06/2006   to   06/2008     Cashier    Company Name   －   City  ,   State      Took necessary steps to meet customer needs and effectively resolve food or service issues.  Received orders, processed payments and responded to guest concerns.  Recorded customer orders and repeated them back in a clear manner.  Resolved guest complaints promptly and professionally.  Served orders to customers at windows, counters and tables.          Community Service     Volunteer, Samaritan Community Center-2012         Education     2010     GED      Bentonville High School   －   City  ,   State               Skills     Computer skills: Windows, XP, PowerPoint, Microsoft Word, Excel, Outlook, Internet research     ","Job Title: DevOps Engineer
Requirements: Strong background in azure, docker, gcp, git, linux, sql.
Experience: Minimum 3 years of relevant experience required.
Education: Bachelor's degree in Computer Science or related field required.
",,azure;docker;gcp;git;linux;sql,0,3,bachelor,bachelor,0.0,0.0,100.0,37.92,24.48,0,0,Weak,train,kaggle,CONSTRUCTION,,,
PK000706,K00235,J00089,other,fullstack,"         INFORMATION TECHNOLOGY COORDINATOR       Professional Summary     Highly talented and accomplished Paralegal with extensive experience in investigative and online legal research. More than 5 years of experience working in the legal field. Knowledgeable in all aspects of case preparation and representation, previous court experience, familiar with filings, petitions, case management, and interviewing. Excellent research, documentation, reporting abilities, outstanding communication and presentation skills. Predisposed to procedural and methodological approaches to problem solving and analysis. Detail oriented with a demonstrated commitment to excellent customer service.        Core Qualifications          LexisNexis, Westlaw, Concordance, CaseMap  Knowledge of Local, State and Federal laws  Principles and Practices of Legal Communication  Court Procedures/Processes      Results-oriented  Client-focused  Interview Techniques and Methods  Word, Excel, PowerPoint, Access, Project            Experience      Information Technology Coordinator  ,   01/2014   -   Current    Company Name   -   City  ,   State      Worked across all levels of the organization to support the Corporate Information Officer (CIO) and the Senior Leadership Team.  Enable the CIO and Senior Leadership Team to effectively and efficiently execute their duties by continuously managing, maintaining appointment calendars, and documentation of forecasted project plans/milestones, communications derived from their initiatives, commitments, and ongoing management functions.  Single Point of Contact (SPOC) for in-house Information Technology Operations Assessment.  Maintain client files, vendor files and deal sensitively with confidential material and general office management.  Support business resiliency management program (BRM) in developing key principles and scope documentation.  Support IT communication and employee engagement by working cross-functionally to develop and organize IT Town halls and other functions.  Gather and analyze data to understand and assist in improving IT business communication, and functions.  Collect, compile and interpret data as it relates to business critical vulnerabilities.  Self-directed, detail oriented, outstanding organizational skills coupled with excellent task and time management skills.          Executive Assistant, Contractor  ,   01/2013   -   09/2013    Company Name   -   City  ,   State      Key executive support person in the management, coordination, and implementation of the operations of the Quality department; responsible for interacting on behalf of several Vice Presidents with all elements of the department and to foster productive relationships among key executives.  Organized, managed, and executed initial and follow-up communications, travel, facilities set-up, programs and program participants.  Oversaw the management of the Vice President's calendar and relieved him of managerial detail including, but not limited to, scheduling, rescheduling, and prioritizing as needed.  On-boarded and separate employees.  Governed computer hardware, software, computer peripheral equipment procurement and ensured set up of employee hardware.          Legal Administrative Supervisor  ,   10/2006   -   07/2012    Company Name   -   City  ,   State      Coordinated the support function in the Law School Division, Chicago Office.  Supervised temporary staff, performed administrative personnel related activities, monitored workflow, supervised and oriented new employees, and ensured efficiency of work processes.  Supported the Vice President of Sales, Director of Sales and several Attorneys within the law school organization and assisted with projects as needed.  Established work priorities, supervised, motivated and evaluated the work of assigned staff.  Prepared reports regarding workflow management and other business operations within the office.  Performed timekeeping, other administrative functions and coordinated the completion of timely performance appraisals.  Conducted research, organized data, generated reports, prepared correspondence, documents and presentations for attorneys and senior management.  Responsible for coordination of all client meetings: developed a tracking system to ensure timely and appropriate scheduling, created meeting materials including spreadsheets, handouts and executive summaries and ensured successful follow-up on action items resulting from meetings.          Education      2014    College of Lake County   -   City  ,   State      CFTC - Computer Forensics Technician Certification    Computer Forensics            2014    College of Lake County   -   City  ,   State      CFAC - Computer Forensics Analyst Certification    Computer Forensics            2013    College of Lake County   -   City  ,   State      Certificate of Completion, Paralegal Studies    Legal     Approved by the American Bar Association         2008    Strayer University   -     State      Bachelor of Science    Computer Information Systems InfoSec     Computer Information Systems, Emphasis in InfoSec  Graduated Summa Cum Laude         Certificate of Completion, Cisco Studies       Training for Cisco; CCNA, CCNA-Security, CCNA-Voice, (Microtrain, Lombard, IL) – 2012 – 2013         Encase and FTK Certification Candiate        (Training for Encase and FTK Certification) – 2016         Professional Affiliations     Member, Illinois Paralegal Association 	'		Member, National Federation of Paralegal Association  Member, Cook County Bar Association 	                  Member, Lake County Bar Association                                        Skills     Executive and Legal Support, Business Analysis, Strong Communication Skills, Business Operations,  Detail oriented, Documentation and Time Management,  Information Technology and Technical Support, Leadership, Legal Terminology, Managerial Experience, Meeting Organizational Skills, Advanced Problem-solving Skills, Paralegal , Performance appraisals, Personnel, Presentations, Processes, Procurement, Project Management, LR&W, Westlaw, LexisNexis    ","Job Title: Full Stack Developer
Requirements: Strong background in aws, git, javascript, mongodb, node, sql, typescript.
Experience: Minimum 3 years of relevant experience required.
Education: PhD or doctorate preferred.
",,aws;git;javascript;mongodb;node;sql;typescript,5,3,bachelor,phd,0.0,100.0,0.0,36.36,29.09,0,0,Weak,train,kaggle,INFORMATION-TECHNOLOGY,,,
P000131,R00032,J00008,data_ml,devops,"Summary: Motivated engineer with 4 years of experience across full project lifecycles.
Technical Skills: aws, git, linux, mysql, pandas, postgresql, scikit-learn, sql.
Experience: Worked for 4 years as a software engineer delivering production systems.
Education: Master of Science in Data Science.
","Job Title: DevOps Engineer
Requirements: Strong background in azure, git, github, linux, python, sql.
Experience: Minimum 2 years of relevant experience required.
Education: PhD or doctorate preferred.
",aws;git;linux;mysql;pandas;postgresql;scikit-learn;sql,azure;git;github;linux;python;sql,4,2,master,phd,50.0,100.0,0.0,64.91,56.23,0,1,Average,test,synthetic,,,,
P002231,R00557,J00096,data_ml,frontend,"Summary: Software engineer with 5 years of experience building scalable applications.
Technical Skills: deep learning, docker, git, linux, mysql, pandas, postgresql, sql.
Experience: 5 years of professional experience including design, testing and deployment.
Education: M.Tech in Software Engineering.
","Job Title: Frontend Developer
Requirements: Strong background in express, git, react, typescript.
Experience: Minimum 1 years of relevant experience required.
Education: PhD or doctorate preferred.
",deep learning;docker;git;linux;mysql;pandas;postgresql;sql,express;git;react;typescript,5,1,master,phd,25.0,100.0,0.0,57.89,44.47,0,0,Weak,val,synthetic,,,,
P002611,R00652,J00198,data_ml,devops,"Summary: Software engineer with 3 years of experience building scalable applications.
Technical Skills: docker, git, linux, numpy, pandas, pytorch.
Experience: 3 years of professional experience including design, testing and deployment.
Education: Master of Science in Data Science.
","Job Title: DevOps Engineer
Requirements: Strong background in aws, azure, docker, git, kubernetes, linux, python.
Experience: Minimum 3 years of relevant experience required.
Education: Bachelor's degree in Computer Science or related field required.
",docker;git;linux;numpy;pandas;pytorch,aws;azure;docker;git;kubernetes;linux;python,3,3,master,bachelor,42.86,100.0,100.0,62.31,67.72,1,1,Average,train,synthetic,,,,
P001697,R00424,J00099,fullstack,fullstack,"Summary: Software engineer with 4 years of experience building scalable applications.
Technical Skills: docker, javascript, mongodb, python, typescript.
Experience: Total of 4 years experience in software development and team collaboration.
Education: MCA in Computer Applications.
","Job Title: Full Stack Developer
Requirements: Strong background in docker, express, git, javascript, node, react.
Experience: Minimum 2 years of relevant experience required.
Education: Bachelor's degree in Computer Science or related field required.
",docker;javascript;mongodb;python;typescript,docker;express;git;javascript;node;react,4,2,master,bachelor,33.33,100.0,100.0,62.77,64.03,1,1,Average,train,synthetic,,,,
PK001882,K00627,J00007,other,data_ml,"         SR.  BUSINESS DEVELOPMENT DIRECTOR         Professional Summary      Highly ambitious in business development with background in sales, and marketing,  Expertise in market analysis, forecasting and client needs assessments.  Motivated in business sales with solid experience managing all levels of large-scale projects, including budgeting and administration.  Experienced  professional with strong leadership and relationship-building skills.  Skilled  with experience in the Aerospace industry. Familiar with spare parts and re-manufacturing.   Dynamic communicator who consistently exceeds goals and company expectations.  Client-focused Sales Representative with 8+ years of providing solutions to customers. Solid understanding of the [ systems and program areas].        Skills          Strong verbal communication  Data management  Process implementation  Powerful negotiator  Budgeting and finance      Team leadership  Self-motivated  Project management  Conflict resolution  Risk management processes and analysis            Work History      Sr.  Business Development Director  ,     01/2014   to   Current     Company Name   –   City  ,   State      Manage and develop business relations with insurance marketplace clients sales.  Direct sales team with software sales nationally.  Consult clients to assess technology requirements and advise on software to address their needs.  Lead project management for complete life cycle of software build and customization.         IT Program Manager  ,     01/2012   to   01/2014     Company Name   –   City  ,   State      Successfully built the confidence and trust of major companies, in Xerox software and support through astute assessment of client needs and the development of strategies to meet them, raising customer satisfaction ratings from 'not happy' to 'extremely happy'.  Devised and implemented a core process for project management that ensured sustained support, eliminated errors and achieved high levels of customer satisfaction.  Managed projects and support teams providing high quality of service to Xerox clients in Europe and USA, installing and supporting scanned invoice data software and international network installation between 4 countries.  Directed a team of 15 in the setup of a complex Xerox mailroom in Poland, networked between 3 countries, with a budget of $2M.  Provided project management for full lifecycle enhancement and break fix projects, recovering lost revenue.         Quality Engineering Analyst  ,     01/2007   to   01/2011     Company Name   –   City  ,   State      Instructor on Six Sigma tools and implementation techniques in a classroom setting.  Assisted in preparation of marketing materials for inter-departmental clients.  Implemented Six Sigma site support for best practice, and lead 20 departments in Six Sigma Lean pilot projects on production line and business practices including conducting such process improvements as Root Cause Analysis.  Coordinated Six Sigma best business practices/tier audits/environmental health and safety planning for rocket engine production and NASA support with configuration management Led a team that achieved company 'Gold Standard' for the development and delivery of a customer focused strategy that consistently achieved error free completion, and on time delivery, in full consultation with customer to ensure needs were met.  On time delivery equated to a savings of $1.5M for the company.  Developed quality management programs to assist internal staff, suppliers, customers and partners with initiatives to re-engineer processes and methods that ensured the attainment of cost, efficiency and quality objectives.  Assessed, monitored and implemented systematic process improvements on a wide variety of complex projects including but not limited to building space shuttle main engines, RS-25 engine, X-51 Hypersonic engine, Nuclear and Electric ION engine, RL10, F119 and F135 military jet engines.  This support included NASA contracts.         Quality Engineering Analyst  ,     01/1997   to   01/2007     Company Name   –   City  ,   State      Played a key role in the Advanced Projects Group - Radar cross section X and Ku band Material science methods for ceramic materials with AutoCAD Nozzle design for jet engine with infrared applications.  Technical analyst for F-22 F119 engine and F-35 F135 engine IR and Radar cross section analysis Held responsibility for providing information security support for all classified Nispom programs.  Provided department business development consultancy to identify and implement process improvements.  Key design support for computer contractors implementing a classified computing center.         Distributed Computer Systems Analyst / Network Administrator  ,     01/1990   to   01/1996     Company Name   –   City  ,   State      Provided computer consultancy and support for more than 200 workstations across 5 counties.  Installed and maintained Microsoft Windows server networks.  Coordinated and managed computer equipment logistics.         Skills    analyst, AutoCAD, budget, business development, develop business, configuration management, consultation, contracts, client, clients, customer satisfaction, delivery, Direct sales, engineer, environmental health and safety, information security, instructor, insurance, logistics, marketing materials, materials, Material science, Microsoft Windows, Radar, network installation, networks, processes, project management, quality, quality management, sales, Six Sigma, strategy      Education      Doctor of Business Administration Management (D.B.A  :         Argosy University   -   City  ,   State           Master of Business Administration (M.B.A  :         Embry Riddle University   -     State           B. S. Computer Science  :   Computer Science  ,   1984     Southern University   -   City  ,   State           Additional Information      AWARDS & ACHIEVEMENTS Process Improvement Gold Site Recertification Award (Space Shuttle- Pratt & Whitney) 	2009 Eagle Award (Process Improvement Gold Certification, Space Shuttle)	2006 - 2008 Eagle Award (Cost saving to company of $500,000) 	2002 High Performance Achievement Award (F22 & F35 Tactical Fighter Jets)  	2001 Managed state-of-the-art supercomputing facility construction (Pratt & Whitney)          2000          Private Pilot Certificate          Ongoing         Certifications      Certified Airman (private pilot)     ","Job Title: ML Engineer
Requirements: Strong background in docker, machine learning, python, pytorch.
Experience: Minimum 2 years of relevant experience required.
Education: Master's degree in Computer Science or related field required.
",,docker;machine learning;python;pytorch,8,2,master,master,0.0,100.0,100.0,38.17,44.54,0,0,Weak,train,kaggle,BUSINESS-DEVELOPMENT,,,
P001526,R00381,J00081,frontend,frontend,"Summary: Results-driven developer with 3 years of hands-on industry experience.
Technical Skills: angular, css, express, git, github, node, react, sql, typescript, vue.
Experience: Total of 3 years experience in software development and team collaboration.
Education: MCA in Computer Applications.
","Job Title: Frontend Developer
Requirements: Strong background in angular, express, github, html, javascript, vue.
Experience: Minimum 2 years of relevant experience required.
Education: Bachelor's degree in Computer Science or related field required.
",angular;css;express;git;github;node;react;sql;typescript;vue,angular;express;github;html;javascript;vue,3,2,master,bachelor,66.67,100.0,100.0,83.38,82.51,1,2,Good,train,synthetic,,,,
PK000408,K00136,J00053,other,devops,"         FLORAL DESIGNER       Summary    I am a retail floral designer who is energetic, outgoing and detail-oriented. I can handle multiple responsibilities simultaneously while providing exceptional customer service. I have been in floral sales for 13 years and in other avenues of retail sales for over 20 years. I am a driven and results-focused professional seeking a position in a company in which I can share my talents.          Experience         10/2014   to   01/2015     Company Name   City  ,   State       Plan arrangement according to client's requirements, utilizing knowledge of design and properties of materials, or select appropriate standard design pattern.  Cheerfully assisted staff to have a productive and festive holiday season.  Resolve customer complaints regarding sales and service.  Greet customers and ascertain what each customer wants or needs.  Attended sales seminar to learn techniques for increasing sales for each order.Suggestive selling.          Floral Designer   01/2006   to   09/2014     Company Name   City  ,   State       Open store in morning.  Filing sales receipts, taking phone orders, collecting orders from Teleflora Dove system.  Confer with clients and giving quality customer service regarding price and type of floral arrangement or gourmet fruit basket desired and the date, time, and place of delivery.  Trim material and arrange bouquets, wreaths, terrariums, and other items using trimmers, shapers, wire, pins, floral tape, foam, and other materials.  Perform office and retail service duties such as keeping financial records, serving customers, answering telephones, selling giftware items and receiving payment.  Inform customers about the care, maintenance, and handling of various flowers and foliage, indoor plants, and other items.  Decorate or supervise the decoration of buildings, halls, churches, or other facilities for parties, weddings and other occasions.  Itemize and total customer merchandise selection at checkout counter, using cash register, and accept cash or charge card for purchases.  Attend floral symposiums to learn the latest floral trends for weddings and everyday design.  Design and set up advertising signs and displays of merchandise on shelves, counters, or tables to attract customers and promote sales.          Floral Designer   07/2002   to   11/2005     Company Name   City  ,   State       Worked in a dedicated team of six floral designers being able to multi task between selling, designing and answering the phone.  Created floral designs for hospital functions and organized delivery for on time arrival for the event.  Monitor customer preferences to determine focus of sales efforts.  Place prices or descriptive signs on backdrops, fixtures, merchandise, or floor.  Motivated staff to be positive and to give exceptional customer service in a hospital environment.  Take inventory or examine merchandise to identify items to be reordered or replenished.  Stock shelves, racks, cases, bins, and tables with new or transferred merchandise.          Education      Associates Degree  :   Retail   May 1979       CAPE COD COMMUNITY COLLEGE   City  ,   State       Retail        CC Community College / Travel and Tourism Certificate 1999 Cass Floral School / Floral Design Certificate 2000                  Skills    advertising, cash register, Resolve customer complaints, client, clients, customer service, delivery, designing, Filing, financial, focus, inventory, materials, office, 2000, quality, receiving, retail, selling, sales, tables, telephones, phone, type   ","Job Title: DevOps Engineer
Requirements: Strong background in aws, docker, gcp, git, kubernetes, linux, python.
Experience: Minimum 3 years of relevant experience required.
Education: Relevant practical experience valued; no strict degree requirement.
",,aws;docker;gcp;git;kubernetes;linux;python,20,3,bachelor,none,0.0,100.0,100.0,32.03,43.01,0,0,Weak,train,kaggle,DESIGNER,,,
PK006666,K02222,J00078,other,devops,"         PARK OPERATIONS HOSTESS         Summary     Highly experienced in banking, customer service, data entry, publicity, editing, and a wide range of computer skills   Software (PC and MAC environments): Computerized cash registers, invoice, scheduling, and inventory software, Microsoft Windows® and Microsoft Word, Excel, OneNote, PowerPoint and Photoshop.   A strong literary background coupled with up-to-date technological knowledge.       Highlights         Software (PC and MAC environments): Microsoft Windows® and Microsoft Word, PowerPoint, Excel and Publisher      Time management  Meticulous attention to detail  Excellent communication skills  Strong problem solver  Multi-line phone proficiency  Filing and data archiving            Accomplishments      Data Organization     Improved office organization by compiling quarterly budget reports, financial spreadsheets, organizational charts and company data reports using advanced Microsoft Excel functions.    Multitasking     Demonstrated proficiencies in telephone, e-mail, fax and front-desk reception within high-volume environment.    Customer Service     Handled customers effectively by identifying needs, quickly gaining trust, approaching complex situations and resolving problems to maximize efficiency.         Experience      Company Name    City  ,   State    Park Operations Hostess   09/2014   to   Current       Provide exceptional guest service by greeting and interacting with guests, answering questions and resolving guest issues Ensure safe and efficient line speed and crowd flow through park rides and stadiums Operate and monitor ride systems following all company safety policies and procedures, including proper loading/unloading of guests and ride evacuations Perform and record guest counts hourly and communicate to other departments as needed For special events, staff gates and pathways to direct guests to attractions Assist with park emergencies including inclement weather.          Company Name    City  ,   State    Activities Associate   02/2014   to   10/2014       Presenting programs in front of groups of participants of varying ages Assisting in the implementation of various group activities Handling reservations and accepting cash and credit card payments Recording inventory of equipment and ensuring that equipment is functional.  Checking out and returning various equipment for guests Assisted guests with planning their schedules at the resort and recommended activities and events based on their needs.  Senior Publicist for Sharyn McCrumb, New York Times Bestselling Author.          Company Name    City  ,   State    Senior Publicist   06/2006   to   05/2014       Cash and check deposits, process loan expenses and open new accounts Created and developed publicity strategies to drive business goals Pitched and secured print media, television, online and radio interviews Developed press materials such as press releases and kits, fact sheets and related communication Built and maintained relationships with media personnel Oversaw tours and media events Achievement: Hired as publicist; promoted because of demonstrated management skill and innovative ideas.          Company Name    City  ,   State    Certified Senior Teller   07/2012   to   05/2013       Maintained appropriate cash limits, cashed checks, established deposits, and issued cashier's checks, cash orders, traveller's checks, money advances, and funds transfers.  Cash and check deposits, process loan expenses and open new accounts.  Perform cash management, customer service, balance cash drawer and petty cash management.  Achievement: Hired as junior teller; promoted because of accurateness, pace, and skills.          Company Name    City  ,   State    Manager   04/2004   to   10/2010       Supervised and trained employees, answered phones, accepted reservations and took payments; was in charge of general care and cleanliness of facility.          Education      Bachelor of Arts  :  English Literature   2010     Roanoke College  ,   City  ,   State  ,   United States    GPA:   Cum Laude Graduate Cum Laude     Cum Laude English Literature Graduate Cum Laude              2006     North Cross School  ,   City  ,   State              Certifications    Certified in Lifeguarding, CPR, AED, and First Aid through the American Red Cross.      Interests    2006 Regional Champion, English Speaking Union Shakespeare Monologue and Sonnet competition.      Languages    Conversational knowledge of Spanish language. Ability to read and write French and Spanish.      Professional Affiliations    Sigma Tau Delta International English Honour Society Member
Kappa Delta Pi Honour Society Member
President (2010-2011) and founding student member of Roanoke College Peace and Justice Association
Member of Ruritan Club (Catawba Chapter) January 2004-May 2010      Skills    balance, cash management, cashier, CPR, credit, customer service, special events, First Aid, French, functional, funds, inventory, MAC, materials, Excel, money, PowerPoint, Publisher, Microsoft Word, personnel, policies, Presenting, press, press releases, print media, Publicist, publicity, radio, read, Recording, safety, Spanish, Spanish language, phones, television, Author      Additional Information      Honours and Activities
2006 Regional Champion, English Speaking Union Shakespeare Monologue and Sonnet competition.     ","Job Title: DevOps Engineer
Requirements: Strong background in azure, git, kubernetes, linux, python.
Experience: Minimum 4 years of relevant experience required.
Education: Bachelor's degree in Computer Science or related field required.
",,azure;git;kubernetes;linux;python,0,4,bachelor,bachelor,0.0,0.0,100.0,38.33,24.58,0,0,Weak,train,kaggle,BANKING,,,
P002233,R00558,J00033,devops,devops,"Summary: Software engineer with 8 years of experience building scalable applications.
Technical Skills: aws, azure, docker, gcp, git, kubernetes, linux, python, sql.
Experience: Worked for 8 years as a software engineer delivering production systems.
Education: Bachelor of Science in Information Technology.
","Job Title: DevOps Engineer
Requirements: Strong background in gcp, git, kubernetes, linux.
Experience: Minimum 3 years of relevant experience required.
Education: Bachelor's degree in Computer Science or related field required.
",aws;azure;docker;gcp;git;kubernetes;linux;python;sql,gcp;git;kubernetes;linux,8,3,bachelor,bachelor,100.0,100.0,100.0,99.79,99.95,1,3,Strong,train,synthetic,,,,
P001454,R00363,J00045,devops,backend,"Summary: Motivated engineer with 3 years of experience across full project lifecycles.
Technical Skills: aws, azure, gcp, git, github, python, sql.
Experience: 3 years of professional experience including design, testing and deployment.
Education: B.Tech in Computer Science.
","Job Title: Backend Developer
Requirements: Strong background in django, linux, postgresql, spring boot.
Experience: Minimum 2 years of relevant experience required.
Education: Bachelor's degree in Computer Science or related field required.
",aws;azure;gcp;git;github;python;sql,django;linux;postgresql;spring boot,3,2,bachelor,bachelor,0.0,100.0,100.0,40.03,45.01,0,0,Weak,train,synthetic,,,,
PK006036,K02012,J00195,other,backend,"         CARPENTER APPRENTICE         Professional Summary     Former construction and carpentry worker committed to high-quality workmanship and safe environments. Over 4 years of hands-on experience working with remodeling projects in residential and commercial construction. Dedicated work ethic and exceptional attendance record. I am motivated to learn new trades and skills. Interested in growing career and fostering leadership capabilities. Professional Construction Laborer with excellent interpersonal skills. Works in timely and efficient manner to see tough jobs through to completion.       Skills          Cabinetry  Material prepping  Construction drawing interpretation  Carpentry techniques  Oral and written communication      Materials handling  New construction and renovation  Drywalling  Safety and compliance            Work History      Carpenter Apprentice  ,     10/2017   to   09/2019     Company Name   –   City  ,   State      Assisted with movement of materials and equipment to job sites  Worked with master carpenters to install decks for both residential and commercial customers  Installed and repaired woodwork, millwork and cabinetry under supervision of master carpenter  Kept job site cleaned up properly and all debris disposed of in respective containers  Interpreted specifications and construction drawings to understand tasks necessary to complete each job  Accepted feedback from foreman and journeyman carpenter, implementing suggestions into later work  Observed all OSHA and corporate safety regulations and procedures  Led variety of projects from start to finish, including garages, residential homes and additions  Repaired roofs and flooring and remodeled bathrooms and kitchens to complete projects in satisfactory time  Effectively used all fasteners such as nails, screws, pneumatic nailing systems, concrete anchors, powder-actuated fasteners and framing connectors  Proactively managed projects to obtain 100% customer satisfaction for all custom work  Installed interior finish items, including wall protection, doors and hardware, toilet accessories, cubicle curtain tracks and TV brackets  Installed drywall, ceilings, trim and fabricated replacement trim and moldings         Construction Worker  ,     08/2016   to   09/2017     Company Name   –   City  ,   State      Supported customer preferences with basic carpentry work such as installing wooden floors and crown molding  Consulted with customers to understand desires and help each owner meet individual property objectives  Gathered and disposed of work site debris to remove safety hazards and boost team productivity  Monitored materials inventory and requested items for restocking for each job  Loaded and unloaded building materials used for construction  Safely operated mowers, chain saws, electric clippers, sod cutters and pruning saws to clear construction sites, roadbeds and access roads  Erected and removed temporary structures such as trench liners and scaffolding to meet team needs  Enhanced team efficiency and multitasking abilities by effectively using hand tools, power tools and equipment  Gathered waste and trash from job sites for placement in refuse containers to keep job sites clean and organized         Education      High School Diploma  :     04/2010     Buffalo High School   -   City  ,   State             CSHO (Certified Safety & Health Official)  ,   01/2020     TEEX   -   City             Skills      Cabinetry  Material prepping  Construction drawing interpretation  Carpentry techniques  Oral and written communication    Materials handling  New construction and renovation  Drywalling  Safety and compliance        Work History      Carpenter Apprentice  ,   10/2017   to   09/2019     Company Name   –   City  ,   State      Assisted with movement of materials and equipment to job sites  Worked with master carpenters to install decks for both residential and commercial customers  Installed and repaired woodwork, millwork and cabinetry under supervision of master carpenter  Kept job site cleaned up properly and all debris disposed of in respective containers  Interpreted specifications and construction drawings to understand tasks necessary to complete each job  Accepted feedback from foreman and journeyman carpenter, implementing suggestions into later work  Observed all OSHA and corporate safety regulations and procedures  Led variety of projects from start to finish, including garages, residential homes and additions  Repaired roofs and flooring and remodeled bathrooms and kitchens to complete projects in satisfactory time  Effectively used all fasteners such as nails, screws, pneumatic nailing systems, concrete anchors, powder-actuated fasteners and framing connectors  Proactively managed projects to obtain 100% customer satisfaction for all custom work  Installed interior finish items, including wall protection, doors and hardware, toilet accessories, cubicle curtain tracks and TV brackets  Installed drywall, ceilings, trim and fabricated replacement trim and moldings         Construction Worker  ,   08/2016   to   09/2017     Company Name   –   City  ,   State      Supported customer preferences with basic carpentry work such as installing wooden floors and crown molding  Consulted with customers to understand desires and help each owner meet individual property objectives  Gathered and disposed of work site debris to remove safety hazards and boost team productivity  Monitored materials inventory and requested items for restocking for each job  Loaded and unloaded building materials used for construction  Safely operated mowers, chain saws, electric clippers, sod cutters and pruning saws to clear construction sites, roadbeds and access roads  Erected and removed temporary structures such as trench liners and scaffolding to meet team needs  Enhanced team efficiency and multitasking abilities by effectively using hand tools, power tools and equipment  Gathered waste and trash from job sites for placement in refuse containers to keep job sites clean and organized      ","Job Title: Backend Developer
Requirements: Strong background in django, mongodb, mysql, sql.
Experience: Minimum 1 years of relevant experience required.
Education: Bachelor's degree in Computer Science or related field required.
",,django;mongodb;mysql;sql,4,1,master,bachelor,0.0,100.0,100.0,38.79,44.7,0,0,Weak,train,kaggle,CONSTRUCTION,,,
P001380,R00345,J00150,backend,backend,"Summary: Recent graduate seeking entry-level opportunity with strong project work.
Technical Skills: aws, docker, java, linux, python, spring, spring boot, sql.
Experience: Academic projects and internships covering design and implementation.
Education: MCA in Computer Applications.
","Job Title: Backend Developer
Requirements: Strong background in docker, fastapi, linux, mongodb, mysql, python, sql.
Experience: Minimum 4 years of relevant experience required.
Education: PhD or doctorate preferred.
",aws;docker;java;linux;python;spring;spring boot;sql,docker;fastapi;linux;mongodb;mysql;python;sql,0,4,master,phd,57.14,0.0,0.0,73.16,41.15,0,0,Weak,train,synthetic,,,,
PK004519,K01506,J00014,other,fullstack,"         FINANCE MANAGER           Highlights          Essbase  PeopleSoft  Tableau  Access  Excel  Hyperion              Experience      Company Name     July 2014   to   Current     Finance Manager   City  ,   State      Develop financial models for Professional Lab Services (PLS) management team and assists in the preparation of business cases for new lab management deals.  Reviews deal models and underlying assumptions to ensure effective financial decisions are being made.  Spearheads monthly actual to budget financial analysis and capital expenditure review for managed labs.  Leads an investigation team that audits deals that are not meeting financial expectations and presents findings with provides recommended solutions to senior leadership.  Streamlined and standardized monthly financial reporting for all existing managed labs.  Presents quarterly financial results and outlook to General Manager, PLS and regional senior leadership.  Established deal tracking mechanism to track financial performance compared to the deal model.  Coordinates with business partners to build annual budgets and quarterly forecasts for existing managed labs and projects future revenue/OM growth.  Reviews business cases for incremental capital expenditure requests for existing managed labs.  Develops PLS department annual cost budget and reviews with General Manager, PLS and Senior Finance Leaders.          Company Name     June 2012   to   July 2014     Senior Financial Analyst   City  ,   State      Partnered with the region's Operational Leadership Team and provided financial support to each function by reviewing functional P&L results, FTE/productivity trends, invigorate cost savings, and addressing ad hoc requests.  Performed monthly P&L trend analysis for a $1.5 Billion region, ensuring the accuracy of the financial statements and communicated key drivers of variances to budget to the Regional Finance Director.  Review journal entries and reconciliations prepared by Centralized Accounting to ensure accuracy.  Built and automated budget/forecasting models to ensure accurate and efficient updates to forecasts.  Lead the headcount and Salaries, Wages, and Benefits forecasting for a region of 5,000 employees and conducted a monthly review with the region's Operational Leadership Team.  Budgeted, forecasted, and monitored the region's monthly supplies expense, including analyzing overall cost per requisition, client supply cost per requisition, and allergen volume trends.  Forecasted and budgeted monthly operating expenses including Automobile, Shuttle, Rent, Telecommunications, Utilities, and Depreciation.  Prepared the daily specimen volume report for the region, including forecasting volume cycling and analyzing trends.  Spearheaded the region's cost of testing update initiative and communicated results to the Regional Finance Director and Corporate Pricing.  Budgeted, forecasted, and monitored the region's capital spending.  Regional Fixed Asset subject matter expert, coordinating the addition, transfer, and disposal of assets.  Developed and implemented new processes to improve internal controls and gain efficiencies.  Supported the Regional Finance Director and process owners during Internal Audits and SOX testing.  Indirectly managed/mentored one individual.          Company Name     November 2010   to   June 2012     Senior Auditor - Internal Audit   City  ,   State      In-charged and performed audits of domestic and international business units.  Supervised 2-5 Staff and Senior Auditors, provided on the job training, established time frames for task completion, and communicated key objectives and goals.  Headed Foreign Corrupt Practices Act (FCPA) auditing for the company consisting of interviews with international Business Unit senior management and testing procedures.  Worked with Legal Counsel on remediation of control deficiencies and FCPA policy violations identified.  Conducted audit planning, including risk assessment, scoping, budgeting resource needs, assigning work areas, and scheduling audit timing.  Updated audit work programs to better address potential risks within business processes.  Wrote internal audit reports, rated the audit findings based on risk, determined the report opinion based on audit findings, and provided management with an effective recommendation.  Implemented the use of data analytic procedures, increasing the efficiency and effectiveness of audits.  Managed one direct report, ensuring successful career development.          Company Name     August 2008   to   November 2010     Senior Auditor   City  ,   State      Performed financial audits of SEC corporations and governmental entities.          Education           May 2008       Bachelor of Science  :   Business Administration    GPA:   GPA: 3.95    Business Administration GPA: 3.95 Seton Hall Varsity Swim Team: NCAA Division I, Big East Conference        Seton Hall University     December 2009       MS  :   Professional Accounting    City  ,   State      GPA:   GPA: 3.94    Professional Accounting GPA: 3.94        Skills    Accounting, ad, auditing, Benefits, budgeting, budgets, budget, business processes, client, drivers, Essbase, senior management, Finance, financial, financial analysis, financial audits, Develop financial models, financial reporting, financial statements, forecasting, functional, General Manager, Hyperion, Internal Audits, internal audit, international Business, Leadership, Legal, Director, Access, Excel, outlook, PeopleSoft, Pricing, processes, risk assessment, SOX testing, scheduling, Tableau, Telecommunications, trend, Utilities   ","Job Title: Full Stack Developer
Requirements: Strong background in docker, git, mongodb, node.
Experience: Minimum 2 years of relevant experience required.
Education: Master's degree in Computer Science or related field required.
",,docker;git;mongodb;node,0,2,bachelor,master,0.0,0.0,0.0,33.04,8.26,0,0,Weak,train,kaggle,FINANCE,,,
P002911,R00727,J00182,data_ml,data_ml,"Summary: Results-driven developer with 4 years of hands-on industry experience.
Technical Skills: aws, deep learning, docker, git, linux, machine learning, mysql, postgresql, python, scikit-learn, sql.
Experience: 4 years of professional experience including design, testing and deployment.
Education: Bachelor of Science in Information Technology.
","Job Title: ML Engineer
Requirements: Strong background in aws, docker, python, scikit-learn.
Experience: Minimum 3 years of relevant experience required.
Education: Relevant practical experience valued; no strict degree requirement.
",aws;deep learning;docker;git;linux;machine learning;mysql;postgresql;python;scikit-learn;sql,aws;docker;python;scikit-learn,4,3,bachelor,none,100.0,100.0,100.0,93.67,98.42,1,3,Strong,train,synthetic,,,,
PK005167,K01722,J00040,backend,backend,"         ENGINEERING OFFICER       Objective     Looking for opportunities to work in an research environment for creating solutions using digital systems at circuit as well as system level.       Education      Master of Science  :   Electrical Engineering   2017       North Carolina State University   City  ,   State  ,   USA             Bachelor of Engineering  :   Instrumentation and Control Engineering   2013       Netaji Subhas Institute Of Technology   City  ,   State  ,   India      Majored with  78.34 %, First Class With Distinction    Academic Merit Award 2011-12 and 2012-13         Experience      Engineering Officer   07/2014   to   06/2015     Company Name   City  ,   State      Spearheaded a team of electricians and technicians to carry out preventive maintenance of equipment of LPG bottling plant. Role also entailed procurement of spares and materials and maintain inventory at plant. Major tasks involved:   Maintenance and calibration of equipment such as cylinder gas leak detectors, washer leak detectors, gas analyzers etc.   Upkeep of electrical panels and control systems.  Maintenance of drive units, compressors, LPG pumps etc.   Modified and developed various plant equipments to improve production line throughput.           Operations Officer   06/2013   to   06/2014     Company Name   City  ,   State      Oversaw the operations of LPG bottling plant production activities.    Managed workforce on the production line to give maximum production while maintaining safety standards.  Optimized the production line equipment and maintained regular  calibration checks of equipments like quality check machines to produce hazard free bottled cylinders.           Intern   06/2012   to   07/2012     Company Name   City  ,   State      Engaged in various automation and control system design using Distributed Control Systems and Programmable Logical Controllers. Learned interfacing of instruments with Controllers and their respective communication protocols.  Documented and created a report as a reference manual on the technical details of various systems and instruments which was presented to the company.          Intern   06/2011   to   07/2011     Company Name   City  ,   State      Learned about the various instruments used in different process applications of the petroleum refinery. Knowledge of the use of intrinsically safe devices in hazardous areas and the ratings of equipment as per the hazardous zones. Interfacing of these instruments with Distributed Control Systems and parameters of tuning the PID controllers         Published Work      Research Paper:    K.P.S. Rana, N. Mittra,  N. Pramanik , P. Dwivedi and P. Mahajan: "" Virtual Instrumentation Approach to Neural Network Based Thermistor Linearization on Field Programmable Gate Array ""; Experimental Techniques  Volume 39, Issue 2, pages 23–30,   Jan 2013        Conference Presentation:    K. P. S. Rana, Vineet Kumar,  Neel Pramanik , Nishant Mitra, Sumit Kumar Shakya: "" Some  Applications of     FPGA in Custom Waveform Generation and Triggering for Metrology "";Conference: 8th International Conference on Advances in Metrology (AdMET), Organised jointly by CSIR-NPL and Metrology Society of India, At New Delhi, India,   Feb 2013         Projects      Company Name   City  ,   State         Engineering Officer   12/2014        Programmable Logic Controller (PLC) Based Chain Conveyor Tripping System   Designed a control loop which was interfaced with a Allen Bradely PLC controller to read the current readings of individual drive units and provide appropriate tripping signals as per the motor health.                        Engineering Officer   06/2014        Infrared Sensor based telescopic boom tripping system   IR sensor based intrinsically safe system that detects presence of objects in front of moving machinery and trips them instantly.                        Operations Officer   01/2014        Infrared sensor based automatic hot air sealing machine   Modified old pneumatic based cylinder sealing system to an electro-pneumatic and infrared sensor based sealing system. Improved production line performance by 1000 cylinders/ hour.          Company Name   City  ,   State         Bachelor of Engineering   06/2013        Some Intelligent Controllers for HVAC system   Implementation of various control techniques for power management like PWM, PI control , Fuzzy PI control on FPGA target which was the standalone controller for the HVAC system. Designed and implemented a modern Fractional Order PI controller on target which obtained better results.          Skills       Design Software:  LabVIEW, Synopsys Design Vision, Modelsim, Cadence Virtuoso   Programming Languages:  C/C++, Verilog   Operating Systems:  Windows, Linux, OSX   Equipment:  Oscilloscope, Spectrum Analyzer, Multimeter         Accomplishments      Certificate of Merit in academics, NSIT, 2011-12, 2012-13  Green House Vice Captain, Senior Secondary  Black Belt in Taekwon-do     ","Job Title: Backend Developer
Requirements: Strong background in django, docker, git, java, mongodb, spring, spring boot.
Experience: Minimum 4 years of relevant experience required.
Education: Bachelor's degree in Computer Science or related field required.
",c;c++;linux,django;docker;git;java;mongodb;spring;spring boot,0,4,master,bachelor,0.0,0.0,100.0,43.6,25.9,0,0,Weak,train,kaggle,ENGINEERING,,,
PK000856,K00285,J00125,other,backend,"         BRANCH CHIEF INFORMATION TECHNOLOGY SPECIALIST       Profile    Motivated Information Technology and Cyber security professional with outstanding managerial and customer service skills, excellent written and verbal communication skills, seeks challenging position with an organization where I can make a big impact with my multifaceted experience, training and education. Excellent record of problem solving and achieving results in high-operations-tempo environments. Successful team leader and highly-motivated mentor with proven dedication to self and subordinate improvement.  
*Superior knowledge of INFOSEC/NETOPS techniques to determine requirements for information technology equipment and systems. Excellent knowledge and ability to negotiate in financial control, budget systems, and security management. Working knowledge of budget and cost analysis processes.
*Thorough knowledge of Office of Management and Budget (OMB), Department of Defense (DoD) and U.S. Air Force regulations, principles and practices pertaining to logistics, INFOSEC/NETOPS, installations, and mission support functions. Exceptional ability to recognize and analyze problems, conduct research; summarize results, and make appropriate recommendations. Recognized expert in DoD planning, programming, budgeting and execution (PPBE) process. 
*Expertise in capability planning in IT environment, enterprise technical/Certification and Accreditation standards, CCRI processes, procedures, security practices, and IA vulnerability tools i.e. ACAS. 
*Ability to apply knowledge of current security tools, and techniques to execute Authority to Connect and Authority to Operate network systems. 
*Thorough knowledge of SCADA systems operations, security, safeguards and protection
*SECURITY CLEARANCE: TOP SECRET  (SCI) w/CI Polygraph          Professional Experience     07/2014   to   Current     Branch Chief Information Technology Specialist    Company Name   －   City        Effectively oversee, manage, and evaluate multiple enterprise level IT programs, serve as senior technical
advisor and evaluator for programs using cutting edge technology for the Headquarters Air Force (HAF) command, control, communications, computer, intelligence, surveillance and reconnaissance (C4ISR).  Establishes, develops, and maintains effective working relationships with top functional area managers, program managers, commanders, contractors, vendors, DoD and other non-DoD agencies, and communications and information personnel in the National Capital Region.  Researches and recommends innovative approaches to resolve major IT problems.  Performs more complex aspects of the project management, evaluation, and oversight responsibilities such as feasibility studies, systems analysis, systems development, implementation, systems integration, and problem resolution.         08/2009   to   07/2014     Information Technology Specialist (INFOSEC/NETOPS)    Company Name   －   City  ,   State      Developed detailed operations plans and operations orders supporting cyber requirements at the strategic, operational, and tactical levels of cyber warfare.  Enabled crisis action planning, development of strike packages and cyber effects to protect U.S.  air, land, sea, space, and cyberspace domains.  Collaborated with Defense Information Systems Agency and other US Government partners to develop and implement directives for Global Information Grid (GIG) operations.  Developed information operations and computer network operations plans, including defensive computer operations planning, to ensure support Geographic Combatant Commanders' intent.  Made recommendations to posture GIG to respond to emerging and current threats.  Supported Defend the Nation (DTN)-China Operation Planning Team with technical, INFOSEC doctrine, appropriate technologies, techniques, and tools.  Coordinated changing mission parameters with US/Allied/Coalition partners: identified and prioritized Intelligence Community cyber requirements and provide intrusion response planning.  Made substantive recommendations to NetOps policy, doctrine, capability developments.  Utilized INFOSEC existing policy guidance as it pertains to threats, operating environment and operational requirements.  Provided expert analysis of ongoing Net/Ops events, malicious activity and trend analysis.  Developed operational plans and orders to counter malicious activity and mitigate identified or potential threats to the GIG.         09/2006   to   08/2009     Senior Technical Analyst    Company Name          Technical lead on digital media projects, guided teams to solutions that leveraged technical capabilities.  Defined requirements for computer-based systems that supported electronic publishing Air Force wide.  Achieved accurate and timely publication of electronic publications and forms.  Ensured documentation of requirements for systems administration and information tasking orders.  Served as technical lead on electronic publishing development and integration teams.  Ensured all development was consistent with Air Force guidance.  Established policies and procedure to manage the Air Force Electronic Publishing Program.  Analyzed software development, configuration management, testing, maintenance manuals, training manuals, tutorials, procedures, reports, computer-based training and data management.  Represented the Office meetings of interagency and inter-command groups concerned with development and support planning using state-of-the-art techniques in electronic publishing areas.         08/1998   to   09/2006     IT Specialist    Company Name   －   City  ,   State      Managed computer support , cost analysis, and acquisition to support ANG work plans.  Lead teams to execute Air National Guard budget for computers and associated technologies.  Proven ability to formulate, justify, and defend assigned programs and projects.  Demonstrated knowledge of cost comparison procedures, directives, and communications.  Communicated effectively in written and oral mediums.  Provided technical direction concerning the acquisition of hardware and software for the entire Air National (ANG).  Performed analysis and evaluation of hardware and software to provide the best technical solution.  Advised components of the ANG on acquisition, procurement, maintenance and feasibility for adoption of information technology hardware and software.          Education          M.S  :   Public Administration, Government Law    Sul Ross University   －   City  ,   State      Public Administration, Government Law            B.S  :   Psychology, Education    Morgan State University   －   City  ,   State      Psychology, Education       Jun-2014     SPECIALIZED TRAINING									_
*Security + Certified, CE						20-             Aug-2011     *Cyber 200 Advance Continuing Education Course		26-             Sep-2010     *Basic Computer Operations Planner's Course			24-             Sep-2009     *DISA Action Officers Course					10-Dec-2009
*DOD Information Assurance Boot Camp			 06-Nov-2009
*Computer Network Defense/Computer Network Threat		24-              Skills    Air Force, art, Agency, Basic, budget, oral, hardware, Computer Operations, configuration management, cost analysis, data management, Dec, direction, documentation, edge, feasibility studies, forms, functional, Government, Information Systems, information technology, computer support, meetings, Office, enterprise, Network, personnel, policies, problem resolution, procurement, project management, publications, publication, software development, strategic, systems administration, systems analysis, systems development, systems integration, training manuals, trend, written   ","Job Title: Backend Developer
Requirements: Strong background in aws, django, docker, git, mongodb, postgresql, python.
Experience: Minimum 4 years of relevant experience required.
Education: Bachelor's degree in Computer Science or related field required.
",,aws;django;docker;git;mongodb;postgresql;python,0,4,bachelor,bachelor,0.0,0.0,100.0,41.35,25.34,0,0,Weak,train,kaggle,INFORMATION-TECHNOLOGY,,,
P001623,R00405,J00124,backend,fullstack,"Summary: Results-driven developer with 5 years of hands-on industry experience.
Technical Skills: aws, django, flask, mongodb, mysql, sql.
Experience: 5 years of professional experience including design, testing and deployment.
Education: B.Tech in Computer Science.
","Job Title: Full Stack Developer
Requirements: Strong background in docker, express, javascript, mongodb, node, python, react.
Experience: Minimum 2 years of relevant experience required.
Education: Relevant practical experience valued; no strict degree requirement.
",aws;django;flask;mongodb;mysql;sql,docker;express;javascript;mongodb;node;python;react,5,2,bachelor,none,14.29,100.0,100.0,48.18,52.76,0,1,Average,train,synthetic,,,,
P002305,R00576,J00096,frontend,frontend,"Summary: Recent graduate seeking entry-level opportunity with strong project work.
Technical Skills: css, git, html, javascript, node, react, typescript.
Experience: Academic projects and internships covering design and implementation.
Education: MCA in Computer Applications.
","Job Title: Frontend Developer
Requirements: Strong background in express, git, react, typescript.
Experience: Minimum 1 years of relevant experience required.
Education: PhD or doctorate preferred.
",css;git;html;javascript;node;react;typescript,express;git;react;typescript,0,1,master,phd,75.0,0.0,0.0,79.17,49.79,0,0,Weak,test,synthetic,,,,
