pair_id,resume_id,jd_id,track_resume,track_jd,resume_text,jd_text,resume_skills,jd_skills,exp_years_resume,exp_years_req,edu_resume,edu_req,skill_score,experience_score,education_score,bert_proxy,ats_proxy,label_match,competence_level,competence_label,split,reviewer_label_match,reviewer_competence,reviewer_notes
P002384,R00596,J00196,frontend,frontend,"Summary: Results-driven developer with 5 years of hands-on industry experience.
Technical Skills: angular, express, git, github, html, javascript, vue.
Experience: 5 years of professional experience including design, testing and deployment.
Education: Master of Science in Data Science.
","Job Title: Frontend Developer
Requirements: Strong background in angular, github, html, node, react, typescript.
Experience: Minimum 3 years of relevant experience required.
Education: Relevant practical experience valued; no strict degree requirement.
",angular;express;git;github;html;javascript;vue,angular;github;html;node;react;typescript,5,3,master,none,50.0,100.0,100.0,84.2,76.05,1,2,Good,val,,,
P002538,R00634,J00084,fullstack,fullstack,"Summary: Software engineer with 1 years of experience building scalable applications.
Technical Skills: aws, docker, git, javascript, mongodb, python, react, typescript.
Experience: Total of 1 years experience in software development and team collaboration.
Education: BCA in Computer Applications.
","Job Title: Full Stack Developer
Requirements: Strong background in aws, git, javascript, node, python, react.
Experience: Minimum 5 years of relevant experience required.
Education: PhD or doctorate preferred.
",aws;docker;git;javascript;mongodb;python;react;typescript,aws;git;javascript;node;python;react,1,5,bachelor,phd,83.33,20.0,0.0,87.12,59.11,0,1,Average,train,,,
P002176,R00544,J00004,fullstack,fullstack,"Summary: Motivated engineer with 6 years of experience across full project lifecycles.
Technical Skills: aws, docker, express, git, mongodb, python, react, sql, typescript.
Experience: Worked for 6 years as a software engineer delivering production systems.
Education: BCA in Computer Applications.
","Job Title: Full Stack Developer
Requirements: Strong background in aws, express, git, python.
Experience: Minimum 1 years of relevant experience required.
Education: Bachelor's degree in Computer Science or related field required.
",aws;docker;express;git;mongodb;python;react;sql;typescript,aws;express;git;python,6,1,bachelor,bachelor,100.0,100.0,100.0,100.0,100.0,1,3,Strong,train,,,
P000897,R00224,J00174,fullstack,fullstack,"Summary: Recent graduate seeking entry-level opportunity with strong project work.
Technical Skills: aws, docker, express, mongodb, node, python, react.
Experience: Academic projects and internships covering design and implementation.
Education: Master of Science in Data Science.
","Job Title: Full Stack Developer
Requirements: Strong background in aws, express, node, python, react, sql.
Experience: Minimum 5 years of relevant experience required.
Education: Bachelor's degree in Computer Science or related field required.
",aws;docker;express;mongodb;node;python;react,aws;express;node;python;react;sql,0,5,master,bachelor,83.33,0.0,100.0,90.65,71.0,1,2,Good,train,,,
P000214,R00053,J00021,devops,frontend,"Summary: Software engineer with 4 years of experience building scalable applications.
Technical Skills: aws, azure, gcp, git, sql.
Experience: Worked for 4 years as a software engineer delivering production systems.
Education: MCA in Computer Applications.
","Job Title: Frontend Developer
Requirements: Strong background in angular, git, github, html, javascript.
Experience: Minimum 2 years of relevant experience required.
Education: Relevant practical experience valued; no strict degree requirement.
",aws;azure;gcp;git;sql,angular;git;github;html;javascript,4,2,master,none,20.0,100.0,100.0,44.19,54.05,0,1,Average,train,,,
P002380,R00595,J00185,backend,backend,"Summary: Recent graduate seeking entry-level opportunity with strong project work.
Technical Skills: django, fastapi, git, java, linux, python, spring, sql.
Experience: Academic projects and internships covering design and implementation.
Education: Bachelor of Science in Information Technology.
","Job Title: Backend Developer
Requirements: Strong background in aws, django, linux, mongodb, postgresql, spring boot.
Experience: Minimum 1 years of relevant experience required.
Education: Master's degree in Computer Science or related field required.
",django;fastapi;git;java;linux;python;spring;sql,aws;django;linux;mongodb;postgresql;spring boot,0,1,bachelor,master,33.33,0.0,0.0,58.32,27.91,0,0,Weak,test,,,
P002714,R00678,J00029,devops,fullstack,"Summary: Motivated engineer with 6 years of experience across full project lifecycles.
Technical Skills: aws, azure, docker, git, github, kubernetes, linux, python, sql.
Experience: 6 years of professional experience including design, testing and deployment.
Education: Master of Science in Data Science.
","Job Title: Full Stack Developer
Requirements: Strong background in aws, docker, python, react, sql.
Experience: Minimum 1 years of relevant experience required.
Education: Bachelor's degree in Computer Science or related field required.
",aws;azure;docker;git;github;kubernetes;linux;python;sql,aws;docker;python;react;sql,6,1,master,bachelor,80.0,100.0,100.0,75.14,85.78,1,3,Strong,train,,,
P002576,R00644,J00109,fullstack,fullstack,"Summary: Software engineer with 7 years of experience building scalable applications.
Technical Skills: aws, docker, git, mongodb, node, sql, typescript.
Experience: Total of 7 years experience in software development and team collaboration.
Education: Bachelor of Science in Information Technology.
","Job Title: Full Stack Developer
Requirements: Strong background in aws, docker, javascript, react.
Experience: Minimum 5 years of relevant experience required.
Education: PhD or doctorate preferred.
",aws;docker;git;mongodb;node;sql;typescript,aws;docker;javascript;react,7,5,bachelor,phd,50.0,100.0,0.0,77.8,59.45,0,1,Average,val,,,
P000102,R00025,J00037,backend,data_ml,"Summary: Motivated engineer with 1 years of experience across full project lifecycles.
Technical Skills: aws, docker, flask, git, mysql, postgresql, python, spring, spring boot, sql.
Experience: Total of 1 years experience in software development and team collaboration.
Education: M.Tech in Software Engineering.
","Job Title: ML Engineer
Requirements: Strong background in docker, git, machine learning, pandas, postgresql, python.
Experience: Minimum 2 years of relevant experience required.
Education: Bachelor's degree in Computer Science or related field required.
",aws;docker;flask;git;mysql;postgresql;python;spring;spring boot;sql,docker;git;machine learning;pandas;postgresql;python,1,2,master,bachelor,66.67,50.0,100.0,69.92,69.15,1,1,Average,train,,,
P000192,R00048,J00038,devops,devops,"Summary: Motivated engineer with 6 years of experience across full project lifecycles.
Technical Skills: azure, docker, gcp, github, linux, sql.
Experience: 6 years of professional experience including design, testing and deployment.
Education: B.Tech in Computer Science.
","Job Title: DevOps Engineer
Requirements: Strong background in aws, git, github, python.
Experience: Minimum 1 years of relevant experience required.
Education: Master's degree in Computer Science or related field required.
",azure;docker;gcp;github;linux;sql,aws;git;github;python,6,1,bachelor,master,25.0,100.0,0.0,58.17,44.54,0,0,Weak,train,,,
P001447,R00361,J00090,frontend,backend,"Summary: Results-driven developer with 5 years of hands-on industry experience.
Technical Skills: angular, css, express, git, github, react, sql.
Experience: Worked for 5 years as a software engineer delivering production systems.
Education: M.Tech in Software Engineering.
","Job Title: Backend Developer
Requirements: Strong background in aws, django, docker, mysql, postgresql.
Experience: Minimum 2 years of relevant experience required.
Education: Master's degree in Computer Science or related field required.
",angular;css;express;git;github;react;sql,aws;django;docker;mysql;postgresql,5,2,master,master,0.0,100.0,100.0,32.34,43.08,0,0,Weak,val,,,
P000229,R00057,J00172,data_ml,data_ml,"Summary: Motivated engineer with 5 years of experience across full project lifecycles.
Technical Skills: aws, git, linux, machine learning, mysql, pandas, postgresql, pytorch, scikit-learn, tensorflow.
Experience: 5 years of professional experience including design, testing and deployment.
Education: B.Tech in Computer Science.
","Job Title: ML Engineer
Requirements: Strong background in docker, pandas, postgresql, pytorch, scikit-learn.
Experience: Minimum 2 years of relevant experience required.
Education: Master's degree in Computer Science or related field required.
",aws;git;linux;machine learning;mysql;pandas;postgresql;pytorch;scikit-learn;tensorflow,docker;pandas;postgresql;pytorch;scikit-learn,5,2,bachelor,master,80.0,100.0,0.0,86.18,73.54,1,2,Good,train,,,
P000776,R00194,J00019,fullstack,fullstack,"Summary: Recent graduate seeking entry-level opportunity with strong project work.
Technical Skills: aws, docker, express, javascript, linux, python, sql, typescript.
Experience: Academic projects and internships covering design and implementation.
Education: BCA in Computer Applications.
","Job Title: Full Stack Developer
Requirements: Strong background in docker, express, react, typescript.
Experience: Minimum 1 years of relevant experience required.
Education: Bachelor's degree in Computer Science or related field required.
",aws;docker;express;javascript;linux;python;sql;typescript,docker;express;react;typescript,0,1,bachelor,bachelor,75.0,0.0,100.0,86.5,66.62,1,1,Average,train,,,
P001236,R00309,J00099,fullstack,fullstack,"Summary: Results-driven developer with 3 years of hands-on industry experience.
Technical Skills: aws, docker, express, git, javascript, linux, mongodb, node, python, typescript.
Experience: Worked for 3 years as a software engineer delivering production systems.
Education: BCA in Computer Applications.
","Job Title: Full Stack Developer
Requirements: Strong background in docker, express, git, javascript, node, react.
Experience: Minimum 2 years of relevant experience required.
Education: Bachelor's degree in Computer Science or related field required.
",aws;docker;express;git;javascript;linux;mongodb;node;python;typescript,docker;express;git;javascript;node;react,3,2,bachelor,bachelor,83.33,100.0,100.0,94.62,91.99,1,3,Strong,test,,,
P002582,R00645,J00156,backend,frontend,"Summary: Results-driven developer with 3 years of hands-on industry experience.
Technical Skills: aws, django, docker, flask, git, postgresql, python, spring, spring boot, sql.
Experience: 3 years of professional experience including design, testing and deployment.
Education: Bachelor of Science in Information Technology.
","Job Title: Frontend Developer
Requirements: Strong background in angular, css, express, typescript, vue.
Experience: Minimum 3 years of relevant experience required.
Education: Master's degree in Computer Science or related field required.
",aws;django;docker;flask;git;postgresql;python;spring;spring boot;sql,angular;css;express;typescript;vue,3,3,bachelor,master,0.0,100.0,0.0,36.65,29.16,0,0,Weak,train,,,
P000017,R00004,J00169,fullstack,fullstack,"Summary: Motivated engineer with 5 years of experience across full project lifecycles.
Technical Skills: aws, express, git, mongodb, node, python, react, sql, typescript.
Experience: Worked for 5 years as a software engineer delivering production systems.
Education: MCA in Computer Applications.
","Job Title: Full Stack Developer
Requirements: Strong background in express, javascript, python, react.
Experience: Minimum 2 years of relevant experience required.
Education: Master's degree in Computer Science or related field required.
",aws;express;git;mongodb;node;python;react;sql;typescript,express;javascript;python;react,5,2,master,master,75.0,100.0,100.0,86.21,86.55,1,3,Strong,train,,,
P001127,R00281,J00167,frontend,data_ml,"Summary: Recent graduate seeking entry-level opportunity with strong project work.
Technical Skills: angular, express, git, github, javascript, node, sql, vue.
Experience: Academic projects and internships covering design and implementation.
Education: B.Tech in Computer Science.
","Job Title: ML Engineer
Requirements: Strong background in aws, deep learning, git, machine learning, postgresql, scikit-learn, tensorflow.
Experience: Minimum 1 years of relevant experience required.
Education: Relevant practical experience valued; no strict degree requirement.
",angular;express;git;github;javascript;node;sql;vue,aws;deep learning;git;machine learning;postgresql;scikit-learn;tensorflow,0,1,bachelor,none,14.29,0.0,100.0,50.53,33.35,0,0,Weak,val,,,
P000170,R00042,J00076,data_ml,frontend,"Summary: Software engineer with 5 years of experience building scalable applications.
Technical Skills: aws, deep learning, git, mysql, pytorch, sql, tensorflow.
Experience: Total of 5 years experience in software development and team collaboration.
Education: Master of Science in Data Science.
","Job Title: Frontend Developer
Requirements: Strong background in angular, css, javascript, node, react.
Experience: Minimum 1 years of relevant experience required.
Education: Bachelor's degree in Computer Science or related field required.
",aws;deep learning;git;mysql;pytorch;sql;tensorflow,angular;css;javascript;node;react,5,1,master,bachelor,0.0,100.0,100.0,42.22,45.56,0,0,Weak,train,,,
P002247,R00561,J00118,frontend,devops,"Summary: Motivated engineer with 3 years of experience across full project lifecycles.
Technical Skills: angular, css, express, git, javascript, node, react, typescript, vue.
Experience: 3 years of professional experience including design, testing and deployment.
Education: MCA in Computer Applications.
","Job Title: DevOps Engineer
Requirements: Strong background in aws, azure, docker, git, kubernetes, linux, sql.
Experience: Minimum 3 years of relevant experience required.
Education: Relevant practical experience valued; no strict degree requirement.
",angular;css;express;git;javascript;node;react;typescript;vue,aws;azure;docker;git;kubernetes;linux;sql,3,3,master,none,14.29,100.0,100.0,53.02,53.97,0,1,Average,train,,,
P001091,R00272,J00041,data_ml,frontend,"Summary: Recent graduate seeking entry-level opportunity with strong project work.
Technical Skills: aws, machine learning, mysql, numpy, pandas, python, pytorch, sql, tensorflow.
Experience: Academic projects and internships covering design and implementation.
Education: Master of Science in Data Science.
","Job Title: Frontend Developer
Requirements: Strong background in angular, css, node, typescript.
Experience: Minimum 2 years of relevant experience required.
Education: Master's degree in Computer Science or related field required.
",aws;machine learning;mysql;numpy;pandas;python;pytorch;sql;tensorflow,angular;css;node;typescript,0,2,master,master,0.0,0.0,100.0,38.39,24.6,0,0,Weak,train,,,
P000605,R00151,J00136,frontend,frontend,"Summary: Motivated engineer with 3 years of experience across full project lifecycles.
Technical Skills: angular, css, git, html, javascript, linux, react.
Experience: Worked for 3 years as a software engineer delivering production systems.
Education: B.Tech in Computer Science.
","Job Title: Frontend Developer
Requirements: Strong background in angular, css, git, github, typescript, vue.
Experience: Minimum 1 years of relevant experience required.
Education: Bachelor's degree in Computer Science or related field required.
",angular;css;git;html;javascript;linux;react,angular;css;git;github;typescript;vue,3,1,bachelor,bachelor,50.0,100.0,100.0,74.94,73.74,1,2,Good,train,,,
P001457,R00364,J00119,fullstack,fullstack,"Summary: Results-driven developer with 2 years of hands-on industry experience.
Technical Skills: aws, docker, express, git, javascript, node, python.
Experience: Total of 2 years experience in software development and team collaboration.
Education: BCA in Computer Applications.
","Job Title: Full Stack Developer
Requirements: Strong background in aws, git, mongodb, react, sql, typescript.
Experience: Minimum 4 years of relevant experience required.
Education: Master's degree in Computer Science or related field required.
",aws;docker;express;git;javascript;node;python,aws;git;mongodb;react;sql;typescript,2,4,bachelor,master,33.33,50.0,0.0,67.79,40.28,0,0,Weak,train,,,
P002005,R00501,J00126,frontend,frontend,"Summary: Results-driven developer with 1 years of hands-on industry experience.
Technical Skills: angular, express, github, html, javascript, node, typescript.
Experience: Total of 1 years experience in software development and team collaboration.
Education: BCA in Computer Applications.
","Job Title: Frontend Developer
Requirements: Strong background in angular, css, html, node, typescript, vue.
Experience: Minimum 2 years of relevant experience required.
Education: Bachelor's degree in Computer Science or related field required.
",angular;express;github;html;javascript;node;typescript,angular;css;html;node;typescript;vue,1,2,bachelor,bachelor,66.67,50.0,100.0,76.21,70.72,1,2,Good,train,,,
P002895,R00723,J00159,devops,fullstack,"Summary: Motivated engineer with 5 years of experience across full project lifecycles.
Technical Skills: aws, azure, docker, kubernetes, linux, sql.
Experience: Total of 5 years experience in software development and team collaboration.
Education: PhD in Machine Learning.
","Job Title: Full Stack Developer
Requirements: Strong background in aws, docker, git, node, python, sql, typescript.
Experience: Minimum 1 years of relevant experience required.
Education: Master's degree in Computer Science or related field required.
",aws;azure;docker;kubernetes;linux;sql,aws;docker;git;node;python;sql;typescript,5,1,phd,master,42.86,100.0,100.0,65.35,68.48,1,1,Average,test,,,
P002852,R00713,J00178,devops,devops,"Summary: Results-driven developer with 6 years of hands-on industry experience.
Technical Skills: aws, azure, docker, gcp, kubernetes, linux.
Experience: Worked for 6 years as a software engineer delivering production systems.
Education: BCA in Computer Applications.
","Job Title: DevOps Engineer
Requirements: Strong background in aws, azure, docker, kubernetes, linux.
Experience: Minimum 3 years of relevant experience required.
Education: PhD or doctorate preferred.
",aws;azure;docker;gcp;kubernetes;linux,aws;azure;docker;kubernetes;linux,6,3,bachelor,phd,100.0,100.0,0.0,100.0,85.0,1,3,Strong,test,,,
P002645,R00661,J00171,frontend,frontend,"Summary: Software engineer with 5 years of experience building scalable applications.
Technical Skills: angular, git, github, html, javascript, react, typescript.
Experience: 5 years of professional experience including design, testing and deployment.
Education: MCA in Computer Applications.
","Job Title: Frontend Developer
Requirements: Strong background in git, github, typescript, vue.
Experience: Minimum 5 years of relevant experience required.
Education: Master's degree in Computer Science or related field required.
",angular;git;github;html;javascript;react;typescript,git;github;typescript;vue,5,5,master,master,75.0,100.0,100.0,84.27,86.07,1,3,Strong,train,,,
P000289,R00072,J00047,data_ml,data_ml,"Summary: Recent graduate seeking entry-level opportunity with strong project work.
Technical Skills: deep learning, git, numpy, pandas, sql, tensorflow.
Experience: Academic projects and internships covering design and implementation.
Education: M.Tech in Software Engineering.
","Job Title: ML Engineer
Requirements: Strong background in docker, git, mysql, pandas, sql.
Experience: Minimum 2 years of relevant experience required.
Education: Bachelor's degree in Computer Science or related field required.
",deep learning;git;numpy;pandas;sql;tensorflow,docker;git;mysql;pandas;sql,0,2,master,bachelor,60.0,0.0,100.0,75.22,57.81,0,1,Average,test,,,
P000486,R00121,J00131,frontend,frontend,"Summary: Motivated engineer with 3 years of experience across full project lifecycles.
Technical Skills: angular, css, github, html, node, react, typescript, vue.
Experience: Total of 3 years experience in software development and team collaboration.
Education: PhD in Machine Learning.
","Job Title: Frontend Developer
Requirements: Strong background in css, express, github, javascript, node.
Experience: Minimum 2 years of relevant experience required.
Education: Relevant practical experience valued; no strict degree requirement.
",angular;css;github;html;node;react;typescript;vue,css;express;github;javascript;node,3,2,phd,none,60.0,100.0,100.0,78.13,78.53,1,2,Good,train,,,
P002185,R00546,J00046,frontend,frontend,"Summary: Motivated engineer with 2 years of experience across full project lifecycles.
Technical Skills: angular, css, express, git, github, html, javascript, node, react, vue.
Experience: Worked for 2 years as a software engineer delivering production systems.
Education: MCA in Computer Applications.
","Job Title: Frontend Developer
Requirements: Strong background in express, git, html, node, react, typescript.
Experience: Minimum 3 years of relevant experience required.
Education: Relevant practical experience valued; no strict degree requirement.
",angular;css;express;git;github;html;javascript;node;react;vue,express;git;html;node;react;typescript,2,3,master,none,83.33,66.67,100.0,87.07,83.43,1,2,Good,train,,,
P001421,R00355,J00060,backend,backend,"Summary: Results-driven developer with 4 years of hands-on industry experience.
Technical Skills: django, docker, flask, git, java, mongodb, mysql.
Experience: Worked for 4 years as a software engineer delivering production systems.
Education: BCA in Computer Applications.
","Job Title: Backend Developer
Requirements: Strong background in aws, docker, fastapi, java, mysql, python, spring boot.
Experience: Minimum 1 years of relevant experience required.
Education: PhD or doctorate preferred.
",django;docker;flask;git;java;mongodb;mysql,aws;docker;fastapi;java;mysql;python;spring boot,4,1,bachelor,phd,42.86,100.0,0.0,66.78,53.84,0,1,Average,test,,,
P001811,R00452,J00024,data_ml,fullstack,"Summary: Motivated engineer with 1 years of experience across full project lifecycles.
Technical Skills: deep learning, machine learning, mysql, numpy, pandas, python, pytorch, sql.
Experience: Worked for 1 years as a software engineer delivering production systems.
Education: B.Tech in Computer Science.
","Job Title: Full Stack Developer
Requirements: Strong background in docker, git, javascript, mongodb, sql.
Experience: Minimum 1 years of relevant experience required.
Education: Bachelor's degree in Computer Science or related field required.
",deep learning;machine learning;mysql;numpy;pandas;python;pytorch;sql,docker;git;javascript;mongodb;sql,1,1,bachelor,bachelor,20.0,100.0,100.0,52.75,56.19,0,1,Average,train,,,
P000495,R00123,J00120,devops,backend,"Summary: Motivated engineer with 4 years of experience across full project lifecycles.
Technical Skills: docker, github, linux, python, sql.
Experience: Total of 4 years experience in software development and team collaboration.
Education: MCA in Computer Applications.
","Job Title: Backend Developer
Requirements: Strong background in django, flask, java, linux, spring, spring boot, sql.
Experience: Minimum 2 years of relevant experience required.
Education: Relevant practical experience valued; no strict degree requirement.
",docker;github;linux;python;sql,django;flask;java;linux;spring;spring boot;sql,4,2,master,none,28.57,100.0,100.0,51.52,59.31,0,1,Average,train,,,
P001094,R00273,J00108,devops,devops,"Summary: Results-driven developer with 4 years of hands-on industry experience.
Technical Skills: aws, azure, docker, gcp, git, github, linux, python, sql.
Experience: Worked for 4 years as a software engineer delivering production systems.
Education: PhD in Machine Learning.
","Job Title: DevOps Engineer
Requirements: Strong background in docker, gcp, github, linux.
Experience: Minimum 1 years of relevant experience required.
Education: Bachelor's degree in Computer Science or related field required.
",aws;azure;docker;gcp;git;github;linux;python;sql,docker;gcp;github;linux,4,1,phd,bachelor,100.0,100.0,100.0,96.36,99.09,1,3,Strong,train,,,
P003114,R00778,J00010,devops,backend,"Summary: Motivated engineer with 3 years of experience across full project lifecycles.
Technical Skills: aws, azure, gcp, git, github, kubernetes, linux, python, sql.
Experience: Worked for 3 years as a software engineer delivering production systems.
Education: M.Tech in Software Engineering.
","Job Title: Backend Developer
Requirements: Strong background in docker, java, linux, mongodb, spring.
Experience: Minimum 4 years of relevant experience required.
Education: Relevant practical experience valued; no strict degree requirement.
",aws;azure;gcp;git;github;kubernetes;linux;python;sql,docker;java;linux;mongodb;spring,3,4,master,none,20.0,75.0,100.0,47.29,49.82,0,0,Weak,train,,,
P002069,R00517,J00032,data_ml,data_ml,"Summary: Software engineer with 4 years of experience building scalable applications.
Technical Skills: deep learning, docker, git, machine learning, pandas, postgresql, python, pytorch, scikit-learn, sql.
Experience: Worked for 4 years as a software engineer delivering production systems.
Education: MCA in Computer Applications.
","Job Title: ML Engineer
Requirements: Strong background in deep learning, mysql, numpy, postgresql, python, scikit-learn, tensorflow.
Experience: Minimum 1 years of relevant experience required.
Education: Bachelor's degree in Computer Science or related field required.
",deep learning;docker;git;machine learning;pandas;postgresql;python;pytorch;scikit-learn;sql,deep learning;mysql;numpy;postgresql;python;scikit-learn;tensorflow,4,1,master,bachelor,57.14,100.0,100.0,79.74,77.79,1,2,Good,test,,,
P000332,R00083,J00193,devops,devops,"Summary: Software engineer with 3 years of experience building scalable applications.
Technical Skills: aws, docker, gcp, git, github, kubernetes, linux, python, sql.
Experience: Worked for 3 years as a software engineer delivering production systems.
Education: B.Tech in Computer Science.
","Job Title: DevOps Engineer
Requirements: Strong background in azure, docker, gcp, github, kubernetes, linux, sql.
Experience: Minimum 1 years of relevant experience required.
Education: Relevant practical experience valued; no strict degree requirement.
",aws;docker;gcp;git;github;kubernetes;linux;python;sql,azure;docker;gcp;github;kubernetes;linux;sql,3,1,bachelor,none,85.71,100.0,100.0,85.33,90.62,1,3,Strong,train,,,
P002203,R00550,J00102,backend,data_ml,"Summary: Recent graduate seeking entry-level opportunity with strong project work.
Technical Skills: aws, django, git, mysql, postgresql, python, spring boot, sql.
Experience: Academic projects and internships covering design and implementation.
Education: B.Tech in Computer Science.
","Job Title: ML Engineer
Requirements: Strong background in docker, git, machine learning, numpy, pytorch, sql, tensorflow.
Experience: Minimum 4 years of relevant experience required.
Education: PhD or doctorate preferred.
",aws;django;git;mysql;postgresql;python;spring boot;sql,docker;git;machine learning;numpy;pytorch;sql;tensorflow,0,4,bachelor,phd,28.57,0.0,0.0,53.61,24.83,0,0,Weak,train,,,
P001491,R00372,J00057,data_ml,data_ml,"Summary: Results-driven developer with 4 years of hands-on industry experience.
Technical Skills: docker, git, machine learning, mysql, pandas, pytorch, sql, tensorflow.
Experience: Total of 4 years experience in software development and team collaboration.
Education: MCA in Computer Applications.
","Job Title: ML Engineer
Requirements: Strong background in aws, deep learning, docker, numpy, python, sql, tensorflow.
Experience: Minimum 4 years of relevant experience required.
Education: PhD or doctorate preferred.
",docker;git;machine learning;mysql;pandas;pytorch;sql;tensorflow,aws;deep learning;docker;numpy;python;sql;tensorflow,4,4,master,phd,42.86,100.0,0.0,75.15,55.93,0,1,Average,train,,,
P000256,R00064,J00114,fullstack,fullstack,"Summary: Results-driven developer with 2 years of hands-on industry experience.
Technical Skills: aws, docker, express, python, react, sql, typescript.
Experience: Total of 2 years experience in software development and team collaboration.
Education: PhD in Machine Learning.
","Job Title: Full Stack Developer
Requirements: Strong background in git, node, react, sql.
Experience: Minimum 1 years of relevant experience required.
Education: Bachelor's degree in Computer Science or related field required.
",aws;docker;express;python;react;sql;typescript,git;node;react;sql,2,1,phd,bachelor,50.0,100.0,100.0,84.66,76.16,1,2,Good,train,,,
P000900,R00225,J00170,backend,backend,"Summary: Recent graduate seeking entry-level opportunity with strong project work.
Technical Skills: django, docker, fastapi, flask, linux, python, spring, spring boot, sql.
Experience: Academic projects and internships covering design and implementation.
Education: MCA in Computer Applications.
","Job Title: Backend Developer
Requirements: Strong background in aws, linux, mysql, postgresql, spring, spring boot, sql.
Experience: Minimum 1 years of relevant experience required.
Education: Bachelor's degree in Computer Science or related field required.
",django;docker;fastapi;flask;linux;python;spring;spring boot;sql,aws;linux;mysql;postgresql;spring;spring boot;sql,0,1,master,bachelor,57.14,0.0,100.0,67.06,54.62,0,1,Average,train,,,
P003027,R00756,J00157,frontend,data_ml,"Summary: Results-driven developer with 8 years of hands-on industry experience.
Technical Skills: angular, css, html, javascript, linux, sql, typescript.
Experience: 8 years of professional experience including design, testing and deployment.
Education: BCA in Computer Applications.
","Job Title: ML Engineer
Requirements: Strong background in aws, docker, git, numpy, pandas, pytorch.
Experience: Minimum 2 years of relevant experience required.
Education: Master's degree in Computer Science or related field required.
",angular;css;html;javascript;linux;sql;typescript,aws;docker;git;numpy;pandas;pytorch,8,2,bachelor,master,0.0,100.0,0.0,42.44,30.61,0,0,Weak,train,,,
P000538,R00134,J00083,fullstack,devops,"Summary: Software engineer with 8 years of experience building scalable applications.
Technical Skills: aws, docker, javascript, mongodb, node, python, react, sql, typescript.
Experience: Total of 8 years experience in software development and team collaboration.
Education: M.Tech in Software Engineering.
","Job Title: DevOps Engineer
Requirements: Strong background in azure, docker, gcp, git, linux, sql.
Experience: Minimum 3 years of relevant experience required.
Education: Bachelor's degree in Computer Science or related field required.
",aws;docker;javascript;mongodb;node;python;react;sql;typescript,azure;docker;gcp;git;linux;sql,8,3,master,bachelor,33.33,100.0,100.0,54.87,62.05,1,1,Average,train,,,
P001289,R00322,J00177,data_ml,data_ml,"Summary: Motivated engineer with 2 years of experience across full project lifecycles.
Technical Skills: aws, docker, linux, mysql, numpy, scikit-learn.
Experience: Total of 2 years experience in software development and team collaboration.
Education: PhD in Machine Learning.
","Job Title: ML Engineer
Requirements: Strong background in deep learning, machine learning, numpy, pandas, sql.
Experience: Minimum 4 years of relevant experience required.
Education: Master's degree in Computer Science or related field required.
",aws;docker;linux;mysql;numpy;scikit-learn,deep learning;machine learning;numpy;pandas;sql,2,4,phd,master,20.0,50.0,100.0,67.57,49.89,0,0,Weak,train,,,
P001748,R00437,J00002,data_ml,data_ml,"Summary: Motivated engineer with 6 years of experience across full project lifecycles.
Technical Skills: deep learning, docker, numpy, pandas, scikit-learn, sql.
Experience: Worked for 6 years as a software engineer delivering production systems.
Education: BCA in Computer Applications.
","Job Title: ML Engineer
Requirements: Strong background in deep learning, mysql, pytorch, sql, tensorflow.
Experience: Minimum 4 years of relevant experience required.
Education: Bachelor's degree in Computer Science or related field required.
",deep learning;docker;numpy;pandas;scikit-learn;sql,deep learning;mysql;pytorch;sql;tensorflow,6,4,bachelor,bachelor,40.0,100.0,100.0,62.83,66.71,1,1,Average,train,,,
P002968,R00742,J00132,data_ml,data_ml,"Summary: Results-driven developer with 7 years of hands-on industry experience.
Technical Skills: aws, docker, git, numpy, scikit-learn, sql.
Experience: Total of 7 years experience in software development and team collaboration.
Education: BCA in Computer Applications.
","Job Title: ML Engineer
Requirements: Strong background in aws, deep learning, docker, postgresql.
Experience: Minimum 3 years of relevant experience required.
Education: Relevant practical experience valued; no strict degree requirement.
",aws;docker;git;numpy;scikit-learn;sql,aws;deep learning;docker;postgresql,7,3,bachelor,none,50.0,100.0,100.0,75.27,73.82,1,2,Good,train,,,
P000642,R00160,J00073,backend,devops,"Summary: Results-driven developer with 5 years of hands-on industry experience.
Technical Skills: django, flask, git, linux, mongodb, mysql, python, spring boot.
Experience: Worked for 5 years as a software engineer delivering production systems.
Education: Bachelor of Science in Information Technology.
","Job Title: DevOps Engineer
Requirements: Strong background in azure, github, kubernetes, python, sql.
Experience: Minimum 3 years of relevant experience required.
Education: Relevant practical experience valued; no strict degree requirement.
",django;flask;git;linux;mongodb;mysql;python;spring boot,azure;github;kubernetes;python;sql,5,3,bachelor,none,20.0,100.0,100.0,51.74,55.93,0,1,Average,train,,,
P002314,R00578,J00017,devops,data_ml,"Summary: Results-driven developer with 5 years of hands-on industry experience.
Technical Skills: docker, gcp, git, github, kubernetes, linux, python, sql.
Experience: 5 years of professional experience including design, testing and deployment.
Education: M.Tech in Software Engineering.
","Job Title: ML Engineer
Requirements: Strong background in git, machine learning, mysql, python, pytorch, tensorflow.
Experience: Minimum 3 years of relevant experience required.
Education: Master's degree in Computer Science or related field required.
",docker;gcp;git;github;kubernetes;linux;python;sql,git;machine learning;mysql;python;pytorch;tensorflow,5,3,master,master,33.33,100.0,100.0,51.22,61.14,1,1,Average,val,,,
P001590,R00397,J00049,data_ml,fullstack,"Summary: Motivated engineer with 4 years of experience across full project lifecycles.
Technical Skills: docker, git, mysql, postgresql, python, pytorch, scikit-learn, sql.
Experience: 4 years of professional experience including design, testing and deployment.
Education: Bachelor of Science in Information Technology.
","Job Title: Full Stack Developer
Requirements: Strong background in aws, docker, javascript, mongodb, node, python.
Experience: Minimum 5 years of relevant experience required.
Education: Relevant practical experience valued; no strict degree requirement.
",docker;git;mysql;postgresql;python;pytorch;scikit-learn;sql,aws;docker;javascript;mongodb;node;python,4,5,bachelor,none,33.33,80.0,100.0,51.99,57.33,0,1,Average,train,,,
P001359,R00339,J00017,fullstack,data_ml,"Summary: Recent graduate seeking entry-level opportunity with strong project work.
Technical Skills: express, git, javascript, mongodb, node, python, react, sql, typescript.
Experience: Academic projects and internships covering design and implementation.
Education: M.Tech in Software Engineering.
","Job Title: ML Engineer
Requirements: Strong background in git, machine learning, mysql, python, pytorch, tensorflow.
Experience: Minimum 3 years of relevant experience required.
Education: Master's degree in Computer Science or related field required.
",express;git;javascript;mongodb;node;python;react;sql;typescript,git;machine learning;mysql;python;pytorch;tensorflow,0,3,master,master,33.33,0.0,100.0,52.32,41.41,0,0,Weak,train,,,
P002188,R00547,J00087,data_ml,data_ml,"Summary: Software engineer with 4 years of experience building scalable applications.
Technical Skills: docker, git, machine learning, numpy, pandas, pytorch, scikit-learn.
Experience: Worked for 4 years as a software engineer delivering production systems.
Education: B.Tech in Computer Science.
","Job Title: ML Engineer
Requirements: Strong background in aws, deep learning, git, machine learning, mysql, postgresql, tensorflow.
Experience: Minimum 2 years of relevant experience required.
Education: Bachelor's degree in Computer Science or related field required.
",docker;git;machine learning;numpy;pandas;pytorch;scikit-learn,aws;deep learning;git;machine learning;mysql;postgresql;tensorflow,4,2,bachelor,bachelor,28.57,100.0,100.0,59.24,61.24,1,1,Average,train,,,
P001411,R00352,J00184,data_ml,fullstack,"Summary: Results-driven developer with 5 years of hands-on industry experience.
Technical Skills: aws, git, machine learning, mysql, postgresql, python, pytorch.
Experience: Total of 5 years experience in software development and team collaboration.
Education: BCA in Computer Applications.
","Job Title: Full Stack Developer
Requirements: Strong background in aws, git, mongodb, python, react, sql.
Experience: Minimum 5 years of relevant experience required.
Education: Relevant practical experience valued; no strict degree requirement.
",aws;git;machine learning;mysql;postgresql;python;pytorch,aws;git;mongodb;python;react;sql,5,5,bachelor,none,50.0,100.0,100.0,67.31,71.83,1,2,Good,val,,,
P003043,R00760,J00046,backend,frontend,"Summary: Software engineer with 2 years of experience building scalable applications.
Technical Skills: docker, git, java, mongodb, mysql, spring, spring boot, sql.
Experience: Total of 2 years experience in software development and team collaboration.
Education: BCA in Computer Applications.
","Job Title: Frontend Developer
Requirements: Strong background in express, git, html, node, react, typescript.
Experience: Minimum 3 years of relevant experience required.
Education: Relevant practical experience valued; no strict degree requirement.
",docker;git;java;mongodb;mysql;spring;spring boot;sql,express;git;html;node;react;typescript,2,3,bachelor,none,16.67,66.67,100.0,54.52,48.63,0,0,Weak,test,,,
P000321,R00080,J00095,backend,backend,"Summary: Results-driven developer with 4 years of hands-on industry experience.
Technical Skills: docker, flask, git, java, linux, mysql, postgresql, spring boot, sql.
Experience: Worked for 4 years as a software engineer delivering production systems.
Education: B.Tech in Computer Science.
","Job Title: Backend Developer
Requirements: Strong background in flask, java, mysql, postgresql, spring boot.
Experience: Minimum 2 years of relevant experience required.
Education: Bachelor's degree in Computer Science or related field required.
",docker;flask;git;java;linux;mysql;postgresql;spring boot;sql,flask;java;mysql;postgresql;spring boot,4,2,bachelor,bachelor,100.0,100.0,100.0,93.9,98.47,1,3,Strong,train,,,
P001135,R00283,J00069,devops,fullstack,"Summary: Results-driven developer with 5 years of hands-on industry experience.
Technical Skills: azure, git, github, kubernetes, linux, python.
Experience: Total of 5 years experience in software development and team collaboration.
Education: Master of Science in Data Science.
","Job Title: Full Stack Developer
Requirements: Strong background in aws, docker, javascript, react, sql.
Experience: Minimum 2 years of relevant experience required.
Education: Bachelor's degree in Computer Science or related field required.
",azure;git;github;kubernetes;linux;python,aws;docker;javascript;react;sql,5,2,master,bachelor,0.0,100.0,100.0,48.84,47.21,0,0,Weak,train,,,
P001803,R00450,J00136,backend,frontend,"Summary: Software engineer with 2 years of experience building scalable applications.
Technical Skills: docker, flask, java, linux, mysql, postgresql, python, spring, spring boot, sql.
Experience: Worked for 2 years as a software engineer delivering production systems.
Education: M.Tech in Software Engineering.
","Job Title: Frontend Developer
Requirements: Strong background in angular, css, git, github, typescript, vue.
Experience: Minimum 1 years of relevant experience required.
Education: Bachelor's degree in Computer Science or related field required.
",docker;flask;java;linux;mysql;postgresql;python;spring;spring boot;sql,angular;css;git;github;typescript;vue,2,1,master,bachelor,0.0,100.0,100.0,42.71,45.68,0,0,Weak,test,,,
P001559,R00389,J00160,fullstack,backend,"Summary: Motivated engineer with 6 years of experience across full project lifecycles.
Technical Skills: aws, docker, linux, mongodb, node, react, sql, typescript.
Experience: Worked for 6 years as a software engineer delivering production systems.
Education: BCA in Computer Applications.
","Job Title: Backend Developer
Requirements: Strong background in aws, django, flask, git, python, spring, sql.
Experience: Minimum 3 years of relevant experience required.
Education: PhD or doctorate preferred.
",aws;docker;linux;mongodb;node;react;sql;typescript,aws;django;flask;git;python;spring;sql,6,3,bachelor,phd,28.57,100.0,0.0,57.93,45.91,0,0,Weak,train,,,
P000567,R00141,J00072,frontend,data_ml,"Summary: Motivated engineer with 1 years of experience across full project lifecycles.
Technical Skills: angular, express, html, javascript, typescript.
Experience: Total of 1 years experience in software development and team collaboration.
Education: Master of Science in Data Science.
","Job Title: ML Engineer
Requirements: Strong background in aws, machine learning, numpy, python, sql.
Experience: Minimum 2 years of relevant experience required.
Education: Bachelor's degree in Computer Science or related field required.
",angular;express;html;javascript;typescript,aws;machine learning;numpy;python;sql,1,2,master,bachelor,0.0,50.0,100.0,35.93,33.98,0,0,Weak,train,,,
P000511,R00127,J00191,data_ml,frontend,"Summary: Software engineer with 1 years of experience building scalable applications.
Technical Skills: aws, git, linux, machine learning, numpy, pandas, postgresql, python, pytorch, sql.
Experience: Total of 1 years experience in software development and team collaboration.
Education: PhD in Machine Learning.
","Job Title: Frontend Developer
Requirements: Strong background in angular, node, typescript, vue.
Experience: Minimum 4 years of relevant experience required.
Education: Relevant practical experience valued; no strict degree requirement.
",aws;git;linux;machine learning;numpy;pandas;postgresql;python;pytorch;sql,angular;node;typescript;vue,1,4,phd,none,0.0,25.0,100.0,37.75,29.44,0,0,Weak,train,,,
P000251,R00062,J00034,data_ml,fullstack,"Summary: Motivated engineer with 2 years of experience across full project lifecycles.
Technical Skills: aws, docker, git, linux, mysql, pandas, postgresql, python, scikit-learn, sql.
Experience: Worked for 2 years as a software engineer delivering production systems.
Education: Bachelor of Science in Information Technology.
","Job Title: Full Stack Developer
Requirements: Strong background in docker, express, git, node, sql.
Experience: Minimum 2 years of relevant experience required.
Education: Master's degree in Computer Science or related field required.
",aws;docker;git;linux;mysql;pandas;postgresql;python;scikit-learn;sql,docker;express;git;node;sql,2,2,bachelor,master,60.0,100.0,0.0,68.99,61.25,1,1,Average,train,,,
P000257,R00064,J00089,fullstack,fullstack,"Summary: Results-driven developer with 2 years of hands-on industry experience.
Technical Skills: aws, docker, express, python, react, sql, typescript.
Experience: Total of 2 years experience in software development and team collaboration.
Education: PhD in Machine Learning.
","Job Title: Full Stack Developer
Requirements: Strong background in aws, git, javascript, mongodb, node, sql, typescript.
Experience: Minimum 3 years of relevant experience required.
Education: PhD or doctorate preferred.
",aws;docker;express;python;react;sql;typescript,aws;git;javascript;mongodb;node;sql;typescript,2,3,phd,phd,42.86,66.67,100.0,62.32,61.06,1,1,Average,train,,,
P000532,R00133,J00038,devops,devops,"Summary: Results-driven developer with 5 years of hands-on industry experience.
Technical Skills: aws, azure, docker, gcp, git, kubernetes, linux, python.
Experience: Worked for 5 years as a software engineer delivering production systems.
Education: BCA in Computer Applications.
","Job Title: DevOps Engineer
Requirements: Strong background in aws, git, github, python.
Experience: Minimum 1 years of relevant experience required.
Education: Master's degree in Computer Science or related field required.
",aws;azure;docker;gcp;git;kubernetes;linux;python,aws;git;github;python,5,1,bachelor,master,75.0,100.0,0.0,80.95,70.24,1,2,Good,val,,,
P001472,R00368,J00033,devops,devops,"Summary: Results-driven developer with 1 years of hands-on industry experience.
Technical Skills: azure, gcp, git, github, kubernetes, linux, python, sql.
Experience: Worked for 1 years as a software engineer delivering production systems.
Education: Bachelor of Science in Information Technology.
","Job Title: DevOps Engineer
Requirements: Strong background in gcp, git, kubernetes, linux.
Experience: Minimum 3 years of relevant experience required.
Education: Bachelor's degree in Computer Science or related field required.
",azure;gcp;git;github;kubernetes;linux;python;sql,gcp;git;kubernetes;linux,1,3,bachelor,bachelor,100.0,33.33,100.0,100.0,86.67,1,3,Strong,test,,,
P001797,R00449,J00004,fullstack,fullstack,"Summary: Motivated engineer with 4 years of experience across full project lifecycles.
Technical Skills: aws, docker, git, javascript, react, typescript.
Experience: Total of 4 years experience in software development and team collaboration.
Education: Master of Science in Data Science.
","Job Title: Full Stack Developer
Requirements: Strong background in aws, express, git, python.
Experience: Minimum 1 years of relevant experience required.
Education: Bachelor's degree in Computer Science or related field required.
",aws;docker;git;javascript;react;typescript,aws;express;git;python,4,1,master,bachelor,50.0,100.0,100.0,71.95,72.99,1,2,Good,train,,,
P003135,R00783,J00110,devops,backend,"Summary: Motivated engineer with 5 years of experience across full project lifecycles.
Technical Skills: aws, docker, gcp, git, github, kubernetes, linux, python.
Experience: Worked for 5 years as a software engineer delivering production systems.
Education: M.Tech in Software Engineering.
","Job Title: Backend Developer
Requirements: Strong background in django, git, java, mysql, postgresql, python, sql.
Experience: Minimum 2 years of relevant experience required.
Education: Bachelor's degree in Computer Science or related field required.
",aws;docker;gcp;git;github;kubernetes;linux;python,django;git;java;mysql;postgresql;python;sql,5,2,master,bachelor,28.57,100.0,100.0,48.79,58.63,0,1,Average,val,,,
P000564,R00141,J00136,frontend,frontend,"Summary: Motivated engineer with 1 years of experience across full project lifecycles.
Technical Skills: angular, express, html, javascript, typescript.
Experience: Total of 1 years experience in software development and team collaboration.
Education: Master of Science in Data Science.
","Job Title: Frontend Developer
Requirements: Strong background in angular, css, git, github, typescript, vue.
Experience: Minimum 1 years of relevant experience required.
Education: Bachelor's degree in Computer Science or related field required.
",angular;express;html;javascript;typescript,angular;css;git;github;typescript;vue,1,1,master,bachelor,33.33,100.0,100.0,64.45,64.44,1,1,Average,train,,,
P001798,R00449,J00118,fullstack,devops,"Summary: Motivated engineer with 4 years of experience across full project lifecycles.
Technical Skills: aws, docker, git, javascript, react, typescript.
Experience: Total of 4 years experience in software development and team collaboration.
Education: Master of Science in Data Science.
","Job Title: DevOps Engineer
Requirements: Strong background in aws, azure, docker, git, kubernetes, linux, sql.
Experience: Minimum 3 years of relevant experience required.
Education: Relevant practical experience valued; no strict degree requirement.
",aws;docker;git;javascript;react;typescript,aws;azure;docker;git;kubernetes;linux;sql,4,3,master,none,42.86,100.0,100.0,55.6,66.04,1,1,Average,train,,,
P001425,R00356,J00051,frontend,frontend,"Summary: Recent graduate seeking entry-level opportunity with strong project work.
Technical Skills: angular, express, github, html, javascript, linux, node, react, sql, typescript.
Experience: Academic projects and internships covering design and implementation.
Education: Master of Science in Data Science.
","Job Title: Frontend Developer
Requirements: Strong background in express, git, github, node.
Experience: Minimum 1 years of relevant experience required.
Education: Bachelor's degree in Computer Science or related field required.
",angular;express;github;html;javascript;linux;node;react;sql;typescript,express;git;github;node,0,1,master,bachelor,75.0,0.0,100.0,85.88,66.47,1,1,Average,train,,,
P001210,R00302,J00132,data_ml,data_ml,"Summary: Motivated engineer with 1 years of experience across full project lifecycles.
Technical Skills: aws, git, linux, python, pytorch, scikit-learn, tensorflow.
Experience: 1 years of professional experience including design, testing and deployment.
Education: BCA in Computer Applications.
","Job Title: ML Engineer
Requirements: Strong background in aws, deep learning, docker, postgresql.
Experience: Minimum 3 years of relevant experience required.
Education: Relevant practical experience valued; no strict degree requirement.
",aws;git;linux;python;pytorch;scikit-learn;tensorflow,aws;deep learning;docker;postgresql,1,3,bachelor,none,25.0,33.33,100.0,69.59,49.06,0,0,Weak,val,,,
P001837,R00459,J00044,fullstack,fullstack,"Summary: Motivated engineer with 3 years of experience across full project lifecycles.
Technical Skills: aws, express, git, mongodb, node, python, react, sql, typescript.
Experience: Worked for 3 years as a software engineer delivering production systems.
Education: MCA in Computer Applications.
","Job Title: Full Stack Developer
Requirements: Strong background in aws, docker, express, javascript, mongodb, python, sql.
Experience: Minimum 2 years of relevant experience required.
Education: Bachelor's degree in Computer Science or related field required.
",aws;express;git;mongodb;node;python;react;sql;typescript,aws;docker;express;javascript;mongodb;python;sql,3,2,master,bachelor,71.43,100.0,100.0,82.89,84.29,1,2,Good,train,,,
P000867,R00216,J00028,frontend,devops,"Summary: Motivated engineer with 6 years of experience across full project lifecycles.
Technical Skills: angular, css, express, git, html, javascript, node, typescript, vue.
Experience: Worked for 6 years as a software engineer delivering production systems.
Education: M.Tech in Software Engineering.
","Job Title: DevOps Engineer
Requirements: Strong background in docker, gcp, git, github, linux.
Experience: Minimum 5 years of relevant experience required.
Education: Master's degree in Computer Science or related field required.
",angular;css;express;git;html;javascript;node;typescript;vue,docker;gcp;git;github;linux,6,5,master,master,20.0,100.0,100.0,52.32,56.08,0,1,Average,train,,,
P000134,R00033,J00101,devops,frontend,"Summary: Software engineer with 1 years of experience building scalable applications.
Technical Skills: aws, azure, docker, gcp, git, github, linux, sql.
Experience: Total of 1 years experience in software development and team collaboration.
Education: B.Tech in Computer Science.
","Job Title: Frontend Developer
Requirements: Strong background in css, express, git, node, vue.
Experience: Minimum 3 years of relevant experience required.
Education: Bachelor's degree in Computer Science or related field required.
",aws;azure;docker;gcp;git;github;linux;sql,css;express;git;node;vue,1,3,bachelor,bachelor,20.0,33.33,100.0,48.59,41.81,0,0,Weak,test,,,
P000263,R00065,J00140,backend,backend,"Summary: Recent graduate seeking entry-level opportunity with strong project work.
Technical Skills: django, flask, git, mongodb, spring boot, sql.
Experience: Academic projects and internships covering design and implementation.
Education: B.Tech in Computer Science.
","Job Title: Backend Developer
Requirements: Strong background in django, flask, git, java, postgresql, python.
Experience: Minimum 1 years of relevant experience required.
Education: Relevant practical experience valued; no strict degree requirement.
",django;flask;git;mongodb;spring boot;sql,django;flask;git;java;postgresql;python,0,1,bachelor,none,50.0,0.0,100.0,77.7,54.43,0,1,Average,test,,,
P001264,R00316,J00156,frontend,frontend,"Summary: Software engineer with 2 years of experience building scalable applications.
Technical Skills: angular, css, javascript, linux, react, sql, typescript, vue.
Experience: Worked for 2 years as a software engineer delivering production systems.
Education: B.Tech in Computer Science.
","Job Title: Frontend Developer
Requirements: Strong background in angular, css, express, typescript, vue.
Experience: Minimum 3 years of relevant experience required.
Education: Master's degree in Computer Science or related field required.
",angular;css;javascript;linux;react;sql;typescript;vue,angular;css;express;typescript;vue,2,3,bachelor,master,80.0,66.67,0.0,85.79,66.78,1,1,Average,test,,,
P000889,R00222,J00142,data_ml,data_ml,"Summary: Motivated engineer with 6 years of experience across full project lifecycles.
Technical Skills: aws, docker, machine learning, mysql, python.
Experience: Worked for 6 years as a software engineer delivering production systems.
Education: PhD in Machine Learning.
","Job Title: ML Engineer
Requirements: Strong background in aws, deep learning, machine learning, mysql, pandas, sql.
Experience: Minimum 2 years of relevant experience required.
Education: Bachelor's degree in Computer Science or related field required.
",aws;docker;machine learning;mysql;python,aws;deep learning;machine learning;mysql;pandas;sql,6,2,phd,bachelor,50.0,100.0,100.0,77.66,74.42,1,2,Good,train,,,
P002851,R00712,J00010,data_ml,backend,"Summary: Recent graduate seeking entry-level opportunity with strong project work.
Technical Skills: aws, deep learning, git, postgresql, python, pytorch, sql, tensorflow.
Experience: Academic projects and internships covering design and implementation.
Education: M.Tech in Software Engineering.
","Job Title: Backend Developer
Requirements: Strong background in docker, java, linux, mongodb, spring.
Experience: Minimum 4 years of relevant experience required.
Education: Relevant practical experience valued; no strict degree requirement.
",aws;deep learning;git;postgresql;python;pytorch;sql;tensorflow,docker;java;linux;mongodb;spring,0,4,master,none,0.0,0.0,100.0,41.2,25.3,0,0,Weak,train,,,
P001431,R00357,J00048,data_ml,devops,"Summary: Software engineer with 3 years of experience building scalable applications.
Technical Skills: aws, deep learning, mysql, numpy, pandas, python.
Experience: Worked for 3 years as a software engineer delivering production systems.
Education: Bachelor of Science in Information Technology.
","Job Title: DevOps Engineer
Requirements: Strong background in azure, gcp, git, linux, python.
Experience: Minimum 4 years of relevant experience required.
Education: Bachelor's degree in Computer Science or related field required.
",aws;deep learning;mysql;numpy;pandas;python,azure;gcp;git;linux;python,3,4,bachelor,bachelor,20.0,75.0,100.0,49.57,50.39,0,1,Average,val,,,
P000299,R00074,J00136,fullstack,frontend,"Summary: Motivated engineer with 1 years of experience across full project lifecycles.
Technical Skills: aws, docker, express, git, javascript, mongodb, node, react, typescript.
Experience: Total of 1 years experience in software development and team collaboration.
Education: MCA in Computer Applications.
","Job Title: Frontend Developer
Requirements: Strong background in angular, css, git, github, typescript, vue.
Experience: Minimum 1 years of relevant experience required.
Education: Bachelor's degree in Computer Science or related field required.
",aws;docker;express;git;javascript;mongodb;node;react;typescript,angular;css;git;github;typescript;vue,1,1,master,bachelor,33.33,100.0,100.0,57.18,62.63,1,1,Average,train,,,
P002011,R00502,J00052,data_ml,data_ml,"Summary: Software engineer with 3 years of experience building scalable applications.
Technical Skills: deep learning, git, machine learning, numpy, pandas, scikit-learn.
Experience: 3 years of professional experience including design, testing and deployment.
Education: PhD in Machine Learning.
","Job Title: ML Engineer
Requirements: Strong background in git, numpy, python, scikit-learn.
Experience: Minimum 1 years of relevant experience required.
Education: Master's degree in Computer Science or related field required.
",deep learning;git;machine learning;numpy;pandas;scikit-learn,git;numpy;python;scikit-learn,3,1,phd,master,75.0,100.0,100.0,79.35,84.84,1,2,Good,train,,,
P002764,R00691,J00016,frontend,frontend,"Summary: Software engineer with 2 years of experience building scalable applications.
Technical Skills: git, javascript, node, typescript, vue.
Experience: Worked for 2 years as a software engineer delivering production systems.
Education: BCA in Computer Applications.
","Job Title: Frontend Developer
Requirements: Strong background in css, github, node, react, typescript, vue.
Experience: Minimum 2 years of relevant experience required.
Education: Master's degree in Computer Science or related field required.
",git;javascript;node;typescript;vue,css;github;node;react;typescript;vue,2,2,bachelor,master,50.0,100.0,0.0,75.99,59.0,0,1,Average,test,,,
P001723,R00430,J00104,backend,fullstack,"Summary: Results-driven developer with 6 years of hands-on industry experience.
Technical Skills: aws, django, docker, fastapi, spring.
Experience: Worked for 6 years as a software engineer delivering production systems.
Education: M.Tech in Software Engineering.
","Job Title: Full Stack Developer
Requirements: Strong background in express, javascript, mongodb, python, react.
Experience: Minimum 4 years of relevant experience required.
Education: Bachelor's degree in Computer Science or related field required.
",aws;django;docker;fastapi;spring,express;javascript;mongodb;python;react,6,4,master,bachelor,0.0,100.0,100.0,37.91,44.48,0,0,Weak,train,,,
P000430,R00107,J00044,data_ml,fullstack,"Summary: Motivated engineer with 6 years of experience across full project lifecycles.
Technical Skills: deep learning, machine learning, postgresql, pytorch, scikit-learn, sql, tensorflow.
Experience: Worked for 6 years as a software engineer delivering production systems.
Education: B.Tech in Computer Science.
","Job Title: Full Stack Developer
Requirements: Strong background in aws, docker, express, javascript, mongodb, python, sql.
Experience: Minimum 2 years of relevant experience required.
Education: Bachelor's degree in Computer Science or related field required.
",deep learning;machine learning;postgresql;pytorch;scikit-learn;sql;tensorflow,aws;docker;express;javascript;mongodb;python;sql,6,2,bachelor,bachelor,14.29,100.0,100.0,40.51,50.84,0,1,Average,train,,,
P001487,R00371,J00008,frontend,devops,"Summary: Software engineer with 3 years of experience building scalable applications.
Technical Skills: css, express, git, github, html, javascript, node, react, typescript.
Experience: Worked for 3 years as a software engineer delivering production systems.
Education: BCA in Computer Applications.
","Job Title: DevOps Engineer
Requirements: Strong background in azure, git, github, linux, python, sql.
Experience: Minimum 2 years of relevant experience required.
Education: PhD or doctorate preferred.
",css;express;git;github;html;javascript;node;react;typescript,azure;git;github;linux;python;sql,3,2,bachelor,phd,33.33,100.0,0.0,54.18,46.88,0,0,Weak,train,,,
P001502,R00375,J00165,backend,backend,"Summary: Motivated engineer with 4 years of experience across full project lifecycles.
Technical Skills: aws, docker, fastapi, git, linux, mongodb, postgresql, python, spring boot.
Experience: 4 years of professional experience including design, testing and deployment.
Education: MCA in Computer Applications.
","Job Title: Backend Developer
Requirements: Strong background in aws, django, docker, flask, java, mongodb, mysql.
Experience: Minimum 3 years of relevant experience required.
Education: Master's degree in Computer Science or related field required.
",aws;docker;fastapi;git;linux;mongodb;postgresql;python;spring boot,aws;django;docker;flask;java;mongodb;mysql,4,3,master,master,42.86,100.0,100.0,66.29,68.72,1,1,Average,test,,,
P002905,R00726,J00191,frontend,frontend,"Summary: Software engineer with 3 years of experience building scalable applications.
Technical Skills: angular, css, express, github, node, typescript, vue.
Experience: 3 years of professional experience including design, testing and deployment.
Education: Master of Science in Data Science.
","Job Title: Frontend Developer
Requirements: Strong background in angular, node, typescript, vue.
Experience: Minimum 4 years of relevant experience required.
Education: Relevant practical experience valued; no strict degree requirement.
",angular;css;express;github;node;typescript;vue,angular;node;typescript;vue,3,4,master,none,100.0,75.0,100.0,96.09,94.02,1,3,Strong,train,,,
P002315,R00578,J00000,devops,backend,"Summary: Results-driven developer with 5 years of hands-on industry experience.
Technical Skills: docker, gcp, git, github, kubernetes, linux, python, sql.
Experience: 5 years of professional experience including design, testing and deployment.
Education: M.Tech in Software Engineering.
","Job Title: Backend Developer
Requirements: Strong background in aws, fastapi, flask, git, linux, spring, sql.
Experience: Minimum 3 years of relevant experience required.
Education: Bachelor's degree in Computer Science or related field required.
",docker;gcp;git;github;kubernetes;linux;python;sql,aws;fastapi;flask;git;linux;spring;sql,5,3,master,bachelor,42.86,100.0,100.0,69.32,69.47,1,1,Average,val,,,
P002262,R00565,J00032,backend,data_ml,"Summary: Software engineer with 1 years of experience building scalable applications.
Technical Skills: aws, django, fastapi, git, java, mongodb, mysql, python, spring boot, sql.
Experience: Total of 1 years experience in software development and team collaboration.
Education: Master of Science in Data Science.
","Job Title: ML Engineer
Requirements: Strong background in deep learning, mysql, numpy, postgresql, python, scikit-learn, tensorflow.
Experience: Minimum 1 years of relevant experience required.
Education: Bachelor's degree in Computer Science or related field required.
",aws;django;fastapi;git;java;mongodb;mysql;python;spring boot;sql,deep learning;mysql;numpy;postgresql;python;scikit-learn;tensorflow,1,1,master,bachelor,28.57,100.0,100.0,50.75,59.12,0,1,Average,train,,,
P001385,R00346,J00136,frontend,frontend,"Summary: Results-driven developer with 5 years of hands-on industry experience.
Technical Skills: angular, css, express, github, html, javascript, node, react, vue.
Experience: Total of 5 years experience in software development and team collaboration.
Education: Master of Science in Data Science.
","Job Title: Frontend Developer
Requirements: Strong background in angular, css, git, github, typescript, vue.
Experience: Minimum 1 years of relevant experience required.
Education: Bachelor's degree in Computer Science or related field required.
",angular;css;express;github;html;javascript;node;react;vue,angular;css;git;github;typescript;vue,5,1,master,bachelor,66.67,100.0,100.0,85.97,83.16,1,2,Good,val,,,
P001364,R00341,J00141,frontend,frontend,"Summary: Recent graduate seeking entry-level opportunity with strong project work.
Technical Skills: git, github, javascript, node, typescript, vue.
Experience: Academic projects and internships covering design and implementation.
Education: MCA in Computer Applications.
","Job Title: Frontend Developer
Requirements: Strong background in angular, git, github, javascript, node, typescript.
Experience: Minimum 4 years of relevant experience required.
Education: Master's degree in Computer Science or related field required.
",git;github;javascript;node;typescript;vue,angular;git;github;javascript;node;typescript,0,4,master,master,83.33,0.0,100.0,87.33,70.16,1,2,Good,train,,,
P001298,R00324,J00018,fullstack,devops,"Summary: Motivated engineer with 3 years of experience across full project lifecycles.
Technical Skills: aws, docker, javascript, linux, mongodb, python, sql.
Experience: Total of 3 years experience in software development and team collaboration.
Education: Bachelor of Science in Information Technology.
","Job Title: DevOps Engineer
Requirements: Strong background in aws, azure, docker, git, linux.
Experience: Minimum 3 years of relevant experience required.
Education: Bachelor's degree in Computer Science or related field required.
",aws;docker;javascript;linux;mongodb;python;sql,aws;azure;docker;git;linux,3,3,bachelor,bachelor,60.0,100.0,100.0,69.28,76.32,1,2,Good,train,,,
P001867,R00466,J00037,frontend,data_ml,"Summary: Results-driven developer with 2 years of hands-on industry experience.
Technical Skills: css, git, javascript, node, react, vue.
Experience: 2 years of professional experience including design, testing and deployment.
Education: MCA in Computer Applications.
","Job Title: ML Engineer
Requirements: Strong background in docker, git, machine learning, pandas, postgresql, python.
Experience: Minimum 2 years of relevant experience required.
Education: Bachelor's degree in Computer Science or related field required.
",css;git;javascript;node;react;vue,docker;git;machine learning;pandas;postgresql;python,2,2,master,bachelor,16.67,100.0,100.0,48.08,53.69,0,1,Average,train,,,
P000929,R00232,J00032,data_ml,data_ml,"Summary: Software engineer with 4 years of experience building scalable applications.
Technical Skills: deep learning, docker, linux, machine learning, mysql, scikit-learn, sql, tensorflow.
Experience: Total of 4 years experience in software development and team collaboration.
Education: B.Tech in Computer Science.
","Job Title: ML Engineer
Requirements: Strong background in deep learning, mysql, numpy, postgresql, python, scikit-learn, tensorflow.
Experience: Minimum 1 years of relevant experience required.
Education: Bachelor's degree in Computer Science or related field required.
",deep learning;docker;linux;machine learning;mysql;scikit-learn;sql;tensorflow,deep learning;mysql;numpy;postgresql;python;scikit-learn;tensorflow,4,1,bachelor,bachelor,57.14,100.0,100.0,70.25,75.42,1,2,Good,train,,,
P000368,R00092,J00112,data_ml,data_ml,"Summary: Results-driven developer with 5 years of hands-on industry experience.
Technical Skills: docker, git, machine learning, mysql, pandas, python, scikit-learn, sql.
Experience: Total of 5 years experience in software development and team collaboration.
Education: B.Tech in Computer Science.
","Job Title: ML Engineer
Requirements: Strong background in git, pandas, pytorch, tensorflow.
Experience: Minimum 3 years of relevant experience required.
Education: Bachelor's degree in Computer Science or related field required.
",docker;git;machine learning;mysql;pandas;python;scikit-learn;sql,git;pandas;pytorch;tensorflow,5,3,bachelor,bachelor,50.0,100.0,100.0,73.29,73.32,1,2,Good,train,,,
P001788,R00447,J00102,data_ml,data_ml,"Summary: Results-driven developer with 3 years of hands-on industry experience.
Technical Skills: numpy, postgresql, pytorch, sql, tensorflow.
Experience: Total of 3 years experience in software development and team collaboration.
Education: B.Tech in Computer Science.
","Job Title: ML Engineer
Requirements: Strong background in docker, git, machine learning, numpy, pytorch, sql, tensorflow.
Experience: Minimum 4 years of relevant experience required.
Education: PhD or doctorate preferred.
",numpy;postgresql;pytorch;sql;tensorflow,docker;git;machine learning;numpy;pytorch;sql;tensorflow,3,4,bachelor,phd,57.14,75.0,0.0,83.68,58.78,0,1,Average,train,,,
P003128,R00782,J00167,data_ml,data_ml,"Summary: Motivated engineer with 5 years of experience across full project lifecycles.
Technical Skills: aws, deep learning, docker, git, pandas, python, pytorch, scikit-learn, sql, tensorflow.
Experience: Worked for 5 years as a software engineer delivering production systems.
Education: Bachelor of Science in Information Technology.
","Job Title: ML Engineer
Requirements: Strong background in aws, deep learning, git, machine learning, postgresql, scikit-learn, tensorflow.
Experience: Minimum 1 years of relevant experience required.
Education: Relevant practical experience valued; no strict degree requirement.
",aws;deep learning;docker;git;pandas;python;pytorch;scikit-learn;sql;tensorflow,aws;deep learning;git;machine learning;postgresql;scikit-learn;tensorflow,5,1,bachelor,none,71.43,100.0,100.0,85.42,84.93,1,2,Good,train,,,
P003000,R00750,J00175,backend,backend,"Summary: Software engineer with 3 years of experience building scalable applications.
Technical Skills: docker, fastapi, flask, git, linux, python, sql.
Experience: Worked for 3 years as a software engineer delivering production systems.
Education: Bachelor of Science in Information Technology.
","Job Title: Backend Developer
Requirements: Strong background in docker, flask, java, linux, python.
Experience: Minimum 1 years of relevant experience required.
Education: PhD or doctorate preferred.
",docker;fastapi;flask;git;linux;python;sql,docker;flask;java;linux;python,3,1,bachelor,phd,80.0,100.0,0.0,89.41,74.35,1,2,Good,test,,,
P001080,R00270,J00140,backend,backend,"Summary: Software engineer with 6 years of experience building scalable applications.
Technical Skills: django, docker, fastapi, java, linux, mongodb, sql.
Experience: 6 years of professional experience including design, testing and deployment.
Education: Master of Science in Data Science.
","Job Title: Backend Developer
Requirements: Strong background in django, flask, git, java, postgresql, python.
Experience: Minimum 1 years of relevant experience required.
Education: Relevant practical experience valued; no strict degree requirement.
",django;docker;fastapi;java;linux;mongodb;sql,django;flask;git;java;postgresql;python,6,1,master,none,33.33,100.0,100.0,64.95,64.57,1,1,Average,train,,,
P000594,R00148,J00161,devops,frontend,"Summary: Results-driven developer with 4 years of hands-on industry experience.
Technical Skills: aws, azure, gcp, git, github, kubernetes, linux, python, sql.
Experience: Total of 4 years experience in software development and team collaboration.
Education: BCA in Computer Applications.
","Job Title: Frontend Developer
Requirements: Strong background in express, git, html, react.
Experience: Minimum 2 years of relevant experience required.
Education: Master's degree in Computer Science or related field required.
",aws;azure;gcp;git;github;kubernetes;linux;python;sql,express;git;html;react,4,2,bachelor,master,25.0,100.0,0.0,53.36,43.34,0,0,Weak,val,,,
P000969,R00242,J00102,data_ml,data_ml,"Summary: Recent graduate seeking entry-level opportunity with strong project work.
Technical Skills: docker, machine learning, pandas, postgresql, python, pytorch, sql, tensorflow.
Experience: Academic projects and internships covering design and implementation.
Education: M.Tech in Software Engineering.
","Job Title: ML Engineer
Requirements: Strong background in docker, git, machine learning, numpy, pytorch, sql, tensorflow.
Experience: Minimum 4 years of relevant experience required.
Education: PhD or doctorate preferred.
",docker;machine learning;pandas;postgresql;python;pytorch;sql;tensorflow,docker;git;machine learning;numpy;pytorch;sql;tensorflow,0,4,master,phd,71.43,0.0,0.0,87.71,50.5,0,1,Average,train,,,
P001538,R00384,J00147,fullstack,data_ml,"Summary: Software engineer with 6 years of experience building scalable applications.
Technical Skills: express, git, javascript, mongodb, node, python, react, typescript.
Experience: Worked for 6 years as a software engineer delivering production systems.
Education: BCA in Computer Applications.
","Job Title: ML Engineer
Requirements: Strong background in git, numpy, pytorch, scikit-learn.
Experience: Minimum 2 years of relevant experience required.
Education: PhD or doctorate preferred.
",express;git;javascript;mongodb;node;python;react;typescript,git;numpy;pytorch;scikit-learn,6,2,bachelor,phd,25.0,100.0,0.0,49.05,42.26,0,0,Weak,train,,,
P002323,R00580,J00026,backend,frontend,"Summary: Software engineer with 5 years of experience building scalable applications.
Technical Skills: git, mongodb, mysql, postgresql, python, spring, spring boot.
Experience: Total of 5 years experience in software development and team collaboration.
Education: M.Tech in Software Engineering.
","Job Title: Frontend Developer
Requirements: Strong background in angular, css, github, html, javascript, react, vue.
Experience: Minimum 2 years of relevant experience required.
Education: Relevant practical experience valued; no strict degree requirement.
",git;mongodb;mysql;postgresql;python;spring;spring boot,angular;css;github;html;javascript;react;vue,5,2,master,none,0.0,100.0,100.0,38.21,44.55,0,0,Weak,train,,,
P002887,R00721,J00083,frontend,devops,"Summary: Results-driven developer with 7 years of hands-on industry experience.
Technical Skills: angular, css, git, github, html, linux, node, vue.
Experience: Worked for 7 years as a software engineer delivering production systems.
Education: PhD in Machine Learning.
","Job Title: DevOps Engineer
Requirements: Strong background in azure, docker, gcp, git, linux, sql.
Experience: Minimum 3 years of relevant experience required.
Education: Bachelor's degree in Computer Science or related field required.
",angular;css;git;github;html;linux;node;vue,azure;docker;gcp;git;linux;sql,7,3,phd,bachelor,33.33,100.0,100.0,58.67,63.0,1,1,Average,val,,,
P000354,R00088,J00096,devops,frontend,"Summary: Motivated engineer with 4 years of experience across full project lifecycles.
Technical Skills: docker, gcp, git, github, python, sql.
Experience: Worked for 4 years as a software engineer delivering production systems.
Education: M.Tech in Software Engineering.
","Job Title: Frontend Developer
Requirements: Strong background in express, git, react, typescript.
Experience: Minimum 1 years of relevant experience required.
Education: PhD or doctorate preferred.
",docker;gcp;git;github;python;sql,express;git;react;typescript,4,1,master,phd,25.0,100.0,0.0,48.45,42.11,0,0,Weak,train,,,
P000174,R00043,J00083,devops,devops,"Summary: Motivated engineer with 3 years of experience across full project lifecycles.
Technical Skills: aws, azure, docker, git, github.
Experience: Total of 3 years experience in software development and team collaboration.
Education: Master of Science in Data Science.
","Job Title: DevOps Engineer
Requirements: Strong background in azure, docker, gcp, git, linux, sql.
Experience: Minimum 3 years of relevant experience required.
Education: Bachelor's degree in Computer Science or related field required.
",aws;azure;docker;git;github,azure;docker;gcp;git;linux;sql,3,3,master,bachelor,50.0,100.0,100.0,81.04,75.26,1,2,Good,train,,,
P001402,R00350,J00038,backend,devops,"Summary: Software engineer with 2 years of experience building scalable applications.
Technical Skills: aws, django, fastapi, flask, git, linux, mongodb, mysql, python, sql.
Experience: Total of 2 years experience in software development and team collaboration.
Education: M.Tech in Software Engineering.
","Job Title: DevOps Engineer
Requirements: Strong background in aws, git, github, python.
Experience: Minimum 1 years of relevant experience required.
Education: Master's degree in Computer Science or related field required.
",aws;django;fastapi;flask;git;linux;mongodb;mysql;python;sql,aws;git;github;python,2,1,master,master,75.0,100.0,100.0,75.37,83.84,1,2,Good,test,,,
P000506,R00126,J00168,frontend,devops,"Summary: Software engineer with 2 years of experience building scalable applications.
Technical Skills: angular, express, git, github, html, javascript, node, react, typescript.
Experience: Worked for 2 years as a software engineer delivering production systems.
Education: B.Tech in Computer Science.
","Job Title: DevOps Engineer
Requirements: Strong background in azure, git, kubernetes, sql.
Experience: Minimum 1 years of relevant experience required.
Education: Master's degree in Computer Science or related field required.
",angular;express;git;github;html;javascript;node;react;typescript,azure;git;kubernetes;sql,2,1,bachelor,master,25.0,100.0,0.0,51.66,42.92,0,0,Weak,train,,,
P002822,R00705,J00020,backend,backend,"Summary: Results-driven developer with 3 years of hands-on industry experience.
Technical Skills: flask, java, linux, python, spring boot.
Experience: 3 years of professional experience including design, testing and deployment.
Education: Bachelor of Science in Information Technology.
","Job Title: Backend Developer
Requirements: Strong background in aws, git, java, mysql, sql.
Experience: Minimum 1 years of relevant experience required.
Education: Master's degree in Computer Science or related field required.
",flask;java;linux;python;spring boot,aws;git;java;mysql;sql,3,1,bachelor,master,20.0,100.0,0.0,52.33,41.08,0,0,Weak,test,,,
P001556,R00389,J00184,fullstack,fullstack,"Summary: Motivated engineer with 6 years of experience across full project lifecycles.
Technical Skills: aws, docker, linux, mongodb, node, react, sql, typescript.
Experience: Worked for 6 years as a software engineer delivering production systems.
Education: BCA in Computer Applications.
","Job Title: Full Stack Developer
Requirements: Strong background in aws, git, mongodb, python, react, sql.
Experience: Minimum 5 years of relevant experience required.
Education: Relevant practical experience valued; no strict degree requirement.
",aws;docker;linux;mongodb;node;react;sql;typescript,aws;git;mongodb;python;react;sql,6,5,bachelor,none,66.67,100.0,100.0,87.64,83.58,1,2,Good,train,,,
P001697,R00424,J00099,fullstack,fullstack,"Summary: Software engineer with 4 years of experience building scalable applications.
Technical Skills: docker, javascript, mongodb, python, typescript.
Experience: Total of 4 years experience in software development and team collaboration.
Education: MCA in Computer Applications.
","Job Title: Full Stack Developer
Requirements: Strong background in docker, express, git, javascript, node, react.
Experience: Minimum 2 years of relevant experience required.
Education: Bachelor's degree in Computer Science or related field required.
",docker;javascript;mongodb;python;typescript,docker;express;git;javascript;node;react,4,2,master,bachelor,33.33,100.0,100.0,62.77,64.03,1,1,Average,train,,,
P000572,R00143,J00078,devops,devops,"Summary: Results-driven developer with 5 years of hands-on industry experience.
Technical Skills: docker, gcp, kubernetes, linux, sql.
Experience: 5 years of professional experience including design, testing and deployment.
Education: MCA in Computer Applications.
","Job Title: DevOps Engineer
Requirements: Strong background in azure, git, kubernetes, linux, python.
Experience: Minimum 4 years of relevant experience required.
Education: Bachelor's degree in Computer Science or related field required.
",docker;gcp;kubernetes;linux;sql,azure;git;kubernetes;linux;python,5,4,master,bachelor,40.0,100.0,100.0,64.55,67.14,1,1,Average,train,,,
P001572,R00393,J00188,devops,devops,"Summary: Motivated engineer with 7 years of experience across full project lifecycles.
Technical Skills: azure, docker, gcp, git, github, kubernetes, linux, python, sql.
Experience: 7 years of professional experience including design, testing and deployment.
Education: B.Tech in Computer Science.
","Job Title: DevOps Engineer
Requirements: Strong background in azure, gcp, github, linux, python.
Experience: Minimum 5 years of relevant experience required.
Education: Relevant practical experience valued; no strict degree requirement.
",azure;docker;gcp;git;github;kubernetes;linux;python;sql,azure;gcp;github;linux;python,7,5,bachelor,none,100.0,100.0,100.0,100.0,100.0,1,3,Strong,test,,,
P001071,R00267,J00190,data_ml,backend,"Summary: Motivated engineer with 6 years of experience across full project lifecycles.
Technical Skills: docker, git, machine learning, mysql, numpy, pandas, postgresql, python, pytorch, sql.
Experience: Worked for 6 years as a software engineer delivering production systems.
Education: BCA in Computer Applications.
","Job Title: Backend Developer
Requirements: Strong background in django, flask, linux, postgresql, spring, spring boot.
Experience: Minimum 5 years of relevant experience required.
Education: Relevant practical experience valued; no strict degree requirement.
",docker;git;machine learning;mysql;numpy;pandas;postgresql;python;pytorch;sql,django;flask;linux;postgresql;spring;spring boot,6,5,bachelor,none,16.67,100.0,100.0,52.44,54.78,0,1,Average,train,,,
P003007,R00751,J00006,frontend,frontend,"Summary: Software engineer with 4 years of experience building scalable applications.
Technical Skills: angular, html, javascript, linux, node, react, typescript.
Experience: Total of 4 years experience in software development and team collaboration.
Education: M.Tech in Software Engineering.
","Job Title: Frontend Developer
Requirements: Strong background in css, express, html, javascript, node, react.
Experience: Minimum 3 years of relevant experience required.
Education: Bachelor's degree in Computer Science or related field required.
",angular;html;javascript;linux;node;react;typescript,css;express;html;javascript;node;react,4,3,master,bachelor,66.67,100.0,100.0,80.62,81.82,1,2,Good,train,,,
P000387,R00096,J00186,frontend,frontend,"Summary: Motivated engineer with 3 years of experience across full project lifecycles.
Technical Skills: angular, css, express, github, html, react, sql, typescript, vue.
Experience: Total of 3 years experience in software development and team collaboration.
Education: MCA in Computer Applications.
","Job Title: Frontend Developer
Requirements: Strong background in angular, github, javascript, typescript.
Experience: Minimum 3 years of relevant experience required.
Education: Master's degree in Computer Science or related field required.
",angular;css;express;github;html;react;sql;typescript;vue,angular;github;javascript;typescript,3,3,master,master,75.0,100.0,100.0,86.76,86.69,1,3,Strong,test,,,
P001991,R00497,J00056,data_ml,frontend,"Summary: Software engineer with 2 years of experience building scalable applications.
Technical Skills: aws, deep learning, docker, git, mysql, numpy, postgresql, scikit-learn, sql.
Experience: Worked for 2 years as a software engineer delivering production systems.
Education: M.Tech in Software Engineering.
","Job Title: Frontend Developer
Requirements: Strong background in angular, css, git, react.
Experience: Minimum 4 years of relevant experience required.
Education: Bachelor's degree in Computer Science or related field required.
",aws;deep learning;docker;git;mysql;numpy;postgresql;scikit-learn;sql,angular;css;git;react,2,4,master,bachelor,25.0,50.0,100.0,54.18,48.55,0,0,Weak,train,,,
P002930,R00732,J00187,data_ml,data_ml,"Summary: Results-driven developer with 6 years of hands-on industry experience.
Technical Skills: aws, deep learning, machine learning, numpy, postgresql, pytorch, sql.
Experience: Total of 6 years experience in software development and team collaboration.
Education: M.Tech in Software Engineering.
","Job Title: ML Engineer
Requirements: Strong background in deep learning, git, mysql, pandas, python, scikit-learn, sql.
Experience: Minimum 2 years of relevant experience required.
Education: Relevant practical experience valued; no strict degree requirement.
",aws;deep learning;machine learning;numpy;postgresql;pytorch;sql,deep learning;git;mysql;pandas;python;scikit-learn;sql,6,2,master,none,28.57,100.0,100.0,60.52,61.56,1,1,Average,train,,,
P001446,R00361,J00090,frontend,backend,"Summary: Results-driven developer with 5 years of hands-on industry experience.
Technical Skills: angular, css, express, git, github, react, sql.
Experience: Worked for 5 years as a software engineer delivering production systems.
Education: M.Tech in Software Engineering.
","Job Title: Backend Developer
Requirements: Strong background in aws, django, docker, mysql, postgresql.
Experience: Minimum 2 years of relevant experience required.
Education: Master's degree in Computer Science or related field required.
",angular;css;express;git;github;react;sql,aws;django;docker;mysql;postgresql,5,2,master,master,0.0,100.0,100.0,46.9,46.73,0,0,Weak,val,,,
P002838,R00709,J00037,fullstack,data_ml,"Summary: Results-driven developer with 2 years of hands-on industry experience.
Technical Skills: aws, docker, express, javascript, linux, mongodb, node, react, sql.
Experience: 2 years of professional experience including design, testing and deployment.
Education: Master of Science in Data Science.
","Job Title: ML Engineer
Requirements: Strong background in docker, git, machine learning, pandas, postgresql, python.
Experience: Minimum 2 years of relevant experience required.
Education: Bachelor's degree in Computer Science or related field required.
",aws;docker;express;javascript;linux;mongodb;node;react;sql,docker;git;machine learning;pandas;postgresql;python,2,2,master,bachelor,16.67,100.0,100.0,40.17,51.71,0,1,Average,train,,,
P000184,R00046,J00166,frontend,frontend,"Summary: Motivated engineer with 3 years of experience across full project lifecycles.
Technical Skills: angular, css, git, github, linux, node, typescript, vue.
Experience: Worked for 3 years as a software engineer delivering production systems.
Education: PhD in Machine Learning.
","Job Title: Frontend Developer
Requirements: Strong background in css, html, typescript, vue.
Experience: Minimum 2 years of relevant experience required.
Education: PhD or doctorate preferred.
",angular;css;git;github;linux;node;typescript;vue,css;html;typescript;vue,3,2,phd,phd,75.0,100.0,100.0,90.96,87.74,1,3,Strong,train,,,
P000254,R00063,J00055,devops,backend,"Summary: Motivated engineer with 4 years of experience across full project lifecycles.
Technical Skills: aws, azure, git, kubernetes, linux, sql.
Experience: Worked for 4 years as a software engineer delivering production systems.
Education: BCA in Computer Applications.
","Job Title: Backend Developer
Requirements: Strong background in aws, flask, java, linux, python, spring boot.
Experience: Minimum 4 years of relevant experience required.
Education: Master's degree in Computer Science or related field required.
",aws;azure;git;kubernetes;linux;sql,aws;flask;java;linux;python;spring boot,4,4,bachelor,master,33.33,100.0,0.0,53.95,46.82,0,0,Weak,val,,,
P000507,R00126,J00112,frontend,data_ml,"Summary: Software engineer with 2 years of experience building scalable applications.
Technical Skills: angular, express, git, github, html, javascript, node, react, typescript.
Experience: Worked for 2 years as a software engineer delivering production systems.
Education: B.Tech in Computer Science.
","Job Title: ML Engineer
Requirements: Strong background in git, pandas, pytorch, tensorflow.
Experience: Minimum 3 years of relevant experience required.
Education: Bachelor's degree in Computer Science or related field required.
",angular;express;git;github;html;javascript;node;react;typescript,git;pandas;pytorch;tensorflow,2,3,bachelor,bachelor,25.0,66.67,100.0,55.21,52.14,0,1,Average,train,,,
P000442,R00110,J00028,backend,devops,"Summary: Motivated engineer with 2 years of experience across full project lifecycles.
Technical Skills: django, docker, fastapi, flask, git, linux, mongodb, spring, spring boot, sql.
Experience: Total of 2 years experience in software development and team collaboration.
Education: BCA in Computer Applications.
","Job Title: DevOps Engineer
Requirements: Strong background in docker, gcp, git, github, linux.
Experience: Minimum 5 years of relevant experience required.
Education: Master's degree in Computer Science or related field required.
",django;docker;fastapi;flask;git;linux;mongodb;spring;spring boot;sql,docker;gcp;git;github;linux,2,5,bachelor,master,60.0,40.0,0.0,68.78,49.2,0,0,Weak,test,,,
P000945,R00236,J00191,frontend,frontend,"Summary: Results-driven developer with 3 years of hands-on industry experience.
Technical Skills: express, git, javascript, typescript, vue.
Experience: Worked for 3 years as a software engineer delivering production systems.
Education: Master of Science in Data Science.
","Job Title: Frontend Developer
Requirements: Strong background in angular, node, typescript, vue.
Experience: Minimum 4 years of relevant experience required.
Education: Relevant practical experience valued; no strict degree requirement.
",express;git;javascript;typescript;vue,angular;node;typescript;vue,3,4,master,none,50.0,75.0,100.0,71.03,67.76,1,1,Average,train,,,
P001730,R00432,J00007,data_ml,data_ml,"Summary: Software engineer with 4 years of experience building scalable applications.
Technical Skills: aws, deep learning, docker, git, machine learning, python, scikit-learn, sql, tensorflow.
Experience: 4 years of professional experience including design, testing and deployment.
Education: M.Tech in Software Engineering.
","Job Title: ML Engineer
Requirements: Strong background in docker, machine learning, python, pytorch.
Experience: Minimum 2 years of relevant experience required.
Education: Master's degree in Computer Science or related field required.
",aws;deep learning;docker;git;machine learning;python;scikit-learn;sql;tensorflow,docker;machine learning;python;pytorch,4,2,master,master,75.0,100.0,100.0,90.45,87.61,1,3,Strong,val,,,
P000809,R00202,J00082,data_ml,data_ml,"Summary: Software engineer with 3 years of experience building scalable applications.
Technical Skills: deep learning, git, mysql, numpy, pandas, python, scikit-learn, sql, tensorflow.
Experience: Worked for 3 years as a software engineer delivering production systems.
Education: PhD in Machine Learning.
","Job Title: ML Engineer
Requirements: Strong background in aws, deep learning, git, numpy, pandas.
Experience: Minimum 2 years of relevant experience required.
Education: Master's degree in Computer Science or related field required.
",deep learning;git;mysql;numpy;pandas;python;scikit-learn;sql;tensorflow,aws;deep learning;git;numpy;pandas,3,2,phd,master,80.0,100.0,100.0,85.54,88.38,1,3,Strong,train,,,
P000314,R00078,J00096,devops,frontend,"Summary: Software engineer with 4 years of experience building scalable applications.
Technical Skills: aws, azure, docker, git, github, kubernetes, linux, python, sql.
Experience: Worked for 4 years as a software engineer delivering production systems.
Education: Master of Science in Data Science.
","Job Title: Frontend Developer
Requirements: Strong background in express, git, react, typescript.
Experience: Minimum 1 years of relevant experience required.
Education: PhD or doctorate preferred.
",aws;azure;docker;git;github;kubernetes;linux;python;sql,express;git;react;typescript,4,1,master,phd,25.0,100.0,0.0,51.59,42.9,0,0,Weak,test,,,
P000631,R00157,J00182,data_ml,data_ml,"Summary: Software engineer with 3 years of experience building scalable applications.
Technical Skills: machine learning, mysql, numpy, postgresql, pytorch.
Experience: Total of 3 years experience in software development and team collaboration.
Education: MCA in Computer Applications.
","Job Title: ML Engineer
Requirements: Strong background in aws, docker, python, scikit-learn.
Experience: Minimum 3 years of relevant experience required.
Education: Relevant practical experience valued; no strict degree requirement.
",machine learning;mysql;numpy;postgresql;pytorch,aws;docker;python;scikit-learn,3,3,master,none,0.0,100.0,100.0,50.18,47.55,0,0,Weak,train,,,
P001206,R00301,J00196,frontend,frontend,"Summary: Motivated engineer with 4 years of experience across full project lifecycles.
Technical Skills: angular, express, html, node, react, typescript.
Experience: Total of 4 years experience in software development and team collaboration.
Education: PhD in Machine Learning.
","Job Title: Frontend Developer
Requirements: Strong background in angular, github, html, node, react, typescript.
Experience: Minimum 3 years of relevant experience required.
Education: Relevant practical experience valued; no strict degree requirement.
",angular;express;html;node;react;typescript,angular;github;html;node;react;typescript,4,3,phd,none,83.33,100.0,100.0,90.47,90.95,1,3,Strong,train,,,
P000044,R00011,J00086,frontend,frontend,"Summary: Recent graduate seeking entry-level opportunity with strong project work.
Technical Skills: css, express, github, html, linux, sql, typescript, vue.
Experience: Academic projects and internships covering design and implementation.
Education: M.Tech in Software Engineering.
","Job Title: Frontend Developer
Requirements: Strong background in git, html, node, typescript.
Experience: Minimum 2 years of relevant experience required.
Education: Master's degree in Computer Science or related field required.
",css;express;github;html;linux;sql;typescript;vue,git;html;node;typescript,0,2,master,master,50.0,0.0,100.0,70.68,52.67,0,1,Average,train,,,
P002415,R00603,J00168,devops,devops,"Summary: Results-driven developer with 4 years of hands-on industry experience.
Technical Skills: aws, docker, gcp, python, sql.
Experience: Total of 4 years experience in software development and team collaboration.
Education: PhD in Machine Learning.
","Job Title: DevOps Engineer
Requirements: Strong background in azure, git, kubernetes, sql.
Experience: Minimum 1 years of relevant experience required.
Education: Master's degree in Computer Science or related field required.
",aws;docker;gcp;python;sql,azure;git;kubernetes;sql,4,1,phd,master,25.0,100.0,100.0,56.75,59.19,0,1,Average,test,,,
P000596,R00149,J00049,fullstack,fullstack,"Summary: Results-driven developer with 2 years of hands-on industry experience.
Technical Skills: aws, docker, express, git, mongodb, typescript.
Experience: Total of 2 years experience in software development and team collaboration.
Education: PhD in Machine Learning.
","Job Title: Full Stack Developer
Requirements: Strong background in aws, docker, javascript, mongodb, node, python.
Experience: Minimum 5 years of relevant experience required.
Education: Relevant practical experience valued; no strict degree requirement.
",aws;docker;express;git;mongodb;typescript,aws;docker;javascript;mongodb;node;python,2,5,phd,none,50.0,40.0,100.0,76.63,62.16,1,1,Average,train,,,
P000139,R00034,J00167,fullstack,data_ml,"Summary: Recent graduate seeking entry-level opportunity with strong project work.
Technical Skills: aws, express, git, mongodb, python, react, sql.
Experience: Academic projects and internships covering design and implementation.
Education: MCA in Computer Applications.
","Job Title: ML Engineer
Requirements: Strong background in aws, deep learning, git, machine learning, postgresql, scikit-learn, tensorflow.
Experience: Minimum 1 years of relevant experience required.
Education: Relevant practical experience valued; no strict degree requirement.
",aws;express;git;mongodb;python;react;sql,aws;deep learning;git;machine learning;postgresql;scikit-learn;tensorflow,0,1,master,none,28.57,0.0,100.0,49.56,38.82,0,0,Weak,train,,,
P001151,R00287,J00002,data_ml,data_ml,"Summary: Results-driven developer with 5 years of hands-on industry experience.
Technical Skills: docker, git, mysql, numpy, python, pytorch, sql.
Experience: Worked for 5 years as a software engineer delivering production systems.
Education: PhD in Machine Learning.
","Job Title: ML Engineer
Requirements: Strong background in deep learning, mysql, pytorch, sql, tensorflow.
Experience: Minimum 4 years of relevant experience required.
Education: Bachelor's degree in Computer Science or related field required.
",docker;git;mysql;numpy;python;pytorch;sql,deep learning;mysql;pytorch;sql;tensorflow,5,4,phd,bachelor,60.0,100.0,100.0,84.83,80.21,1,2,Good,train,,,
P002522,R00630,J00112,backend,data_ml,"Summary: Results-driven developer with 1 years of hands-on industry experience.
Technical Skills: fastapi, flask, java, mongodb, postgresql, python, spring, spring boot, sql.
Experience: 1 years of professional experience including design, testing and deployment.
Education: PhD in Machine Learning.
","Job Title: ML Engineer
Requirements: Strong background in git, pandas, pytorch, tensorflow.
Experience: Minimum 3 years of relevant experience required.
Education: Bachelor's degree in Computer Science or related field required.
",fastapi;flask;java;mongodb;postgresql;python;spring;spring boot;sql,git;pandas;pytorch;tensorflow,1,3,phd,bachelor,0.0,33.33,100.0,41.29,31.99,0,0,Weak,train,,,
P002325,R00581,J00006,frontend,frontend,"Summary: Software engineer with 8 years of experience building scalable applications.
Technical Skills: angular, express, git, github, html, node, typescript.
Experience: 8 years of professional experience including design, testing and deployment.
Education: B.Tech in Computer Science.
","Job Title: Frontend Developer
Requirements: Strong background in css, express, html, javascript, node, react.
Experience: Minimum 3 years of relevant experience required.
Education: Bachelor's degree in Computer Science or related field required.
",angular;express;git;github;html;node;typescript,css;express;html;javascript;node;react,8,3,bachelor,bachelor,50.0,100.0,100.0,74.07,73.52,1,2,Good,train,,,
P002719,R00679,J00071,fullstack,frontend,"Summary: Results-driven developer with 3 years of hands-on industry experience.
Technical Skills: aws, docker, git, javascript, linux, mongodb, node, react, sql.
Experience: Worked for 3 years as a software engineer delivering production systems.
Education: B.Tech in Computer Science.
","Job Title: Frontend Developer
Requirements: Strong background in angular, css, express, git, html, node, react.
Experience: Minimum 2 years of relevant experience required.
Education: Bachelor's degree in Computer Science or related field required.
",aws;docker;git;javascript;linux;mongodb;node;react;sql,angular;css;express;git;html;node;react,3,2,bachelor,bachelor,42.86,100.0,100.0,59.39,66.99,1,1,Average,train,,,
P002594,R00648,J00069,devops,fullstack,"Summary: Recent graduate seeking entry-level opportunity with strong project work.
Technical Skills: aws, azure, gcp, git, kubernetes, linux, python, sql.
Experience: Academic projects and internships covering design and implementation.
Education: Bachelor of Science in Information Technology.
","Job Title: Full Stack Developer
Requirements: Strong background in aws, docker, javascript, react, sql.
Experience: Minimum 2 years of relevant experience required.
Education: Bachelor's degree in Computer Science or related field required.
",aws;azure;gcp;git;kubernetes;linux;python;sql,aws;docker;javascript;react;sql,0,2,bachelor,bachelor,40.0,0.0,100.0,60.1,46.03,0,0,Weak,train,,,
P001940,R00485,J00030,backend,backend,"Summary: Motivated engineer with 3 years of experience across full project lifecycles.
Technical Skills: aws, fastapi, java, linux, mongodb, postgresql, spring boot, sql.
Experience: 3 years of professional experience including design, testing and deployment.
Education: B.Tech in Computer Science.
","Job Title: Backend Developer
Requirements: Strong background in aws, docker, fastapi, flask, git, mysql, python.
Experience: Minimum 2 years of relevant experience required.
Education: Relevant practical experience valued; no strict degree requirement.
",aws;fastapi;java;linux;mongodb;postgresql;spring boot;sql,aws;docker;fastapi;flask;git;mysql;python,3,2,bachelor,none,28.57,100.0,100.0,64.49,62.55,1,1,Average,train,,,
P000414,R00103,J00179,devops,fullstack,"Summary: Motivated engineer with 4 years of experience across full project lifecycles.
Technical Skills: aws, docker, git, github, kubernetes, linux, sql.
Experience: Worked for 4 years as a software engineer delivering production systems.
Education: B.Tech in Computer Science.
","Job Title: Full Stack Developer
Requirements: Strong background in express, git, mongodb, sql, typescript.
Experience: Minimum 2 years of relevant experience required.
Education: Relevant practical experience valued; no strict degree requirement.
",aws;docker;git;github;kubernetes;linux;sql,express;git;mongodb;sql;typescript,4,2,bachelor,none,40.0,100.0,100.0,64.48,67.12,1,1,Average,train,,,
P002252,R00563,J00133,devops,devops,"Summary: Software engineer with 6 years of experience building scalable applications.
Technical Skills: docker, gcp, github, kubernetes, linux, sql.
Experience: Worked for 6 years as a software engineer delivering production systems.
Education: B.Tech in Computer Science.
","Job Title: DevOps Engineer
Requirements: Strong background in docker, gcp, git, github.
Experience: Minimum 5 years of relevant experience required.
Education: Master's degree in Computer Science or related field required.
",docker;gcp;github;kubernetes;linux;sql,docker;gcp;git;github,6,5,bachelor,master,75.0,100.0,0.0,83.18,70.8,1,2,Good,train,,,
P000705,R00176,J00116,frontend,frontend,"Summary: Results-driven developer with 7 years of hands-on industry experience.
Technical Skills: angular, css, express, git, github, node, react, sql, typescript, vue.
Experience: 7 years of professional experience including design, testing and deployment.
Education: Master of Science in Data Science.
","Job Title: Frontend Developer
Requirements: Strong background in css, express, javascript, node, react.
Experience: Minimum 3 years of relevant experience required.
Education: Bachelor's degree in Computer Science or related field required.
",angular;css;express;git;github;node;react;sql;typescript;vue,css;express;javascript;node;react,7,3,master,bachelor,80.0,100.0,100.0,87.31,88.83,1,3,Strong,train,,,
P002862,R00715,J00183,backend,devops,"Summary: Motivated engineer with 7 years of experience across full project lifecycles.
Technical Skills: aws, django, docker, flask, linux, mongodb, python, spring, sql.
Experience: Worked for 7 years as a software engineer delivering production systems.
Education: M.Tech in Software Engineering.
","Job Title: DevOps Engineer
Requirements: Strong background in azure, docker, kubernetes, python.
Experience: Minimum 5 years of relevant experience required.
Education: Master's degree in Computer Science or related field required.
",aws;django;docker;flask;linux;mongodb;python;spring;sql,azure;docker;kubernetes;python,7,5,master,master,50.0,100.0,100.0,78.08,74.52,1,2,Good,val,,,
P003187,R00796,J00191,frontend,frontend,"Summary: Motivated engineer with 6 years of experience across full project lifecycles.
Technical Skills: angular, css, express, github, html, node, react, sql, typescript, vue.
Experience: Worked for 6 years as a software engineer delivering production systems.
Education: M.Tech in Software Engineering.
","Job Title: Frontend Developer
Requirements: Strong background in angular, node, typescript, vue.
Experience: Minimum 4 years of relevant experience required.
Education: Relevant practical experience valued; no strict degree requirement.
",angular;css;express;github;html;node;react;sql;typescript;vue,angular;node;typescript;vue,6,4,master,none,100.0,100.0,100.0,100.0,100.0,1,3,Strong,val,,,
P001718,R00429,J00042,fullstack,data_ml,"Summary: Software engineer with 4 years of experience building scalable applications.
Technical Skills: aws, docker, express, javascript, mongodb, python, react.
Experience: Worked for 4 years as a software engineer delivering production systems.
Education: Bachelor of Science in Information Technology.
","Job Title: ML Engineer
Requirements: Strong background in git, numpy, python, scikit-learn.
Experience: Minimum 2 years of relevant experience required.
Education: Relevant practical experience valued; no strict degree requirement.
",aws;docker;express;javascript;mongodb;python;react,git;numpy;python;scikit-learn,4,2,bachelor,none,25.0,100.0,100.0,47.46,56.87,0,1,Average,train,,,
P002442,R00610,J00187,backend,data_ml,"Summary: Motivated engineer with 7 years of experience across full project lifecycles.
Technical Skills: django, flask, git, linux, python, sql.
Experience: 7 years of professional experience including design, testing and deployment.
Education: Master of Science in Data Science.
","Job Title: ML Engineer
Requirements: Strong background in deep learning, git, mysql, pandas, python, scikit-learn, sql.
Experience: Minimum 2 years of relevant experience required.
Education: Relevant practical experience valued; no strict degree requirement.
",django;flask;git;linux;python;sql,deep learning;git;mysql;pandas;python;scikit-learn;sql,7,2,master,none,42.86,100.0,100.0,60.55,67.28,1,1,Average,test,,,
P000887,R00221,J00194,frontend,fullstack,"Summary: Software engineer with 4 years of experience building scalable applications.
Technical Skills: angular, css, express, git, html, javascript, react, sql, typescript.
Experience: Worked for 4 years as a software engineer delivering production systems.
Education: Bachelor of Science in Information Technology.
","Job Title: Full Stack Developer
Requirements: Strong background in aws, javascript, node, react, typescript.
Experience: Minimum 4 years of relevant experience required.
Education: Master's degree in Computer Science or related field required.
",angular;css;express;git;html;javascript;react;sql;typescript,aws;javascript;node;react;typescript,4,4,bachelor,master,60.0,100.0,0.0,67.02,60.76,1,1,Average,train,,,
P002743,R00685,J00078,backend,devops,"Summary: Software engineer with 5 years of experience building scalable applications.
Technical Skills: aws, docker, java, linux, mongodb, mysql, spring boot, sql.
Experience: Worked for 5 years as a software engineer delivering production systems.
Education: BCA in Computer Applications.
","Job Title: DevOps Engineer
Requirements: Strong background in azure, git, kubernetes, linux, python.
Experience: Minimum 4 years of relevant experience required.
Education: Bachelor's degree in Computer Science or related field required.
",aws;docker;java;linux;mongodb;mysql;spring boot;sql,azure;git;kubernetes;linux;python,5,4,bachelor,bachelor,20.0,100.0,100.0,57.4,57.35,0,1,Average,train,,,
P000693,R00173,J00173,devops,devops,"Summary: Motivated engineer with 1 years of experience across full project lifecycles.
Technical Skills: aws, azure, docker, github, kubernetes, linux, sql.
Experience: Worked for 1 years as a software engineer delivering production systems.
Education: Master of Science in Data Science.
","Job Title: DevOps Engineer
Requirements: Strong background in docker, gcp, git, github, linux, python, sql.
Experience: Minimum 4 years of relevant experience required.
Education: Relevant practical experience valued; no strict degree requirement.
",aws;azure;docker;github;kubernetes;linux;sql,docker;gcp;git;github;linux;python;sql,1,4,master,none,57.14,25.0,100.0,88.0,64.86,1,1,Average,train,,,
P002624,R00656,J00136,frontend,frontend,"Summary: Results-driven developer with 1 years of hands-on industry experience.
Technical Skills: angular, css, express, git, html, javascript, react, typescript, vue.
Experience: Total of 1 years experience in software development and team collaboration.
Education: MCA in Computer Applications.
","Job Title: Frontend Developer
Requirements: Strong background in angular, css, git, github, typescript, vue.
Experience: Minimum 1 years of relevant experience required.
Education: Bachelor's degree in Computer Science or related field required.
",angular;css;express;git;html;javascript;react;typescript;vue,angular;css;git;github;typescript;vue,1,1,master,bachelor,83.33,100.0,100.0,86.44,89.94,1,3,Strong,val,,,
P002019,R00504,J00187,fullstack,data_ml,"Summary: Results-driven developer with 2 years of hands-on industry experience.
Technical Skills: aws, express, git, mongodb, python, sql, typescript.
Experience: Total of 2 years experience in software development and team collaboration.
Education: Bachelor of Science in Information Technology.
","Job Title: ML Engineer
Requirements: Strong background in deep learning, git, mysql, pandas, python, scikit-learn, sql.
Experience: Minimum 2 years of relevant experience required.
Education: Relevant practical experience valued; no strict degree requirement.
",aws;express;git;mongodb;python;sql;typescript,deep learning;git;mysql;pandas;python;scikit-learn;sql,2,2,bachelor,none,42.86,100.0,100.0,60.32,67.22,1,1,Average,train,,,
P002464,R00616,J00021,frontend,frontend,"Summary: Motivated engineer with 1 years of experience across full project lifecycles.
Technical Skills: angular, css, express, github, javascript, node, react, typescript.
Experience: 1 years of professional experience including design, testing and deployment.
Education: B.Tech in Computer Science.
","Job Title: Frontend Developer
Requirements: Strong background in angular, git, github, html, javascript.
Experience: Minimum 2 years of relevant experience required.
Education: Relevant practical experience valued; no strict degree requirement.
",angular;css;express;github;javascript;node;react;typescript,angular;git;github;html;javascript,1,2,bachelor,none,60.0,50.0,100.0,76.68,68.17,1,1,Average,train,,,
P002928,R00732,J00132,data_ml,data_ml,"Summary: Results-driven developer with 6 years of hands-on industry experience.
Technical Skills: aws, deep learning, machine learning, numpy, postgresql, pytorch, sql.
Experience: Total of 6 years experience in software development and team collaboration.
Education: M.Tech in Software Engineering.
","Job Title: ML Engineer
Requirements: Strong background in aws, deep learning, docker, postgresql.
Experience: Minimum 3 years of relevant experience required.
Education: Relevant practical experience valued; no strict degree requirement.
",aws;deep learning;machine learning;numpy;postgresql;pytorch;sql,aws;deep learning;docker;postgresql,6,3,master,none,75.0,100.0,100.0,84.98,86.24,1,3,Strong,train,,,
P002210,R00552,J00144,data_ml,fullstack,"Summary: Motivated engineer with 6 years of experience across full project lifecycles.
Technical Skills: aws, docker, mysql, python, pytorch, sql, tensorflow.
Experience: 6 years of professional experience including design, testing and deployment.
Education: MCA in Computer Applications.
","Job Title: Full Stack Developer
Requirements: Strong background in aws, javascript, mongodb, python, react.
Experience: Minimum 5 years of relevant experience required.
Education: Bachelor's degree in Computer Science or related field required.
",aws;docker;mysql;python;pytorch;sql;tensorflow,aws;javascript;mongodb;python;react,6,5,master,bachelor,40.0,100.0,100.0,62.9,66.73,1,1,Average,train,,,
P001706,R00426,J00081,frontend,frontend,"Summary: Results-driven developer with 6 years of hands-on industry experience.
Technical Skills: angular, express, git, javascript, typescript.
Experience: 6 years of professional experience including design, testing and deployment.
Education: MCA in Computer Applications.
","Job Title: Frontend Developer
Requirements: Strong background in angular, express, github, html, javascript, vue.
Experience: Minimum 2 years of relevant experience required.
Education: Bachelor's degree in Computer Science or related field required.
",angular;express;git;javascript;typescript,angular;express;github;html;javascript;vue,6,2,master,bachelor,50.0,100.0,100.0,74.03,73.51,1,2,Good,train,,,
P000479,R00119,J00002,fullstack,data_ml,"Summary: Motivated engineer with 5 years of experience across full project lifecycles.
Technical Skills: aws, docker, express, git, linux, node, python, sql.
Experience: 5 years of professional experience including design, testing and deployment.
Education: PhD in Machine Learning.
","Job Title: ML Engineer
Requirements: Strong background in deep learning, mysql, pytorch, sql, tensorflow.
Experience: Minimum 4 years of relevant experience required.
Education: Bachelor's degree in Computer Science or related field required.
",aws;docker;express;git;linux;node;python;sql,deep learning;mysql;pytorch;sql;tensorflow,5,4,phd,bachelor,20.0,100.0,100.0,46.4,54.6,0,1,Average,train,,,
P001437,R00359,J00099,fullstack,fullstack,"Summary: Results-driven developer with 5 years of hands-on industry experience.
Technical Skills: aws, express, javascript, mongodb, node, python, react, typescript.
Experience: 5 years of professional experience including design, testing and deployment.
Education: Bachelor of Science in Information Technology.
","Job Title: Full Stack Developer
Requirements: Strong background in docker, express, git, javascript, node, react.
Experience: Minimum 2 years of relevant experience required.
Education: Bachelor's degree in Computer Science or related field required.
",aws;express;javascript;mongodb;node;python;react;typescript,docker;express;git;javascript;node;react,5,2,bachelor,bachelor,66.67,100.0,100.0,80.3,81.74,1,2,Good,train,,,
P000052,R00013,J00123,devops,devops,"Summary: Results-driven developer with 5 years of hands-on industry experience.
Technical Skills: aws, git, github, kubernetes, linux, python, sql.
Experience: Worked for 5 years as a software engineer delivering production systems.
Education: Master of Science in Data Science.
","Job Title: DevOps Engineer
Requirements: Strong background in aws, docker, gcp, git, kubernetes, linux, python.
Experience: Minimum 4 years of relevant experience required.
Education: Master's degree in Computer Science or related field required.
",aws;git;github;kubernetes;linux;python;sql,aws;docker;gcp;git;kubernetes;linux;python,5,4,master,master,71.43,100.0,100.0,77.44,82.93,1,2,Good,train,,,
P000240,R00060,J00160,backend,backend,"Summary: Motivated engineer with 1 years of experience across full project lifecycles.
Technical Skills: aws, docker, git, java, mongodb, postgresql, python, spring, spring boot.
Experience: Worked for 1 years as a software engineer delivering production systems.
Education: M.Tech in Software Engineering.
","Job Title: Backend Developer
Requirements: Strong background in aws, django, flask, git, python, spring, sql.
Experience: Minimum 3 years of relevant experience required.
Education: PhD or doctorate preferred.
",aws;docker;git;java;mongodb;postgresql;python;spring;spring boot,aws;django;flask;git;python;spring;sql,1,3,master,phd,57.14,33.33,0.0,76.35,48.61,0,0,Weak,test,,,
P002649,R00662,J00077,data_ml,data_ml,"Summary: Results-driven developer with 1 years of hands-on industry experience.
Technical Skills: deep learning, linux, pandas, postgresql, pytorch, scikit-learn.
Experience: Total of 1 years experience in software development and team collaboration.
Education: Bachelor of Science in Information Technology.
","Job Title: ML Engineer
Requirements: Strong background in aws, docker, numpy, pandas, scikit-learn.
Experience: Minimum 1 years of relevant experience required.
Education: Relevant practical experience valued; no strict degree requirement.
",deep learning;linux;pandas;postgresql;pytorch;scikit-learn,aws;docker;numpy;pandas;scikit-learn,1,1,bachelor,none,40.0,100.0,100.0,72.67,69.17,1,1,Average,test,,,
P000051,R00012,J00180,data_ml,backend,"Summary: Results-driven developer with 5 years of hands-on industry experience.
Technical Skills: aws, deep learning, docker, git, pandas, postgresql, python, scikit-learn, sql, tensorflow.
Experience: Worked for 5 years as a software engineer delivering production systems.
Education: Bachelor of Science in Information Technology.
","Job Title: Backend Developer
Requirements: Strong background in aws, django, git, java, mysql.
Experience: Minimum 2 years of relevant experience required.
Education: Bachelor's degree in Computer Science or related field required.
",aws;deep learning;docker;git;pandas;postgresql;python;scikit-learn;sql;tensorflow,aws;django;git;java;mysql,5,2,bachelor,bachelor,40.0,100.0,100.0,68.92,68.23,1,1,Average,train,,,
P001963,R00490,J00130,backend,backend,"Summary: Results-driven developer with 4 years of hands-on industry experience.
Technical Skills: aws, docker, fastapi, linux, mongodb, python, sql.
Experience: 4 years of professional experience including design, testing and deployment.
Education: M.Tech in Software Engineering.
","Job Title: Backend Developer
Requirements: Strong background in flask, mysql, spring boot, sql.
Experience: Minimum 4 years of relevant experience required.
Education: Bachelor's degree in Computer Science or related field required.
",aws;docker;fastapi;linux;mongodb;python;sql,flask;mysql;spring boot;sql,4,4,master,bachelor,25.0,100.0,100.0,63.62,60.9,1,1,Average,val,,,
P000063,R00015,J00186,backend,frontend,"Summary: Software engineer with 6 years of experience building scalable applications.
Technical Skills: aws, docker, fastapi, flask, java.
Experience: 6 years of professional experience including design, testing and deployment.
Education: PhD in Machine Learning.
","Job Title: Frontend Developer
Requirements: Strong background in angular, github, javascript, typescript.
Experience: Minimum 3 years of relevant experience required.
Education: Master's degree in Computer Science or related field required.
",aws;docker;fastapi;flask;java,angular;github;javascript;typescript,6,3,phd,master,0.0,100.0,100.0,45.6,46.4,0,0,Weak,train,,,
P002998,R00749,J00107,fullstack,data_ml,"Summary: Results-driven developer with 3 years of hands-on industry experience.
Technical Skills: aws, express, linux, mongodb, python, react, sql.
Experience: Worked for 3 years as a software engineer delivering production systems.
Education: Bachelor of Science in Information Technology.
","Job Title: ML Engineer
Requirements: Strong background in aws, deep learning, docker, git, numpy, pytorch, sql.
Experience: Minimum 3 years of relevant experience required.
Education: Master's degree in Computer Science or related field required.
",aws;express;linux;mongodb;python;react;sql,aws;deep learning;docker;git;numpy;pytorch;sql,3,3,bachelor,master,28.57,100.0,0.0,52.49,44.55,0,0,Weak,train,,,
P000194,R00048,J00168,devops,devops,"Summary: Motivated engineer with 6 years of experience across full project lifecycles.
Technical Skills: azure, docker, gcp, github, linux, sql.
Experience: 6 years of professional experience including design, testing and deployment.
Education: B.Tech in Computer Science.
","Job Title: DevOps Engineer
Requirements: Strong background in azure, git, kubernetes, sql.
Experience: Minimum 1 years of relevant experience required.
Education: Master's degree in Computer Science or related field required.
",azure;docker;gcp;github;linux;sql,azure;git;kubernetes;sql,6,1,bachelor,master,50.0,100.0,0.0,67.5,56.87,0,1,Average,train,,,
P000449,R00112,J00097,data_ml,data_ml,"Summary: Motivated engineer with 2 years of experience across full project lifecycles.
Technical Skills: deep learning, docker, numpy, postgresql, python, pytorch, scikit-learn, sql, tensorflow.
Experience: Worked for 2 years as a software engineer delivering production systems.
Education: Bachelor of Science in Information Technology.
","Job Title: ML Engineer
Requirements: Strong background in aws, git, numpy, python, sql, tensorflow.
Experience: Minimum 1 years of relevant experience required.
Education: Master's degree in Computer Science or related field required.
",deep learning;docker;numpy;postgresql;python;pytorch;scikit-learn;sql;tensorflow,aws;git;numpy;python;sql;tensorflow,2,1,bachelor,master,66.67,100.0,0.0,85.18,67.96,1,1,Average,train,,,
P002440,R00610,J00010,backend,backend,"Summary: Motivated engineer with 7 years of experience across full project lifecycles.
Technical Skills: django, flask, git, linux, python, sql.
Experience: 7 years of professional experience including design, testing and deployment.
Education: Master of Science in Data Science.
","Job Title: Backend Developer
Requirements: Strong background in docker, java, linux, mongodb, spring.
Experience: Minimum 4 years of relevant experience required.
Education: Relevant practical experience valued; no strict degree requirement.
",django;flask;git;linux;python;sql,docker;java;linux;mongodb;spring,7,4,master,none,20.0,100.0,100.0,56.72,57.18,0,1,Average,test,,,
P001467,R00366,J00176,frontend,frontend,"Summary: Motivated engineer with 3 years of experience across full project lifecycles.
Technical Skills: angular, express, git, html, vue.
Experience: Total of 3 years experience in software development and team collaboration.
Education: M.Tech in Software Engineering.
","Job Title: Frontend Developer
Requirements: Strong background in express, git, html, node, react, typescript, vue.
Experience: Minimum 3 years of relevant experience required.
Education: Bachelor's degree in Computer Science or related field required.
",angular;express;git;html;vue,express;git;html;node;react;typescript;vue,3,3,master,bachelor,57.14,100.0,100.0,84.27,78.92,1,2,Good,train,,,
P001344,R00336,J00016,frontend,frontend,"Summary: Results-driven developer with 3 years of hands-on industry experience.
Technical Skills: css, github, html, linux, node, vue.
Experience: 3 years of professional experience including design, testing and deployment.
Education: Bachelor of Science in Information Technology.
","Job Title: Frontend Developer
Requirements: Strong background in css, github, node, react, typescript, vue.
Experience: Minimum 2 years of relevant experience required.
Education: Master's degree in Computer Science or related field required.
",css;github;html;linux;node;vue,css;github;node;react;typescript;vue,3,2,bachelor,master,66.67,100.0,0.0,82.18,67.21,1,1,Average,test,,,
P000239,R00059,J00137,fullstack,data_ml,"Summary: Results-driven developer with 3 years of hands-on industry experience.
Technical Skills: aws, docker, git, mongodb, node, python, react, sql.
Experience: Worked for 3 years as a software engineer delivering production systems.
Education: Bachelor of Science in Information Technology.
","Job Title: ML Engineer
Requirements: Strong background in deep learning, python, pytorch, sql, tensorflow.
Experience: Minimum 3 years of relevant experience required.
Education: Bachelor's degree in Computer Science or related field required.
",aws;docker;git;mongodb;node;python;react;sql,deep learning;python;pytorch;sql;tensorflow,3,3,bachelor,bachelor,40.0,100.0,100.0,55.73,64.93,1,1,Average,train,,,
P001660,R00415,J00160,backend,backend,"Summary: Software engineer with 3 years of experience building scalable applications.
Technical Skills: flask, git, linux, mongodb, mysql, python, spring, sql.
Experience: Total of 3 years experience in software development and team collaboration.
Education: PhD in Machine Learning.
","Job Title: Backend Developer
Requirements: Strong background in aws, django, flask, git, python, spring, sql.
Experience: Minimum 3 years of relevant experience required.
Education: PhD or doctorate preferred.
",flask;git;linux;mongodb;mysql;python;spring;sql,aws;django;flask;git;python;spring;sql,3,3,phd,phd,71.43,100.0,100.0,78.81,83.27,1,2,Good,train,,,
P000120,R00030,J00150,backend,backend,"Summary: Results-driven developer with 5 years of hands-on industry experience.
Technical Skills: aws, fastapi, git, java, mysql, postgresql, spring, spring boot.
Experience: Worked for 5 years as a software engineer delivering production systems.
Education: MCA in Computer Applications.
","Job Title: Backend Developer
Requirements: Strong background in docker, fastapi, linux, mongodb, mysql, python, sql.
Experience: Minimum 4 years of relevant experience required.
Education: PhD or doctorate preferred.
",aws;fastapi;git;java;mysql;postgresql;spring;spring boot,docker;fastapi;linux;mongodb;mysql;python;sql,5,4,master,phd,28.57,100.0,0.0,64.09,47.45,0,0,Weak,val,,,
P002166,R00541,J00072,frontend,data_ml,"Summary: Results-driven developer with 8 years of hands-on industry experience.
Technical Skills: express, git, github, javascript, linux, node, sql, typescript.
Experience: Total of 8 years experience in software development and team collaboration.
Education: B.Tech in Computer Science.
","Job Title: ML Engineer
Requirements: Strong background in aws, machine learning, numpy, python, sql.
Experience: Minimum 2 years of relevant experience required.
Education: Bachelor's degree in Computer Science or related field required.
",express;git;github;javascript;linux;node;sql;typescript,aws;machine learning;numpy;python;sql,8,2,bachelor,bachelor,20.0,100.0,100.0,51.54,55.88,0,1,Average,train,,,
P000324,R00081,J00031,frontend,frontend,"Summary: Recent graduate seeking entry-level opportunity with strong project work.
Technical Skills: css, git, github, html, javascript, linux, node, react, sql, typescript, vue.
Experience: Academic projects and internships covering design and implementation.
Education: Master of Science in Data Science.
","Job Title: Frontend Developer
Requirements: Strong background in express, github, javascript, node, react.
Experience: Minimum 3 years of relevant experience required.
Education: Bachelor's degree in Computer Science or related field required.
",css;git;github;html;javascript;linux;node;react;sql;typescript;vue,express;github;javascript;node;react,0,3,master,bachelor,80.0,0.0,100.0,85.44,68.36,1,1,Average,val,,,
P000962,R00240,J00182,backend,data_ml,"Summary: Results-driven developer with 7 years of hands-on industry experience.
Technical Skills: aws, django, git, java, linux, mongodb, mysql, postgresql, spring boot, sql.
Experience: 7 years of professional experience including design, testing and deployment.
Education: MCA in Computer Applications.
","Job Title: ML Engineer
Requirements: Strong background in aws, docker, python, scikit-learn.
Experience: Minimum 3 years of relevant experience required.
Education: Relevant practical experience valued; no strict degree requirement.
",aws;django;git;java;linux;mongodb;mysql;postgresql;spring boot;sql,aws;docker;python;scikit-learn,7,3,master,none,25.0,100.0,100.0,57.06,59.27,0,1,Average,train,,,
P000298,R00074,J00031,fullstack,frontend,"Summary: Motivated engineer with 1 years of experience across full project lifecycles.
Technical Skills: aws, docker, express, git, javascript, mongodb, node, react, typescript.
Experience: Total of 1 years experience in software development and team collaboration.
Education: MCA in Computer Applications.
","Job Title: Frontend Developer
Requirements: Strong background in express, github, javascript, node, react.
Experience: Minimum 3 years of relevant experience required.
Education: Bachelor's degree in Computer Science or related field required.
",aws;docker;express;git;javascript;mongodb;node;react;typescript,express;github;javascript;node;react,1,3,master,bachelor,80.0,33.33,100.0,83.01,74.42,1,2,Good,train,,,
P000070,R00017,J00100,data_ml,backend,"Summary: Motivated engineer with 3 years of experience across full project lifecycles.
Technical Skills: deep learning, git, machine learning, numpy, postgresql, python, sql, tensorflow.
Experience: Worked for 3 years as a software engineer delivering production systems.
Education: Bachelor of Science in Information Technology.
","Job Title: Backend Developer
Requirements: Strong background in django, git, linux, python, spring, spring boot.
Experience: Minimum 2 years of relevant experience required.
Education: Master's degree in Computer Science or related field required.
",deep learning;git;machine learning;numpy;postgresql;python;sql;tensorflow,django;git;linux;python;spring;spring boot,3,2,bachelor,master,33.33,100.0,0.0,55.58,47.23,0,0,Weak,train,,,
P001133,R00283,J00138,devops,devops,"Summary: Results-driven developer with 5 years of hands-on industry experience.
Technical Skills: azure, git, github, kubernetes, linux, python.
Experience: Total of 5 years experience in software development and team collaboration.
Education: Master of Science in Data Science.
","Job Title: DevOps Engineer
Requirements: Strong background in azure, docker, git, python, sql.
Experience: Minimum 4 years of relevant experience required.
Education: Bachelor's degree in Computer Science or related field required.
",azure;git;github;kubernetes;linux;python,azure;docker;git;python;sql,5,4,master,bachelor,60.0,100.0,100.0,74.95,77.74,1,2,Good,train,,,
P000676,R00169,J00194,fullstack,fullstack,"Summary: Software engineer with 1 years of experience building scalable applications.
Technical Skills: express, git, javascript, node, python, react, sql, typescript.
Experience: 1 years of professional experience including design, testing and deployment.
Education: Bachelor of Science in Information Technology.
","Job Title: Full Stack Developer
Requirements: Strong background in aws, javascript, node, react, typescript.
Experience: Minimum 4 years of relevant experience required.
Education: Master's degree in Computer Science or related field required.
",express;git;javascript;node;python;react;sql;typescript,aws;javascript;node;react;typescript,1,4,bachelor,master,80.0,25.0,0.0,86.15,58.54,0,1,Average,train,,,
P001138,R00284,J00019,fullstack,fullstack,"Summary: Software engineer with 1 years of experience building scalable applications.
Technical Skills: aws, docker, git, javascript, mongodb, react, sql.
Experience: 1 years of professional experience including design, testing and deployment.
Education: BCA in Computer Applications.
","Job Title: Full Stack Developer
Requirements: Strong background in docker, express, react, typescript.
Experience: Minimum 1 years of relevant experience required.
Education: Bachelor's degree in Computer Science or related field required.
",aws;docker;git;javascript;mongodb;react;sql,docker;express;react;typescript,1,1,bachelor,bachelor,50.0,100.0,100.0,70.81,72.7,1,2,Good,train,,,
P001780,R00445,J00010,backend,backend,"Summary: Software engineer with 2 years of experience building scalable applications.
Technical Skills: aws, docker, flask, git, linux, mongodb, python, spring.
Experience: Worked for 2 years as a software engineer delivering production systems.
Education: PhD in Machine Learning.
","Job Title: Backend Developer
Requirements: Strong background in docker, java, linux, mongodb, spring.
Experience: Minimum 4 years of relevant experience required.
Education: Relevant practical experience valued; no strict degree requirement.
",aws;docker;flask;git;linux;mongodb;python;spring,docker;java;linux;mongodb;spring,2,4,phd,none,80.0,50.0,100.0,87.24,78.81,1,2,Good,train,,,
P000270,R00067,J00116,data_ml,frontend,"Summary: Software engineer with 4 years of experience building scalable applications.
Technical Skills: aws, linux, machine learning, mysql, numpy, postgresql, python, pytorch, tensorflow.
Experience: Total of 4 years experience in software development and team collaboration.
Education: PhD in Machine Learning.
","Job Title: Frontend Developer
Requirements: Strong background in css, express, javascript, node, react.
Experience: Minimum 3 years of relevant experience required.
Education: Bachelor's degree in Computer Science or related field required.
",aws;linux;machine learning;mysql;numpy;postgresql;python;pytorch;tensorflow,css;express;javascript;node;react,4,3,phd,bachelor,0.0,100.0,100.0,35.12,43.78,0,0,Weak,test,,,
P000178,R00044,J00103,fullstack,devops,"Summary: Software engineer with 3 years of experience building scalable applications.
Technical Skills: aws, docker, express, mongodb, node, python, react, sql, typescript.
Experience: Worked for 3 years as a software engineer delivering production systems.
Education: MCA in Computer Applications.
","Job Title: DevOps Engineer
Requirements: Strong background in aws, azure, docker, gcp, git, github, python.
Experience: Minimum 2 years of relevant experience required.
Education: Bachelor's degree in Computer Science or related field required.
",aws;docker;express;mongodb;node;python;react;sql;typescript,aws;azure;docker;gcp;git;github;python,3,2,master,bachelor,42.86,100.0,100.0,57.71,66.57,1,1,Average,test,,,
P002334,R00583,J00047,devops,data_ml,"Summary: Results-driven developer with 6 years of hands-on industry experience.
Technical Skills: azure, docker, git, github, kubernetes, linux, sql.
Experience: Worked for 6 years as a software engineer delivering production systems.
Education: MCA in Computer Applications.
","Job Title: ML Engineer
Requirements: Strong background in docker, git, mysql, pandas, sql.
Experience: Minimum 2 years of relevant experience required.
Education: Bachelor's degree in Computer Science or related field required.
",azure;docker;git;github;kubernetes;linux;sql,docker;git;mysql;pandas;sql,6,2,master,bachelor,60.0,100.0,100.0,75.13,77.78,1,2,Good,train,,,
P000864,R00216,J00121,frontend,frontend,"Summary: Motivated engineer with 6 years of experience across full project lifecycles.
Technical Skills: angular, css, express, git, html, javascript, node, typescript, vue.
Experience: Worked for 6 years as a software engineer delivering production systems.
Education: M.Tech in Software Engineering.
","Job Title: Frontend Developer
Requirements: Strong background in css, express, html, react.
Experience: Minimum 2 years of relevant experience required.
Education: Relevant practical experience valued; no strict degree requirement.
",angular;css;express;git;html;javascript;node;typescript;vue,css;express;html;react,6,2,master,none,75.0,100.0,100.0,81.1,85.28,1,3,Strong,train,,,
P002921,R00730,J00020,backend,backend,"Summary: Motivated engineer with 2 years of experience across full project lifecycles.
Technical Skills: aws, docker, flask, git, mongodb, mysql, sql.
Experience: 2 years of professional experience including design, testing and deployment.
Education: BCA in Computer Applications.
","Job Title: Backend Developer
Requirements: Strong background in aws, git, java, mysql, sql.
Experience: Minimum 1 years of relevant experience required.
Education: Master's degree in Computer Science or related field required.
",aws;docker;flask;git;mongodb;mysql;sql,aws;git;java;mysql;sql,2,1,bachelor,master,80.0,100.0,0.0,77.84,71.46,1,2,Good,test,,,
P001317,R00329,J00064,fullstack,fullstack,"Summary: Results-driven developer with 5 years of hands-on industry experience.
Technical Skills: aws, docker, express, git, javascript, mongodb, node, typescript.
Experience: 5 years of professional experience including design, testing and deployment.
Education: BCA in Computer Applications.
","Job Title: Full Stack Developer
Requirements: Strong background in aws, javascript, node, typescript.
Experience: Minimum 3 years of relevant experience required.
Education: Master's degree in Computer Science or related field required.
",aws;docker;express;git;javascript;mongodb;node;typescript,aws;javascript;node;typescript,5,3,bachelor,master,100.0,100.0,0.0,100.0,85.0,1,3,Strong,test,,,
P000291,R00072,J00111,data_ml,frontend,"Summary: Recent graduate seeking entry-level opportunity with strong project work.
Technical Skills: deep learning, git, numpy, pandas, sql, tensorflow.
Experience: Academic projects and internships covering design and implementation.
Education: M.Tech in Software Engineering.
","Job Title: Frontend Developer
Requirements: Strong background in express, github, html, javascript, node, typescript.
Experience: Minimum 5 years of relevant experience required.
Education: Master's degree in Computer Science or related field required.
",deep learning;git;numpy;pandas;sql;tensorflow,express;github;html;javascript;node;typescript,0,5,master,master,0.0,0.0,100.0,45.09,26.27,0,0,Weak,test,,,
P001271,R00317,J00174,data_ml,fullstack,"Summary: Software engineer with 3 years of experience building scalable applications.
Technical Skills: aws, deep learning, docker, git, machine learning, numpy, python, sql.
Experience: Worked for 3 years as a software engineer delivering production systems.
Education: BCA in Computer Applications.
","Job Title: Full Stack Developer
Requirements: Strong background in aws, express, node, python, react, sql.
Experience: Minimum 5 years of relevant experience required.
Education: Bachelor's degree in Computer Science or related field required.
",aws;deep learning;docker;git;machine learning;numpy;python;sql,aws;express;node;python;react;sql,3,5,bachelor,bachelor,50.0,60.0,100.0,61.06,62.26,1,1,Average,train,,,
P002979,R00744,J00066,fullstack,frontend,"Summary: Motivated engineer with 1 years of experience across full project lifecycles.
Technical Skills: docker, express, javascript, mongodb, node, react, sql, typescript.
Experience: 1 years of professional experience including design, testing and deployment.
Education: Master of Science in Data Science.
","Job Title: Frontend Developer
Requirements: Strong background in css, express, github, html, javascript, node, typescript.
Experience: Minimum 1 years of relevant experience required.
Education: Master's degree in Computer Science or related field required.
",docker;express;javascript;mongodb;node;react;sql;typescript,css;express;github;html;javascript;node;typescript,1,1,master,master,57.14,100.0,100.0,67.57,74.75,1,2,Good,val,,,
P001993,R00498,J00018,devops,devops,"Summary: Results-driven developer with 3 years of hands-on industry experience.
Technical Skills: aws, azure, gcp, github, kubernetes, linux, python.
Experience: Worked for 3 years as a software engineer delivering production systems.
Education: M.Tech in Software Engineering.
","Job Title: DevOps Engineer
Requirements: Strong background in aws, azure, docker, git, linux.
Experience: Minimum 3 years of relevant experience required.
Education: Bachelor's degree in Computer Science or related field required.
",aws;azure;gcp;github;kubernetes;linux;python,aws;azure;docker;git;linux,3,3,master,bachelor,60.0,100.0,100.0,74.78,77.69,1,2,Good,train,,,
P001800,R00450,J00040,backend,backend,"Summary: Software engineer with 2 years of experience building scalable applications.
Technical Skills: docker, flask, java, linux, mysql, postgresql, python, spring, spring boot, sql.
Experience: Worked for 2 years as a software engineer delivering production systems.
Education: M.Tech in Software Engineering.
","Job Title: Backend Developer
Requirements: Strong background in django, docker, git, java, mongodb, spring, spring boot.
Experience: Minimum 4 years of relevant experience required.
Education: Bachelor's degree in Computer Science or related field required.
",docker;flask;java;linux;mysql;postgresql;python;spring;spring boot;sql,django;docker;git;java;mongodb;spring;spring boot,2,4,master,bachelor,57.14,50.0,100.0,76.37,66.95,1,1,Average,test,,,
P001003,R00250,J00136,backend,frontend,"Summary: Motivated engineer with 1 years of experience across full project lifecycles.
Technical Skills: django, docker, git, java, mongodb, mysql, spring boot, sql.
Experience: 1 years of professional experience including design, testing and deployment.
Education: B.Tech in Computer Science.
","Job Title: Frontend Developer
Requirements: Strong background in angular, css, git, github, typescript, vue.
Experience: Minimum 1 years of relevant experience required.
Education: Bachelor's degree in Computer Science or related field required.
",django;docker;git;java;mongodb;mysql;spring boot;sql,angular;css;git;github;typescript;vue,1,1,bachelor,bachelor,16.67,100.0,100.0,50.25,54.23,0,1,Average,test,,,
P002813,R00703,J00148,devops,devops,"Summary: Results-driven developer with 4 years of hands-on industry experience.
Technical Skills: aws, azure, gcp, git, github, kubernetes, linux, python, sql.
Experience: Worked for 4 years as a software engineer delivering production systems.
Education: Bachelor of Science in Information Technology.
","Job Title: DevOps Engineer
Requirements: Strong background in aws, docker, kubernetes, python, sql.
Experience: Minimum 2 years of relevant experience required.
Education: Master's degree in Computer Science or related field required.
",aws;azure;gcp;git;github;kubernetes;linux;python;sql,aws;docker;kubernetes;python;sql,4,2,bachelor,master,80.0,100.0,0.0,85.02,73.25,1,2,Good,train,,,
P000457,R00114,J00129,fullstack,fullstack,"Summary: Software engineer with 3 years of experience building scalable applications.
Technical Skills: aws, docker, express, git, javascript, mongodb, python, react, typescript.
Experience: Worked for 3 years as a software engineer delivering production systems.
Education: PhD in Machine Learning.
","Job Title: Full Stack Developer
Requirements: Strong background in docker, javascript, python, react, sql, typescript.
Experience: Minimum 1 years of relevant experience required.
Education: PhD or doctorate preferred.
",aws;docker;express;git;javascript;mongodb;python;react;typescript,docker;javascript;python;react;sql;typescript,3,1,phd,phd,83.33,100.0,100.0,93.4,91.68,1,3,Strong,train,,,
P000527,R00131,J00170,frontend,backend,"Summary: Software engineer with 6 years of experience building scalable applications.
Technical Skills: angular, css, git, github, javascript, linux, react, typescript.
Experience: Total of 6 years experience in software development and team collaboration.
Education: Master of Science in Data Science.
","Job Title: Backend Developer
Requirements: Strong background in aws, linux, mysql, postgresql, spring, spring boot, sql.
Experience: Minimum 1 years of relevant experience required.
Education: Bachelor's degree in Computer Science or related field required.
",angular;css;git;github;javascript;linux;react;typescript,aws;linux;mysql;postgresql;spring;spring boot;sql,6,1,master,bachelor,14.29,100.0,100.0,47.94,52.7,0,1,Average,val,,,
P001948,R00487,J00152,data_ml,data_ml,"Summary: Recent graduate seeking entry-level opportunity with strong project work.
Technical Skills: aws, docker, git, numpy, pandas, pytorch, sql.
Experience: Academic projects and internships covering design and implementation.
Education: BCA in Computer Applications.
","Job Title: ML Engineer
Requirements: Strong background in deep learning, docker, numpy, postgresql, python.
Experience: Minimum 2 years of relevant experience required.
Education: PhD or doctorate preferred.
",aws;docker;git;numpy;pandas;pytorch;sql,deep learning;docker;numpy;postgresql;python,0,2,bachelor,phd,40.0,0.0,0.0,63.96,31.99,0,0,Weak,train,,,
P002606,R00651,J00077,frontend,data_ml,"Summary: Software engineer with 2 years of experience building scalable applications.
Technical Skills: angular, css, express, git, github, javascript, node, vue.
Experience: 2 years of professional experience including design, testing and deployment.
Education: M.Tech in Software Engineering.
","Job Title: ML Engineer
Requirements: Strong background in aws, docker, numpy, pandas, scikit-learn.
Experience: Minimum 1 years of relevant experience required.
Education: Relevant practical experience valued; no strict degree requirement.
",angular;css;express;git;github;javascript;node;vue,aws;docker;numpy;pandas;scikit-learn,2,1,master,none,0.0,100.0,100.0,36.02,44.01,0,0,Weak,train,,,
P002754,R00688,J00055,devops,backend,"Summary: Results-driven developer with 3 years of hands-on industry experience.
Technical Skills: aws, azure, docker, kubernetes, python, sql.
Experience: Worked for 3 years as a software engineer delivering production systems.
Education: MCA in Computer Applications.
","Job Title: Backend Developer
Requirements: Strong background in aws, flask, java, linux, python, spring boot.
Experience: Minimum 4 years of relevant experience required.
Education: Master's degree in Computer Science or related field required.
",aws;azure;docker;kubernetes;python;sql,aws;flask;java;linux;python;spring boot,3,4,master,master,33.33,75.0,100.0,53.43,56.69,0,1,Average,val,,,
P000926,R00231,J00043,frontend,devops,"Summary: Motivated engineer with 1 years of experience across full project lifecycles.
Technical Skills: angular, css, express, github, html, linux, vue.
Experience: 1 years of professional experience including design, testing and deployment.
Education: PhD in Machine Learning.
","Job Title: DevOps Engineer
Requirements: Strong background in azure, gcp, git, kubernetes, linux, python.
Experience: Minimum 1 years of relevant experience required.
Education: Bachelor's degree in Computer Science or related field required.
",angular;css;express;github;html;linux;vue,azure;gcp;git;kubernetes;linux;python,1,1,phd,bachelor,16.67,100.0,100.0,51.12,54.45,0,1,Average,test,,,
P002195,R00548,J00074,devops,fullstack,"Summary: Motivated engineer with 2 years of experience across full project lifecycles.
Technical Skills: azure, gcp, kubernetes, python, sql.
Experience: Worked for 2 years as a software engineer delivering production systems.
Education: BCA in Computer Applications.
","Job Title: Full Stack Developer
Requirements: Strong background in aws, docker, javascript, node, react, sql.
Experience: Minimum 1 years of relevant experience required.
Education: Bachelor's degree in Computer Science or related field required.
",azure;gcp;kubernetes;python;sql,aws;docker;javascript;node;react;sql,2,1,bachelor,bachelor,16.67,100.0,100.0,47.32,53.5,0,1,Average,train,,,
P000678,R00169,J00010,fullstack,backend,"Summary: Software engineer with 1 years of experience building scalable applications.
Technical Skills: express, git, javascript, node, python, react, sql, typescript.
Experience: 1 years of professional experience including design, testing and deployment.
Education: Bachelor of Science in Information Technology.
","Job Title: Backend Developer
Requirements: Strong background in docker, java, linux, mongodb, spring.
Experience: Minimum 4 years of relevant experience required.
Education: Relevant practical experience valued; no strict degree requirement.
",express;git;javascript;node;python;react;sql;typescript,docker;java;linux;mongodb;spring,1,4,bachelor,none,0.0,25.0,100.0,36.03,29.01,0,0,Weak,train,,,
